mileage,make,model,fuel,gear,offerType,price,hp,year,price_log,car_age,pred,residual,abs_error
235000,Opel,Astra,Diesel,Manual,Used,4900,"165,0",2014,"8,496990484098719",8,"8,710480979958357","-0,21349049585963797","0,21349049585963797"
42500,Volkswagen,Polo,Gasoline,Manual,Used,11990,"90,0",2017,"9,39182824802156",5,"9,204607360672936","0,18722088734862297","0,18722088734862297"
106000,Renault,Kangoo,Diesel,Manual,Used,7400,"90,0",2016,"8,909235279192261",6,"9,039833810989549","-0,13059853179728798","0,13059853179728798"
55315,Volkswagen,Golf,Gasoline,Manual,Used,11290,"140,0",2013,"9,331672657143708",9,"9,222530551254446","0,1091421058892621","0,1091421058892621"
196500,Ford,Focus,Diesel,Manual,Used,5990,"116,0",2012,"8,697846691109495",10,"8,632880909124795","0,06496578198470004","0,06496578198470004"
12,Opel,Corsa,Gasoline,Manual,Pre-registered,19980,"101,0",2021,"9,902487052202545",1,"9,775403442058973","0,12708361014357195","0,12708361014357195"
82260,Opel,Astra,Diesel,Manual,Used,8490,"131,0",2013,"9,046644279305394",9,"9,102114110277673","-0,055469830972279865","0,055469830972279865"
69900,Opel,Corsa,Gasoline,Manual,Used,5999,"87,0",2014,"8,699348067653093",8,"8,83984008523167","-0,14049201757857688","0,14049201757857688"
160000,Volkswagen,Passat Variant,Diesel,Automatic,Used,13000,"170,0",2012,"9,472704636443673",10,"9,254767209213526","0,2179374272301473","0,2179374272301473"
97600,Opel,Astra,Gasoline,Manual,Used,8740,"140,0",2015,"9,07566546864958",7,"9,247529121036559","-0,17186365238697832","0,17186365238697832"
149000,Ford,Tourneo Connect,Diesel,Manual,Used,9990,"116,0",2014,"9,2093398716426",8,"8,882659355989736","0,32668051565286405","0,32668051565286405"
126674,Volkswagen,Sharan,Diesel,Manual,Used,14390,"140,0",2012,"9,574288799881414",10,"9,156085487063313","0,4182033128181004","0,4182033128181004"
50500,Skoda,Rapid/Spaceback,Gasoline,Manual,Used,9990,"105,0",2015,"9,2093398716426",7,"9,299751870548322","-0,09041199890572216","0,09041199890572216"
70950,Opel,Corsa,Gasoline,Manual,Used,7950,"90,0",2015,"8,980927207648378",7,"8,988837268885835","-0,007910061237456745","0,007910061237456745"
62500,Opel,Corsa,Gasoline,Manual,Used,10999,"150,0",2017,"9,305559638557117",5,"9,713269229068779","-0,40770959051166145","0,40770959051166145"
40000,Opel,Corsa,Gasoline,Manual,Used,6900,"87,0",2013,"8,83927669058535",9,"8,833868789894503","0,0054079006908480665","0,0054079006908480665"
54119,Volkswagen,Golf Variant,Diesel,Manual,Used,13855,"116,0",2017,"9,536401457297078",5,"9,549243255021205","-0,012841797724126636","0,012841797724126636"
63765,Volkswagen,Golf Plus,Gasoline,Manual,Used,6250,"86,0",2011,"8,740336742730447",11,"8,79646318234384","-0,056126439613393586","0,056126439613393586"
40000,Opel,Astra,Gasoline,Automatic,Used,7100,"116,0",2012,"8,867850063029406",10,"9,070103109306599","-0,20225304627719254","0,20225304627719254"
50580,Ford,Fiesta,Gasoline,Manual,Used,8980,"86,0",2018,"9,102755161296246",4,"9,292330068186832","-0,1895749068905861","0,1895749068905861"
64390,Volkswagen,up!,Gasoline,Manual,Used,8430,"75,0",2016,"9,039552050995901",6,"8,93785038783068","0,10170166316522078","0,10170166316522078"
176356,Skoda,Octavia,Diesel,Manual,Used,11480,"150,0",2015,"9,348361669873558",7,"9,242798290152432","0,10556337972112573","0,10556337972112573"
77769,Volkswagen,Polo,Gasoline,Manual,Used,6499,"69,0",2013,"8,77940359789435",9,"8,70708148164292","0,07232211625142959","0,07232211625142959"
16703,Volkswagen,Tiguan,Diesel,Automatic,Used,39850,"190,0",2019,"10,592877684218362",3,"10,389346981909213","0,20353070230914838","0,20353070230914838"
74414,Volkswagen,Phaeton,Diesel,Automatic,Used,26440,"245,0",2015,"10,182633293965623",7,"10,255816788485257","-0,07318349451963435","0,07318349451963435"
71000,Opel,Mokka,Gasoline,Manual,Used,12900,"140,0",2016,"9,464982590349763",6,"9,363921550380773","0,10106103996898952","0,10106103996898952"
52246,Volkswagen,Golf,Gasoline,Manual,Used,11900,"86,0",2015,"9,38429367909962",7,"9,192659180029514","0,19163449907010666","0,19163449907010666"
83800,Opel,Astra,Diesel,Manual,Used,8280,"110,0",2017,"9,021598247379305",5,"9,274944147892082","-0,2533459005127767","0,2533459005127767"
104670,Volkswagen,Phaeton,Gasoline,Automatic,Used,19470,"334,0",2013,"9,876630098366245",9,"9,977948238764757","-0,1013181403985115","0,1013181403985115"
21500,Ford,Ranger,Diesel,Manual,Used,25400,"131,0",2019,"10,142504453006628",3,"9,986893190332838","0,15561126267379066","0,15561126267379066"
40000,Renault,Twingo,Gasoline,Automatic,Used,5699,"75,0",2012,"8,648045999835",10,"8,815058994227766","-0,16701299439276518","0,16701299439276518"
40000,Skoda,Octavia,Gasoline,Manual,Used,17839,"150,0",2017,"9,789142350751268",5,"9,709774391954866","0,0793679587964018","0,0793679587964018"
89900,Volkswagen,Polo,Gasoline,Manual,Used,7750,"90,0",2013,"8,955448122347393",9,"8,83776404382745","0,11768407851994311","0,11768407851994311"
23174,Opel,Astra,Diesel,Manual,Used,17980,"122,0",2020,"9,79701530802561",2,"10,159289385548066","-0,36227407752245533","0,36227407752245533"
95000,Skoda,Superb,Diesel,Automatic,Used,17980,"190,0",2016,"9,79701530802561",6,"9,953902825036906","-0,15688751701129533","0,15688751701129533"
40200,Skoda,Fabia,Diesel,Manual,Used,11460,"90,0",2017,"9,346617990268731",5,"9,286496718618382","0,06012127165034897","0,06012127165034897"
28142,Volkswagen,Polo,Gasoline,Manual,Used,10990,"75,0",2016,"9,304741047397666",6,"9,047422609681513","0,2573184377161528","0,2573184377161528"
50,Opel,Astra,Gasoline,Manual,Pre-registered,16940,"110,0",2021,"9,737432968206045",1,"9,925356407023447","-0,1879234388174016","0,1879234388174016"
93684,Opel,Astra,Diesel,Manual,Used,7250,"110,0",2014,"8,88875674784872",8,"9,129158866246923","-0,2404021183982028","0,2404021183982028"
100000,Volkswagen,Caddy,Diesel,Manual,Used,18450,"122,0",2017,"9,822819649468673",5,"9,616889111458612","0,20593053801006178","0,20593053801006178"
125427,Opel,Insignia,Diesel,Automatic,Used,8980,"136,0",2017,"9,102755161296246",5,"9,221432988003915","-0,11867782670766935","0,11867782670766935"
19950,Opel,Adam,Gasoline,Manual,Used,12497,"87,0",2019,"9,433243894485784",3,"9,394386734583815","0,03885715990196914","0,03885715990196914"
169433,Opel,Astra,Diesel,Manual,Used,8680,"160,0",2016,"9,068776807654396",6,"9,056688451377058","0,012088356277338619","0,012088356277338619"
68250,Skoda,Fabia,Gasoline,Manual,Used,5400,"69,0",2014,"8,594154232552366",8,"8,740494897923723","-0,1463406653713566","0,1463406653713566"
208000,Volkswagen,Jetta,Diesel,Automatic,Used,7999,"140,0",2013,"8,987071812848821",9,"9,110330423813263","-0,12325861096444157","0,12325861096444157"
83000,Volkswagen,Golf,Gasoline,Manual,Used,10929,"105,0",2014,"9,299175085676673",8,"9,138640645543791","0,16053444013288143","0,16053444013288143"
49891,Skoda,Fabia,Gasoline,Manual,Used,9900,"75,0",2017,"9,20029003612268",5,"9,072357665950268","0,1279323701724131","0,1279323701724131"
25000,Opel,Corsa,Gasoline,Manual,Used,6250,"87,0",2013,"8,740336742730447",9,"8,927166285480334","-0,18682954274988717","0,18682954274988717"
83524,Volkswagen,Touran,Diesel,Automatic,Used,19580,"150,0",2017,"9,8822639160845",5,"9,848879782615889","0,03338413346861202","0,03338413346861202"
4515,Volkswagen,T-Roc,Diesel,Automatic,Used,27280,"150,0",2019,"10,213909111957399",3,"10,285132516812768","-0,0712234048553686","0,0712234048553686"
129395,Ford,Focus,Diesel,Manual,Used,9445,"120,0",2018,"9,15324077993561",4,"9,303067532413692","-0,14982675247808253","0,14982675247808253"
80127,Ford,Focus,Gasoline,Manual,Used,7299,"125,0",2013,"8,895492631451633",9,"9,05239030589303","-0,15689767444139768","0,15689767444139768"
71945,Volkswagen,up!,Gasoline,Manual,Used,7900,"75,0",2013,"8,974618038455112",9,"8,696827774467511","0,2777902639876011","0,2777902639876011"
84833,Volkswagen,Passat Variant,Gasoline,Manual,Used,8990,"122,0",2011,"9,103868127465667",11,"9,061210064871117","0,042658062594549406","0,042658062594549406"
9844,Volkswagen,Polo,Gasoline,Manual,Pre-registered,14990,"95,0",2020,"9,615138591096644",2,"9,674522559140149","-0,05938396804350532","0,05938396804350532"
1250,Renault,Twingo,Gasoline,Manual,Used,12500,"73,0",2020,"9,433483923290392",2,"9,37303729570945","0,06044662758094255","0,06044662758094255"
123221,Skoda,Fabia,Diesel,Manual,Used,7710,"90,0",2017,"8,950273466557375",5,"9,011914088489126","-0,06164062193175113","0,06164062193175113"
73263,Ford,Mondeo,Diesel,Manual,Used,17400,"179,0",2017,"9,764225485202621",5,"9,89817953080757","-0,1339540456049484","0,1339540456049484"
21800,Opel,Mokka X,Gasoline,Manual,Used,13450,"116,0",2018,"9,506734385029985",4,"9,644881804547502","-0,13814741951751763","0,13814741951751763"
27443,Volkswagen,up!,Gasoline,Manual,Used,7988,"60,0",2019,"8,985695694535705",3,"9,13102780317898","-0,1453321086432755","0,1453321086432755"
65000,Opel,Astra,Gasoline,Manual,Used,12480,"140,0",2018,"9,43188264192342",4,"9,61924297923226","-0,18736033730884039","0,18736033730884039"
120000,Skoda,Rapid/Spaceback,Diesel,Manual,Used,7200,"90,0",2014,"8,881836305004146",8,"8,864916196308974","0,016920108695172686","0,016920108695172686"
99879,Volkswagen,Golf,Diesel,Automatic,Used,13449,"116,0",2018,"9,506660032823548",4,"9,585896677146097","-0,07923664432254895","0,07923664432254895"
24264,Renault,Captur,Gasoline,Automatic,Used,15890,"118,0",2017,"9,673445259530762",5,"9,60971610325881","0,06372915627195219","0,06372915627195219"
181328,Opel,Zafira,Diesel,Manual,Used,8980,"120,0",2017,"9,102755161296246",5,"9,046771278157284","0,0559838831389623","0,0559838831389623"
18163,Skoda,Fabia,Gasoline,Manual,Used,12950,"95,0",2020,"9,468851067127684",2,"9,62251249969777","-0,15366143257008602","0,15366143257008602"
3950,Volkswagen,Polo,Gasoline,Manual,Used,10740,"75,0",2017,"9,281730368062856",5,"9,263634625603816","0,018095742459040665","0,018095742459040665"
20,Renault,Captur,Gasoline,Manual,Pre-registered,19990,"91,0",2021,"9,902987427494446",1,"9,769603103749214","0,1333843237452328","0,1333843237452328"
58400,Volkswagen,Caddy,Gasoline,Automatic,Used,24990,"125,0",2018,"10,126231023828998",4,"9,771427561566373","0,35480346226262505","0,35480346226262505"
24866,Opel,Mokka X,Gasoline,Manual,Used,15980,"140,0",2019,"9,679093219320265",3,"9,756354060335328","-0,07726084101506281","0,07726084101506281"
35403,Ford,Kuga,Gasoline,Automatic,Used,22250,"182,0",2018,"10,010097287594386",4,"9,955777830292497","0,05431945730188836","0,05431945730188836"
68986,Volkswagen,Golf,Diesel,Manual,Used,15900,"150,0",2015,"9,674074388208323",7,"9,598760194935048","0,07531419327327527","0,07531419327327527"
50,Skoda,Fabia,Gasoline,Manual,Pre-registered,13447,"95,0",2021,"9,50651131182387",1,"9,716314462333369","-0,20980315050949905","0,20980315050949905"
102000,Opel,Astra,Gasoline,Manual,Used,10980,"150,0",2015,"9,30383071506352",7,"9,320828246639982","-0,016997531576461","0,016997531576461"
95000,Opel,Corsa,Gasoline,Manual,Used,5999,"87,0",2013,"8,699348067653093",9,"8,715881400146193","-0,016533332493100517","0,016533332493100517"
211000,Ford,Fiesta,Gasoline,Manual,Used,4900,"182,0",2014,"8,496990484098719",8,"9,038066017765447","-0,5410755336667279","0,5410755336667279"
16808,Volkswagen,T6 Transporter,Gasoline,Manual,Used,24900,"150,0",2019,"10,1226230824528",3,"9,974713164715045","0,14790991773775453","0,14790991773775453"
11400,Volkswagen,up!,Gasoline,Manual,Used,7950,"60,0",2017,"8,980927207648378",5,"9,05721476373248","-0,07628755608410209","0,07628755608410209"
21081,Opel,Mokka X,Gasoline,Automatic,Used,16990,"140,0",2019,"9,740380214665977",3,"9,891804541182237","-0,1514243265162598","0,1514243265162598"
116441,Renault,Megane,Gasoline,Manual,Used,4950,"131,0",2011,"8,507142855562735",11,"8,686080739247565","-0,17893788368482966","0,17893788368482966"
119155,Ford,C-Max,Gasoline,Manual,Used,9945,"101,0",2016,"9,204825191288073",6,"8,93688186400188","0,2679433272861935","0,2679433272861935"
167418,Opel,Astra,Diesel,Automatic,Used,6500,"160,0",2011,"8,779557455883728",11,"8,998042237794397","-0,21848478191066967","0,21848478191066967"
97869,Ford,Kuga,Diesel,Manual,Used,12480,"140,0",2014,"9,43188264192342",8,"9,399180588308631","0,03270205361478773","0,03270205361478773"
130000,Ford,Focus,Diesel,Manual,Used,8999,"120,0",2017,"9,104868739033948",5,"9,125048125615793","-0,020179386581844483","0,020179386581844483"
110111,Skoda,Kodiaq,Gasoline,Manual,Used,20980,"150,0",2017,"9,951324881950288",5,"9,473933562613318","0,4773913193369701","0,4773913193369701"
144587,Opel,Insignia,Diesel,Automatic,Used,8490,"160,0",2013,"9,046644279305394",9,"9,13688051258597","-0,09023623328057617","0,09023623328057617"
84376,Volkswagen,Tiguan,Gasoline,Manual,Used,8990,"150,0",2011,"9,103868127465667",11,"9,11949466152496","-0,015626534059293817","0,015626534059293817"
215334,Opel,Insignia,Diesel,Manual,Used,6880,"120,0",2016,"8,836373930927389",6,"8,966183528117524","-0,1298095971901354","0,1298095971901354"
23135,Ford,Mondeo,Diesel,Automatic,Employee's car,28490,"190,0",2020,"10,257308427491955",2,"10,40419188757133","-0,14688346007937447","0,14688346007937447"
25154,Volkswagen,Golf Variant,Diesel,Automatic,Used,22263,"150,0",2020,"10,010681386638243",2,"10,205849455595883","-0,19516806895764027","0,19516806895764027"
61770,Opel,Corsa,Gasoline,Manual,Used,9750,"90,0",2017,"9,185022563991893",5,"9,169079007327833","0,015943556664060665","0,015943556664060665"
165000,Volkswagen,Tiguan,Diesel,Automatic,Used,12450,"140,0",2014,"9,429475901892854",8,"9,196176949995264","0,23329895189758965","0,23329895189758965"
102000,Skoda,Citigo,Gasoline,Manual,Used,4800,"60,0",2017,"8,476371196895983",5,"8,739016072705596","-0,26264487580961315","0,26264487580961315"
63746,Ford,Kuga,Diesel,Automatic,Used,19990,"150,0",2017,"9,902987427494446",5,"9,955918171347868","-0,05293074385342145","0,05293074385342145"
118335,Skoda,Rapid/Spaceback,Diesel,Manual,Used,9880,"90,0",2018,"9,198267790741914",4,"9,055608286794552","0,14265950394736215","0,14265950394736215"
99450,Volkswagen,Polo,Diesel,Manual,Used,8449,"75,0",2016,"9,041803370152845",6,"8,95773322554482","0,08407014460802564","0,08407014460802564"
149000,Volkswagen,Golf,Diesel,Manual,Used,10890,"116,0",2017,"9,295600215927006",5,"9,158527423515286","0,1370727924117201","0,1370727924117201"
79000,Renault,Clio,Gasoline,Manual,Used,8299,"90,0",2016,"9,023890304598448",6,"9,039550826176319","-0,015660521577871123","0,015660521577871123"
108900,Skoda,Octavia,Diesel,Manual,Used,9999,"170,0",2012,"9,21024036697585",10,"9,349404691422688","-0,13916432444683835","0,13916432444683835"
83000,Volkswagen,Golf,Gasoline,Automatic,Used,12990,"116,0",2016,"9,471935109664646",6,"9,36865102291081","0,10328408675383471","0,10328408675383471"
139743,Ford,Focus,Diesel,Manual,Used,9980,"120,0",2018,"9,20833836930551",4,"9,240507792477544","-0,03216942317203397","0,03216942317203397"
47753,Ford,Focus,Diesel,Manual,Used,17890,"150,0",2018,"9,791997176502765",4,"9,97194269547643","-0,17994551897366584","0,17994551897366584"
76000,Volkswagen,up!,Gasoline,Manual,Used,5700,"60,0",2013,"8,648221453822641",9,"8,672245089919068","-0,02402363609642677","0,02402363609642677"
68000,Ford,Fiesta,Gasoline,Manual,Used,7100,"82,0",2014,"8,867850063029406",8,"8,866199491341339","0,0016505716880672594","0,0016505716880672594"
109700,Volkswagen,Passat,Diesel,Manual,Used,17250,"150,0",2015,"9,755567422459507",7,"9,465579596805641","0,28998782565386527","0,28998782565386527"
25000,Renault,Captur,Gasoline,Manual,Used,11200,"90,0",2019,"9,323669057283185",3,"9,338807479647732","-0,01513842236454721","0,01513842236454721"
11950,Skoda,Citigo,Gasoline,Manual,Used,6500,"60,0",2016,"8,779557455883728",6,"8,966149993469994","-0,18659253758626626","0,18659253758626626"
173053,Volkswagen,Golf Variant,Diesel,Automatic,Used,9999,"116,0",2017,"9,21024036697585",5,"9,279205396780663","-0,06896502980481323","0,06896502980481323"
94777,Skoda,Rapid/Spaceback,Gasoline,Manual,Used,9999,"90,0",2015,"9,21024036697585",7,"8,931955923285821","0,278284443690028","0,278284443690028"
5000,Ford,Kuga,Electric/Gasoline,Automatic,Used,34490,"224,0",2020,"10,448424705930886",2,"10,435058988979122","0,013365716951764028","0,013365716951764028"
52938,Opel,Karl,Gasoline,Manual,Used,8750,"75,0",2018,"9,07680897935166",4,"9,142369681178478","-0,06556070182681673","0,06556070182681673"
145000,Volkswagen,Golf,Diesel,Manual,Used,6600,"105,0",2013,"8,794824928014517",9,"8,947316884919287","-0,15249195690477002","0,15249195690477002"
6805,Ford,Mondeo,Gasoline,Automatic,Demonstration,33880,"140,0",2020,"10,43058014876599",2,"10,05435430147156","0,37622584729443","0,37622584729443"
68310,Volkswagen,Golf Sportsvan,Gasoline,Automatic,Used,15840,"125,0",2015,"9,670293665368417",7,"9,465521024732368","0,20477264063604927","0,20477264063604927"
73600,Skoda,Fabia,Gasoline,Manual,Used,9199,"90,0",2016,"9,126850061477157",6,"9,057189152242183","0,06966090923497426","0,06966090923497426"
214000,Volkswagen,Caddy,Diesel,Manual,Used,8999,"110,0",2011,"9,104868739033948",11,"8,637184957522996","0,4676837815109529","0,4676837815109529"
52432,Volkswagen,Passat,Gasoline,Manual,Used,13900,"122,0",2012,"9,539644119118783",10,"9,205377250885972","0,3342668682328114","0,3342668682328114"
188900,Volkswagen,Golf,Diesel,Manual,Used,8900,"110,0",2015,"9,093806555720231",7,"8,872452200558891","0,22135435516134017","0,22135435516134017"
139924,Ford,Focus,Gasoline,Manual,Used,8290,"150,0",2015,"9,022805248129341",7,"9,20734928572873","-0,1845440375993892","0,1845440375993892"
19878,Skoda,Citigo,Gasoline,Manual,Used,9111,"60,0",2018,"9,117237753713859",4,"9,053835569476126","0,06340218423773258","0,06340218423773258"
53043,Renault,Clio,Gasoline,Manual,Used,9920,"90,0",2019,"9,20230820027892",3,"9,247894758876969","-0,04558655859804972","0,04558655859804972"
68131,Volkswagen,up!,Gasoline,Manual,Used,7666,"60,0",2016,"8,9445502459405",6,"8,822482501230406","0,12206774471009396","0,12206774471009396"
66620,Ford,Fiesta,Gasoline,Manual,Used,7980,"101,0",2013,"8,984693690443855",9,"8,907917449865682","0,07677624057817312","0,07677624057817312"
67000,Opel,Adam,Gasoline,Manual,Used,8500,"90,0",2016,"9,047821442478408",6,"9,075532247594502","-0,027710805116093695","0,027710805116093695"
11990,Opel,Ampera,Electric,Automatic,Used,25899,"204,0",2018,"10,161959636903632",4,"10,335810875065391","-0,17385123816175962","0,17385123816175962"
170000,Opel,Zafira Tourer,Diesel,Manual,Used,7150,"136,0",2014,"8,874867635688053",8,"8,969760304123074","-0,09489266843502087","0,09489266843502087"
4500,Renault,Clio,Gasoline,Manual,Demonstration,14690,"72,0",2021,"9,594922269167922",1,"9,471372099175193","0,12355016999272905","0,12355016999272905"
8560,Ford,Focus,Gasoline,Automatic,Used,24990,"182,0",2020,"10,126231023828998",2,"10,19789738511572","-0,07166636128672188","0,07166636128672188"
98870,Volkswagen,Passat,Diesel,Automatic,Used,14660,"177,0",2014,"9,592877975440642",8,"9,60515024303782","-0,012272267597177589","0,012272267597177589"
130000,Opel,Astra,Gasoline,Manual,Used,5799,"140,0",2011,"8,66544076787644",11,"8,779310724066299","-0,11386995618985907","0,11386995618985907"
78950,Ford,Mondeo,Gasoline,Manual,Used,14390,"160,0",2016,"9,574288799881414",6,"9,605599448731779","-0,03131064885036494","0,03131064885036494"
116000,Volkswagen,Golf,Diesel,Manual,Used,6990,"105,0",2011,"8,852235835227855",11,"8,901500283526154","-0,0492644482982989","0,0492644482982989"
22100,Opel,Corsa,Gasoline,Manual,Used,7800,"90,0",2016,"8,961879012677683",6,"9,201294491005623","-0,23941547832794008","0,23941547832794008"
39996,Volkswagen,Passat Variant,Diesel,Automatic,Used,23875,"150,0",2019,"10,08058716534893",3,"10,132119541685062","-0,051532376336131946","0,051532376336131946"
47078,Skoda,Fabia,Gasoline,Manual,Used,8990,"60,0",2016,"9,103868127465667",6,"8,881193774736483","0,22267435272918412","0,22267435272918412"
14273,Volkswagen,Touran,Gasoline,Manual,Employee's car,24959,"150,0",2020,"10,124989757578213",2,"10,072136586797663","0,05285317078054952","0,05285317078054952"
18946,Opel,Adam,Gasoline,Manual,Used,9590,"69,0",2018,"9,168476167877484",4,"9,125578874649413","0,04289729322807112","0,04289729322807112"
39200,Skoda,Fabia,Diesel,Manual,Used,11760,"90,0",2018,"9,372459221452617",4,"9,289360595875166","0,08309862557745085","0,08309862557745085"
44102,Volkswagen,Polo,Gasoline,Manual,Used,9090,"90,0",2015,"9,114930187171524",7,"9,06684633482837","0,048083852343154376","0,048083852343154376"
17965,Volkswagen,Golf,Gasoline,Automatic,Used,31574,"245,0",2019,"10,360089276091673",3,"10,353103175414612","0,006986100677060847","0,006986100677060847"
120800,Renault,Scenic,Gasoline,Manual,Used,5650,"131,0",2011,"8,639410824140487",11,"8,668694807478579","-0,029283983338091346","0,029283983338091346"
22201,Volkswagen,Golf,Diesel,Automatic,Used,14890,"110,0",2015,"9,608445125678054",7,"9,534523019076252","0,07392210660180254","0,07392210660180254"
10180,Renault,Captur,Gasoline,Automatic,Used,19990,"131,0",2020,"9,902987427494446",2,"9,973888331103431","-0,07090090360898493","0,07090090360898493"
131770,Opel,Zafira,Diesel,Manual,Used,6900,"110,0",2013,"8,83927669058535",9,"8,888954662861364","-0,04967797227601345","0,04967797227601345"
33000,Volkswagen,Polo,Gasoline,Manual,Used,8900,"60,0",2016,"9,093806555720231",6,"8,904268530777399","0,18953802494283245","0,18953802494283245"
61400,Opel,Mokka X,Gasoline,Manual,Used,15450,"140,0",2017,"9,645364282325891",5,"9,52036788280061","0,12499639952528163","0,12499639952528163"
76109,Volkswagen,up!,Gasoline,Manual,Used,6680,"60,0",2016,"8,806873266530692",6,"8,808606317811039","-0,0017330512803468423","0,0017330512803468423"
188786,Ford,Kuga,Diesel,,Used,8750,"140,0",2011,"9,07680897935166",11,"8,928168920117752","0,14864005923390877","0,14864005923390877"
48919,Ford,EcoSport,Gasoline,Manual,Used,11280,"125,0",2017,"9,33078652505205",5,"9,519003904966914","-0,18821737991486387","0,18821737991486387"
83000,Renault,Scenic,Gasoline,Manual,Used,4650,"131,0",2011,"8,444622498581403",11,"8,803013410733994","-0,35839091215259167","0,35839091215259167"
60189,Renault,Espace,Gasoline,Automatic,Used,25490,"224,0",2018,"10,146041497370161",4,"10,210481561670923","-0,06444006430076143","0,06444006430076143"
134634,Volkswagen,Polo,Gasoline,Manual,Used,8999,"110,0",2016,"9,104868739033948",6,"9,072808591168954","0,03206014786499445","0,03206014786499445"
48287,Volkswagen,Golf Plus,Gasoline,Manual,Used,8998,"86,0",2012,"9,104757609401117",10,"8,861362409800533","0,24339519960058453","0,24339519960058453"
124450,Skoda,Yeti,Gasoline,Manual,Used,10950,"110,0",2016,"9,301094735244646",6,"9,118587402666014","0,1825073325786324","0,1825073325786324"
100300,Volkswagen,Golf,Diesel,Manual,Used,18980,"184,0",2018,"9,85114107216392",4,"9,8471059577988","0,004035114365120052","0,004035114365120052"
45358,Volkswagen,up!,Gasoline,Manual,Used,7392,"60,0",2018,"8,90815361332152",4,"8,973903401865993","-0,06574978854447266","0,06574978854447266"
58000,Opel,Corsa,Gasoline,Manual,Used,9950,"116,0",2016,"9,205327830152639",6,"9,290085288018734","-0,08475745786609501","0,08475745786609501"
103000,Ford,Fiesta,Gasoline,Manual,Used,4950,"60,0",2015,"8,507142855562735",7,"8,667458801749602","-0,1603159461868664","0,1603159461868664"
54989,Volkswagen,up!,Gasoline,Manual,Used,7490,"60,0",2016,"8,921324076511265",6,"8,85709550404932","0,06422857246194447","0,06422857246194447"
120000,Opel,Adam,Gasoline,Manual,Used,7650,"101,0",2013,"8,942460926820582",9,"8,719515515668906","0,22294541115167554","0,22294541115167554"
10,Renault,Twingo,Gasoline,Manual,Pre-registered,14190,"65,0",2021,"9,560292770154089",1,"9,431510508039453","0,12878226211463506","0,12878226211463506"
9990,Ford,Ranger,Diesel,Automatic,Used,39270,"200,0",2017,"10,578216147572055",5,"10,391393343064767","0,1868228045072886","0,1868228045072886"
6795,Opel,Corsa,Gasoline,Manual,Used,11990,"75,0",2020,"9,39182824802156",2,"9,487208323616054","-0,09538007559449468","0,09538007559449468"
33774,Volkswagen,Sharan,Diesel,Automatic,Used,39930,"177,0",2019,"10,594883200057266",3,"10,263957054352359","0,3309261457049075","0,3309261457049075"
153895,Volkswagen,Tiguan,Gasoline,Manual,Used,9980,"122,0",2013,"9,20833836930551",9,"8,957641616807965","0,25069675249754475","0,25069675249754475"
166723,Renault,Captur,Diesel,Manual,Used,8980,"110,0",2016,"9,102755161296246",6,"8,9862388960326","0,11651626526364645","0,11651626526364645"
178965,Skoda,Octavia,Diesel,Manual,Used,9880,"150,0",2015,"9,198267790741914",7,"9,251352804440563","-0,05308501369864871","0,05308501369864871"
98000,Volkswagen,Polo,Gasoline,Manual,Used,6990,"69,0",2011,"8,852235835227855",11,"8,62250175558396","0,22973407964389558","0,22973407964389558"
17762,Skoda,Kodiaq,Diesel,Automatic,Used,38450,"190,0",2019,"10,55711397493379",3,"10,405607682596276","0,15150629233751367","0,15150629233751367"
98000,Volkswagen,Golf Variant,Gasoline,Manual,Used,10600,"140,0",2014,"9,268609280100158",8,"9,215449472625941","0,053159807474216336","0,053159807474216336"
5,Opel,Grandland X,Gasoline,Automatic,Pre-registered,30470,"181,0",2021,"10,324497871979755",1,"10,427064561138913","-0,10256668915915768","0,10256668915915768"
98121,Skoda,Superb,Gasoline,Manual,Used,12990,"160,0",2013,"9,471935109664646",9,"9,371074969674597","0,10086013999004884","0,10086013999004884"
69024,Opel,Adam,Gasoline,Manual,Used,9490,"69,0",2018,"9,157993891603974",4,"9,01744819949272","0,1405456921112549","0,1405456921112549"
69000,Ford,Focus,Diesel,Automatic,Used,9850,"163,0",2014,"9,195226734166134",8,"9,458777392569305","-0,2635506584031706","0,2635506584031706"
270000,Volkswagen,Golf Variant,Diesel,Manual,Used,5300,"105,0",2011,"8,575462099540212",11,"8,635150289574401","-0,05968819003418879","0,05968819003418879"
139000,Ford,Fiesta,Diesel,Manual,Used,4990,"90,0",2011,"8,515191188745565",11,"8,653526412783414","-0,13833522403784926","0,13833522403784926"
23970,Volkswagen,Passat Variant,Diesel,Manual,Used,18950,"150,0",2017,"9,849559210510572",5,"9,947726305822183","-0,09816709531161116","0,09816709531161116"
111000,Volkswagen,T5 Multivan,Diesel,Manual,Used,22999,"140,0",2011,"10,043206015705211",11,"9,167082190008903","0,8761238256963075","0,8761238256963075"
94000,Ford,Fiesta,Gasoline,Manual,Used,5990,"60,0",2013,"8,697846691109495",9,"8,647223491223983","0,05062319988551245","0,05062319988551245"
23498,Skoda,Superb,Diesel,Automatic,Demonstration,36480,"190,0",2020,"10,504519444188269",2,"10,40543426096034","0,09908518322792936","0,09908518322792936"
141000,Ford,Focus,Diesel,Manual,Used,6500,"95,0",2012,"8,779557455883728",10,"8,629738092687743","0,14981936319598432","0,14981936319598432"
9105,Ford,Fiesta,Gasoline,Manual,Used,12988,"101,0",2018,"9,471781133222736",4,"9,508232966289826","-0,03645183306709043","0,03645183306709043"
29000,Volkswagen,Polo,Gasoline,Automatic,Used,11250,"105,0",2013,"9,328123407632566",9,"9,289774608634483","0,038348798998082856","0,038348798998082856"
132596,Opel,Corsa,Gasoline,Manual,Used,4790,"86,0",2013,"8,474285690404962",9,"8,732301605624148","-0,2580159152191861","0,2580159152191861"
47200,Volkswagen,Golf GTI,Gasoline,Automatic,Used,25480,"230,0",2018,"10,145649109686099",4,"10,202615927174282","-0,056966817488183","0,056966817488183"
16551,Volkswagen,Polo,Gasoline,Manual,Used,11944,"65,0",2018,"9,387984339219026",4,"9,271429904168627","0,1165544350503982","0,1165544350503982"
233000,Renault,Megane,Diesel,Manual,Used,4990,"110,0",2013,"8,515191188745565",9,"8,698981620215402","-0,18379043146983776","0,18379043146983776"
204062,Opel,Combo,Diesel,Manual,Used,6990,"95,0",2017,"8,852235835227855",5,"8,814731350803479","0,03750448442437637","0,03750448442437637"
10,Skoda,Fabia,Gasoline,Manual,Pre-registered,14780,"95,0",2020,"9,601030194502194",2,"9,650152669933151","-0,04912247543095738","0,04912247543095738"
84251,Skoda,Yeti,Diesel,Manual,Used,14480,"150,0",2016,"9,580523665939708",6,"9,610059962343001","-0,02953629640329325","0,02953629640329325"
47071,Renault,Twingo,Gasoline,Manual,Used,6290,"71,0",2016,"8,746716349694486",6,"8,846226886606164","-0,09951053691167822","0,09951053691167822"
14685,Ford,Puma,Gasoline,Manual,Demonstration,19999,"125,0",2020,"9,903437551286085",2,"9,855243664153521","0,04819388713256423","0,04819388713256423"
249000,Volkswagen,Passat Variant,Diesel,Manual,Used,4999,"105,0",2011,"8,51699317141357",11,"8,629115449915579","-0,1121222785020084","0,1121222785020084"
75000,Volkswagen,Golf,Diesel,Automatic,Used,14990,"150,0",2014,"9,615138591096644",8,"9,626267544250585","-0,011128953153940913","0,011128953153940913"
54228,Ford,Kuga,Diesel,Automatic,Used,18990,"150,0",2017,"9,85166780380633",5,"10,00863953908061","-0,1569717352742792","0,1569717352742792"
6485,Ford,Fiesta,Gasoline,Manual,Employee's car,16444,"125,0",2020,"9,70771594801777",2,"9,913976607726532","-0,20626065970876262","0,20626065970876262"
91000,Ford,Ka/Ka+,Gasoline,Manual,Used,4750,"69,0",2015,"8,465899897028686",7,"8,766643253415985","-0,300743356387299","0,300743356387299"
36985,Opel,Corsa,Gasoline,Manual,Used,7999,"90,0",2015,"8,987071812848821",7,"9,095568428608734","-0,10849661575991298","0,10849661575991298"
98900,Opel,Insignia,Gasoline,Manual,Used,8999,"250,0",2013,"9,104868739033948",9,"9,488469056787736","-0,3836003177537872","0,3836003177537872"
41713,Volkswagen,Golf Sportsvan,Gasoline,Manual,Used,11555,"86,0",2016,"9,35487352270848",6,"9,28124653771558","0,07362698499290055","0,07362698499290055"
3800,Opel,Adam,Gasoline,Manual,Used,9990,"69,0",2018,"9,2093398716426",4,"9,168871863165437","0,0404680084771627","0,0404680084771627"
10900,Ford,Fiesta,Gasoline,Manual,Used,9679,"71,0",2017,"9,17771386914909",5,"9,10868121752457","0,06903265162451966","0,06903265162451966"
166500,Skoda,Yeti,Gasoline,Manual,Used,9990,"122,0",2014,"9,2093398716426",8,"9,00215088608422","0,20718898555838017","0,20718898555838017"
151236,Renault,Grand Scenic,Gasoline,Manual,Used,4999,"131,0",2011,"8,51699317141357",11,"8,569700217622385","-0,05270704620881439","0,05270704620881439"
16399,Volkswagen,up!,Gasoline,Manual,Demonstration,11269,"60,0",2020,"9,329810871952349",2,"9,336672009013732","-0,00686113706138336","0,00686113706138336"
114461,Volkswagen,Tiguan,Diesel,Automatic,Used,22755,"150,0",2018,"10,032540180450741",4,"9,829442714277734","0,2030974661730074","0,2030974661730074"
1490,Renault,Twingo,Gasoline,Manual,Demonstration,11180,"65,0",2021,"9,32188174670909",1,"9,435858370757678","-0,113976624048588","0,113976624048588"
101905,Skoda,Yeti,Gasoline,Manual,Used,9890,"110,0",2015,"9,199279424616758",7,"9,105996912839226","0,09328251177753266","0,09328251177753266"
94000,Opel,Astra,Diesel,Manual,Used,10950,"136,0",2016,"9,301094735244646",6,"9,27896032662281","0,022134408621836243","0,022134408621836243"
139000,Ford,Focus,Gasoline,Manual,Used,6999,"101,0",2014,"8,85352256068954",8,"8,751994346897298","0,10152821379224086","0,10152821379224086"
32500,Opel,Adam,Gasoline,Manual,Used,12490,"150,0",2017,"9,432683603119623",5,"9,749933707254078","-0,3172501041344553","0,3172501041344553"
13364,Skoda,Octavia,Gasoline,Automatic,Employee's car,30880,"245,0",2020,"10,337864004138712",2,"10,414343748698453","-0,07647974455974094","0,07647974455974094"
129000,Ford,Focus,Diesel,Manual,Used,6990,"116,0",2012,"8,852235835227855",10,"8,763747345823257","0,08848848940459852","0,08848848940459852"
80000,Skoda,Roomster,Gasoline,Manual,Used,6995,"86,0",2013,"8,852950887099581",9,"8,868286078941706","-0,015335191842124729","0,015335191842124729"
16380,Volkswagen,Tiguan,Diesel,Automatic,Used,33440,"150,0",2020,"10,417508067198638",2,"10,259646465332603","0,15786160186603482","0,15786160186603482"
12,Opel,Crossland X,Gasoline,Manual,Employee's car,20581,"110,0",2021,"9,93212359907246",1,"9,934441374725365","-0,0023177756529051408","0,0023177756529051408"
80000,Opel,Adam,Gasoline,Manual,Used,7750,"69,0",2013,"8,955448122347393",9,"8,693051184922048","0,2623969374253452","0,2623969374253452"
164000,Ford,Fiesta,Diesel,Manual,Used,7200,"95,0",2012,"8,881836305004146",10,"8,625847003976666","0,25598930102747985","0,25598930102747985"
120000,Opel,Zafira,Diesel,Manual,Used,5499,"125,0",2011,"8,612321536507814",11,"8,831965718923456","-0,21964418241564232","0,21964418241564232"
125000,Ford,C-Max,Diesel,Automatic,Used,7799,"116,0",2012,"8,961750799330497",10,"8,842630806458113","0,11911999287238473","0,11911999287238473"
108000,Opel,Insignia,Gasoline,Manual,Used,8400,"179,0",2011,"9,035986984831405",11,"9,030389906382453","0,005597078448952075","0,005597078448952075"
47500,Volkswagen,Golf Sportsvan,Gasoline,Manual,Used,16990,"110,0",2018,"9,740380214665977",4,"9,54567729177482","0,19470292289115676","0,19470292289115676"
200000,Volkswagen,Sharan,Diesel,Automatic,Used,7999,"140,0",2011,"8,987071812848821",11,"8,930525083701275","0,05654672914754677","0,05654672914754677"
54776,Ford,Kuga,Gasoline,Automatic,Used,25990,"242,0",2018,"10,165467127635536",4,"10,17047417246269","-0,005007044827154417","0,005007044827154417"
53867,Volkswagen,Golf Variant,Diesel,Automatic,Used,14770,"116,0",2017,"9,600353375525426",5,"9,690950632082917","-0,09059725655749062","0,09059725655749062"
19830,Opel,Corsa,Gasoline,Manual,Employee's car,13950,"75,0",2020,"9,543234787249512",2,"9,428414147169656","0,11482064007985571","0,11482064007985571"
4500,Opel,Astra,Diesel,Automatic,Demonstration,21995,"122,0",2020,"9,99857043378282",2,"10,338365785224633","-0,33979535144181305","0,33979535144181305"
155000,Volkswagen,Passat Variant,Diesel,Automatic,Used,9990,"177,0",2013,"9,2093398716426",9,"9,377406446391927","-0,16806657474932685","0,16806657474932685"
101269,Ford,Fiesta,Gasoline,Manual,Used,7980,"82,0",2016,"8,984693690443855",6,"8,908395211981814","0,07629847846204107","0,07629847846204107"
125000,Ford,C-Max,Diesel,Manual,Used,7450,"116,0",2014,"8,915969311373605",8,"8,947602911970066","-0,03163360059646081","0,03163360059646081"
92143,Opel,Insignia,Diesel,Automatic,Used,16950,"170,0",2017,"9,738023112808596",5,"9,728190450982583","0,009832661826013833","0,009832661826013833"
90697,Volkswagen,Polo,Gasoline,Manual,Used,9790,"75,0",2016,"9,189116735524555",6,"8,873452725417522","0,3156640101070334","0,3156640101070334"
167000,Ford,Transit,Diesel,Manual,Used,7990,"75,0",2017,"8,98594603876032",5,"8,814898870195593","0,17104716856472635","0,17104716856472635"
4178,Renault,Clio,Gasoline,Manual,Demonstration,12660,"72,0",2020,"9,446202695698167",2,"9,404151826587183","0,04205086911098377","0,04205086911098377"
48613,Volkswagen,Golf Sportsvan,Gasoline,Manual,Used,12400,"110,0",2014,"9,425451751593128",8,"9,238103682789676","0,1873480688034519","0,1873480688034519"
67000,Opel,Astra,Gasoline,Manual,Used,8300,"140,0",2012,"9,02401079378469",10,"9,092545478948356","-0,0685346851636659","0,0685346851636659"
56900,Skoda,Octavia,Diesel,Manual,Used,10800,"110,0",2015,"9,287301413112312",7,"9,331918450016211","-0,04461703690389918","0,04461703690389918"
145000,Opel,Astra,Gasoline,Manual,Used,6980,"140,0",2013,"8,850804195756417",9,"8,944755775808808","-0,09395158005239068","0,09395158005239068"
75000,Ford,EcoSport,Gasoline,Manual,Used,8400,"125,0",2014,"9,035986984831405",8,"9,197423146878645","-0,16143616204723976","0,16143616204723976"
31582,Ford,Fiesta,Gasoline,Manual,Used,14550,"125,0",2018,"9,585346272599638",4,"9,609856940325272","-0,02451066772563415","0,02451066772563415"
16500,Skoda,Citigo,Gasoline,Manual,Used,8000,"60,0",2016,"8,987196820661973",6,"8,957943335761344","0,029253484900628735","0,029253484900628735"
172995,Volkswagen,Passat,Diesel,Manual,Used,10380,"150,0",2016,"9,24763615671988",6,"9,28224187783144","-0,03460572111156068","0,03460572111156068"
29950,Skoda,Kodiaq,Gasoline,Automatic,Used,25488,"150,0",2018,"10,14596303214983",4,"10,00178756702051","0,14417546512931878","0,14417546512931878"
74292,Volkswagen,Golf,Diesel,Automatic,Used,12380,"110,0",2015,"9,423837546238587",7,"9,38471183332901","0,039125712909577004","0,039125712909577004"
95000,Volkswagen,Golf,Gasoline,Automatic,Used,7870,"122,0",2011,"8,970813341411448",11,"9,10388673820378","-0,13307339679233188","0,13307339679233188"
2735,Opel,Corsa,Gasoline,Manual,Employee's car,14900,"75,0",2020,"9,60911649193355",2,"9,477819351668769","0,13129714026478112","0,13129714026478112"
3990,Skoda,Scala,Gasoline,Manual,Demonstration,15450,"95,0",2020,"9,645364282325891",2,"9,657666672805377","-0,012302390479485226","0,012302390479485226"
74000,Renault,Kangoo,Gasoline,Manual,Used,6450,"106,0",2013,"8,771835409789817",9,"9,085815417021005","-0,31398000723118713","0,31398000723118713"
60800,Skoda,Roomster,Gasoline,Manual,Used,7500,"86,0",2013,"8,922658299524402",9,"8,918739096312004","0,003919203212397804","0,003919203212397804"
1368,Ford,Fiesta,Gasoline,Manual,Employee's car,10390,"75,0",2020,"9,248599084093273",2,"9,471886204492876","-0,2232871203996023","0,2232871203996023"
107700,Volkswagen,Touran,Gasoline,Manual,Used,11950,"105,0",2015,"9,388486557359657",7,"9,138832365028044","0,24965419233161334","0,24965419233161334"
61700,Ford,S-Max,Diesel,Automatic,Used,19950,"150,0",2016,"9,90098442231801",6,"9,854630878006356","0,046353544311653394","0,046353544311653394"
118500,Ford,Focus,Gasoline,Manual,Used,5999,"150,0",2011,"8,699348067653093",11,"8,93987962802844","-0,24053156037534684","0,24053156037534684"
2,Opel,Grandland X,Gasoline,Manual,Employee's car,24490,"131,0",2021,"10,106020149946213",1,"10,081495812908157","0,024524337038055677","0,024524337038055677"
120000,Volkswagen,Golf,Gasoline,Automatic,Used,7999,"105,0",2011,"8,987071812848821",11,"8,944931448500826","0,042140364347995174","0,042140364347995174"
23449,Ford,Kuga,Diesel,Automatic,Used,23990,"150,0",2019,"10,08539235583374",3,"10,221646573066474","-0,13625421723273412","0,13625421723273412"
84604,Volkswagen,up!,Gasoline,Manual,Used,6649,"75,0",2013,"8,802221746402456",9,"8,67016508007059","0,13205666633186652","0,13205666633186652"
95000,Renault,Clio,Gasoline,Manual,Used,6500,"90,0",2014,"8,779557455883728",8,"8,893609655528927","-0,11405219964519908","0,11405219964519908"
57559,Opel,Corsa,Gasoline,Manual,Used,8990,"69,0",2018,"9,103868127465667",4,"9,040914474760454","0,0629536527052128","0,0629536527052128"
53795,Volkswagen,up!,Gasoline,Manual,Used,8900,"60,0",2014,"9,093806555720231",8,"8,739202579772456","0,35460397594777504","0,35460397594777504"
50000,Ford,Ka/Ka+,Gasoline,Manual,Used,5750,"69,0",2015,"8,656955133791396",7,"8,83926764895035","-0,18231251515895508","0,18231251515895508"
139850,Opel,Mokka,Diesel,Manual,Used,8890,"131,0",2014,"9,09268232850795",8,"8,983429216733096","0,1092531117748532","0,1092531117748532"
3385,Volkswagen,Passat Variant,Electric/Gasoline,Automatic,Used,35980,"156,0",2019,"10,490718507504525",3,"10,392002754525128","0,0987157529793965","0,0987157529793965"
23941,Ford,Fiesta,Gasoline,Manual,Used,8740,"71,0",2018,"9,07566546864958",4,"9,119869657579033","-0,044204188929452215","0,044204188929452215"
52000,Opel,Corsa,Gasoline,Manual,Used,7190,"69,0",2016,"8,880446450715093",6,"8,892844750465905","-0,012398299750811859","0,012398299750811859"
57212,Ford,Transit,Diesel,Manual,Used,7999,"75,0",2016,"8,987071812848821",6,"9,067884806880597","-0,08081299403177589","0,08081299403177589"
300,Opel,Corsa,Electric,Automatic,Demonstration,23540,"136,0",2021,"10,066456380814268",1,"10,27814349184834","-0,21168711103407212","0,21168711103407212"
100,Ford,Puma,Gasoline,Automatic,Pre-registered,23393,"125,0",2021,"10,060192111293768",1,"10,104434165741512","-0,04424205444774465","0,04424205444774465"
69700,Opel,Karl,Gasoline,Manual,Used,6450,"75,0",2015,"8,771835409789817",7,"8,869220145491944","-0,09738473570212669","0,09738473570212669"
185000,Volkswagen,CC,Gasoline,Automatic,Used,8990,"211,0",2011,"9,103868127465667",11,"9,063009150417857","0,04085897704780983","0,04085897704780983"
19610,Skoda,Octavia,Gasoline,Manual,Employee's car,21350,"150,0",2020,"9,96880701865677",2,"10,04409755932423","-0,07529054066746","0,07529054066746"
38741,Skoda,Roomster,Gasoline,Manual,Used,8550,"69,0",2015,"9,053686561930807",7,"8,853908386030005","0,1997781759008017","0,1997781759008017"
53047,Volkswagen,Polo,Diesel,Manual,Used,8660,"75,0",2016,"9,06647000155648",6,"9,081906913423229","-0,01543691186674856","0,01543691186674856"
52925,Ford,Grand C-Max,Diesel,Automatic,Used,17490,"150,0",2018,"9,769384568012647",4,"10,085705155004455","-0,3163205869918073","0,3163205869918073"
38000,Renault,Twingo,Gasoline,Manual,Used,4800,"75,0",2014,"8,476371196895983",8,"8,82247916513274","-0,34610796823675827","0,34610796823675827"
53281,Renault,Twingo,Gasoline,Manual,Used,5999,"75,0",2013,"8,699348067653093",9,"8,701704351327999","-0,0023562836749064786","0,0023562836749064786"
125000,Volkswagen,Golf,Diesel,Manual,Used,10750,"105,0",2012,"9,28266103355581",10,"8,924359223506645","0,3583018100491646","0,3583018100491646"
10,Skoda,Fabia,Gasoline,Manual,Pre-registered,18980,"95,0",2021,"9,85114107216392",1,"9,713888503814639","0,13725256834928068","0,13725256834928068"
2960,Volkswagen,Golf,Gasoline,Automatic,Employee's car,25889,"150,0",2020,"10,161573447047902",2,"10,224946291806862","-0,06337284475896077","0,06337284475896077"
287000,Ford,S-Max,Diesel,Manual,Used,7490,"200,0",2014,"8,921324076511265",8,"8,905885282603382","0,015438793907883053","0,015438793907883053"
193895,Skoda,Octavia,Diesel,Manual,Used,11250,"116,0",2018,"9,328123407632566",4,"9,196154774222418","0,13196863341014797","0,13196863341014797"
12,Opel,Grandland X,Gasoline,Automatic,Pre-registered,28980,"131,0",2021,"10,274361215874674",1,"10,06698244974427","0,20737876613040385","0,20737876613040385"
34067,Skoda,Citigo,Gasoline,Manual,Used,6720,"60,0",2017,"8,812843433517195",5,"8,96501106156244","-0,15216762804524464","0,15216762804524464"
179850,Ford,Focus,Diesel,Manual,Used,5999,"120,0",2015,"8,699348067653093",7,"8,98777849021081","-0,2884304225577168","0,2884304225577168"
91000,Volkswagen,Polo,Gasoline,Manual,Used,5869,"60,0",2013,"8,677439540558334",9,"8,659012329047506","0,01842721151082749","0,01842721151082749"
10,Ford,Kuga,Gasoline,Manual,Employee's car,26970,"150,0",2020,"10,202480416133776",2,"10,140441393449633","0,062039022684142964","0,062039022684142964"
10356,Ford,Fiesta,Gasoline,Manual,Used,12996,"86,0",2019,"9,472396896788991",3,"9,478757595738047","-0,006360698949055887","0,006360698949055887"
42270,Volkswagen,Golf,Gasoline,Manual,Used,21900,"245,0",2017,"9,994241915804592",5,"10,000366605022217","-0,00612468921762499","0,00612468921762499"
64225,Ford,C-Max,Gasoline,Manual,Used,10900,"125,0",2015,"9,296518068217235",7,"9,31444110904912","-0,017923040831885118","0,017923040831885118"
22043,Volkswagen,Passat Variant,Diesel,Automatic,Used,21980,"120,0",2019,"9,997888227957612",3,"9,988633652848316","0,009254575109295615","0,009254575109295615"
60008,Skoda,Fabia,Gasoline,Manual,Used,8950,"60,0",2018,"9,099408811268901",4,"8,947411739225009","0,15199707204389235","0,15199707204389235"
123568,Skoda,Octavia,Gasoline,Manual,Used,9990,"110,0",2015,"9,2093398716426",7,"9,036477336568382","0,17286253507421812","0,17286253507421812"
124600,Ford,Fiesta,Gasoline,Manual,Used,6500,"82,0",2013,"8,779557455883728",9,"8,66248283656228","0,11707461932144803","0,11707461932144803"
133000,Skoda,Octavia,Diesel,Automatic,Used,10000,"105,0",2013,"9,210340371976184",9,"9,100785514687137","0,10955485728904613","0,10955485728904613"
76000,Opel,Corsa,Gasoline,Automatic,Used,8800,"90,0",2017,"9,082507000466299",5,"9,261454366866491","-0,17894736640019282","0,17894736640019282"
106550,Ford,Focus,Gasoline,Manual,Used,4950,"101,0",2011,"8,507142855562735",11,"8,600723612254217","-0,09358075669148214","0,09358075669148214"
11864,Renault,Clio,Gasoline,Manual,Used,10990,"90,0",2019,"9,304741047397666",3,"9,40228477525032","-0,09754372785265453","0,09754372785265453"
77300,Ford,Mondeo,Diesel,Automatic,Used,16900,"150,0",2018,"9,735068900911164",4,"10,001935554006808","-0,2668666530956436","0,2668666530956436"
40349,Volkswagen,Golf,Diesel,Manual,Used,17275,"116,0",2018,"9,757015648635871",4,"9,653701780686761","0,1033138679491099","0,1033138679491099"
57163,Ford,Fiesta,Gasoline,Manual,Used,7950,"60,0",2016,"8,980927207648378",6,"8,852686403907702","0,1282408037406757","0,1282408037406757"
11220,Opel,Crossland,Gasoline,Manual,Used,18650,"110,0",2020,"9,833601425071961",2,"9,759376142297183","0,07422528277477802","0,07422528277477802"
18000,Opel,Corsa,Gasoline,Manual,Used,8500,"69,0",2016,"9,047821442478408",6,"8,9756160628393","0,072205379639108","0,072205379639108"
16018,Renault,ZOE,Electric,Automatic,Used,14990,"69,0",2020,"9,615138591096644",2,"9,706114228610652","-0,09097563751400806","0,09097563751400806"
89900,Volkswagen,up!,Gasoline,Manual,Used,6299,"60,0",2015,"8,74814616962193",7,"8,712348000913678","0,0357981687082507","0,0357981687082507"
6236,Ford,Puma,Gasoline,Manual,Employee's car,24990,"155,0",2020,"10,126231023828998",2,"10,096041929346239","0,030189094482759415","0,030189094482759415"
10,Volkswagen,T-Cross,Gasoline,Manual,Pre-registered,20590,"95,0",2021,"9,932560800021836",1,"9,713888503814639","0,2186722962071972","0,2186722962071972"
23188,Renault,Clio,Gasoline,Manual,Used,7950,"73,0",2016,"8,980927207648378",6,"9,031013519494941","-0,05008631184656309","0,05008631184656309"
109522,Opel,Adam,Gasoline,Manual,Used,7290,"69,0",2015,"8,894258825002703",7,"8,716062203992944","0,17819662100975897","0,17819662100975897"
158869,Opel,Meriva,Diesel,Manual,Used,5499,"136,0",2014,"8,612321536507814",8,"9,01321306208433","-0,4008915255765153","0,4008915255765153"
12480,Renault,Koleos,Gasoline,Automatic,Demonstration,40280,"158,0",2021,"10,603610346832498",1,"10,423625247319857","0,17998509951264197","0,17998509951264197"
247394,Volkswagen,Crafter,Diesel,Manual,Used,9499,"163,0",2011,"9,158941808890182",11,"8,778510625986671","0,38043118290351075","0,38043118290351075"
62162,Volkswagen,Golf,Gasoline,Manual,Used,11410,"86,0",2014,"9,342245442856122",8,"8,980333211331793","0,36191223152432883","0,36191223152432883"
86228,Opel,Corsa,Gasoline,Manual,Used,5186,"69,0",2011,"8,55371796609861",11,"8,636382089119298","-0,08266412302068815","0,08266412302068815"
79800,Opel,Astra,Gasoline,Manual,Used,7500,"140,0",2012,"8,922658299524402",10,"9,057351439036076","-0,13469313951167372","0,13469313951167372"
139757,Volkswagen,Sharan,Gasoline,Manual,Used,17450,"150,0",2018,"9,767094927630573",4,"9,436921131802732","0,33017379582784123","0,33017379582784123"
156000,Opel,Astra,Diesel,Automatic,Used,8950,"165,0",2012,"9,099408811268901",10,"9,022715511335784","0,07669329993311713","0,07669329993311713"
88523,Opel,Zafira,Diesel,Manual,Used,9890,"125,0",2013,"9,199279424616758",9,"9,15499134447596","0,04428808014079877","0,04428808014079877"
82000,Ford,Fiesta,Gasoline,Manual,Used,6800,"80,0",2015,"8,824677891164198",7,"8,92074889755532","-0,09607100639112254","0,09607100639112254"
100,Skoda,Fabia,Gasoline,Manual,Pre-registered,14680,"60,0",2021,"9,594241302168507",1,"9,532040413074462","0,06220088909404531","0,06220088909404531"
28800,Ford,Mondeo,Diesel,Manual,Used,19900,"120,0",2019,"9,898475010712584",3,"9,804290707772653","0,09418430293993119","0,09418430293993119"
99887,Ford,C-Max,Gasoline,Manual,Used,7667,"101,0",2013,"8,944680683558895",9,"8,799216212012455","0,1454644715464397","0,1454644715464397"
73600,Volkswagen,Polo,Gasoline,Manual,Used,7990,"90,0",2013,"8,98594603876032",9,"8,877638815385891","0,10830722337442822","0,10830722337442822"
220500,Ford,Focus,Diesel,Automatic,Used,5900,"116,0",2014,"8,68270762989381",8,"8,830023667862392","-0,14731603796858117","0,14731603796858117"
169900,Opel,Corsa,Gasoline,Manual,Used,5790,"69,0",2015,"8,663887570567042",7,"8,593333941336889","0,07055362923015274","0,07055362923015274"
7258,Volkswagen,Golf,Gasoline,Manual,Employee's car,24900,"131,0",2020,"10,1226230824528",2,"9,964683429213435","0,15793965323936376","0,15793965323936376"
6500,Renault,ZOE,Electric,Automatic,Used,8500,"58,0",2016,"9,047821442478408",6,"9,016337082373438","0,03148436010497058","0,03148436010497058"
71100,Ford,Fiesta,Gasoline,Manual,Used,7600,"101,0",2013,"8,935903526274423",9,"8,88903714213245","0,04686638414197297","0,04686638414197297"
22500,Volkswagen,up!,Gasoline,Manual,Used,8990,"60,0",2018,"9,103868127465667",4,"9,05115899907451","0,05270912839115738","0,05270912839115738"
46691,Volkswagen,Golf Variant,Diesel,Manual,Used,23990,"184,0",2018,"10,08539235583374",4,"10,09485053709729","-0,009458181263550358","0,009458181263550358"
129500,Skoda,Roomster,Gasoline,Manual,Used,4990,"105,0",2011,"8,515191188745565",11,"8,794828390734583","-0,27963720198901854","0,27963720198901854"
20500,Ford,Kuga,Gasoline,Manual,Used,19990,"150,0",2019,"9,902987427494446",3,"9,96722610581945","-0,06423867832500285","0,06423867832500285"
21886,Volkswagen,Beetle,Gasoline,Automatic,Used,16650,"105,0",2016,"9,72016549540859",6,"9,469087479395013","0,2510780160135777","0,2510780160135777"
10,Volkswagen,Golf,Gasoline,Automatic,Pre-registered,29990,"150,0",2021,"10,308619271743055",1,"10,281368257662706","0,027251014080349023","0,027251014080349023"
84311,Volkswagen,up!,Gasoline,Manual,Used,6420,"60,0",2018,"8,767173396684006",4,"8,857027656142995","-0,0898542594589884","0,0898542594589884"
27465,Opel,Corsa,Gasoline,Manual,Used,7400,"69,0",2016,"8,909235279192261",6,"8,956272820513258","-0,04703754132099647","0,04703754132099647"
90000,Volkswagen,Golf,Gasoline,Manual,Used,8590,"105,0",2011,"9,0583540149783",11,"8,910770921599173","0,14758309337912756","0,14758309337912756"
156479,Opel,Insignia,Diesel,Manual,Used,13750,"170,0",2018,"9,528794103094718",4,"9,405239145857333","0,12355495723738485","0,12355495723738485"
156000,Volkswagen,Golf,Gasoline,Manual,Used,7400,"86,0",2014,"8,909235279192261",8,"8,731957609540446","0,17727766965181502","0,17727766965181502"
150800,Opel,Zafira Tourer,Diesel,Manual,Used,6950,"131,0",2014,"8,846496938558838",8,"8,96074573165","-0,11424879309116243","0,11424879309116243"
90365,Volkswagen,up!,Gasoline,Manual,Used,6390,"60,0",2016,"8,762489547371581",6,"8,771848989047133","-0,009359441675551139","0,009359441675551139"
7965,Volkswagen,Golf,Gasoline,Manual,Used,19900,"131,0",2020,"9,898475010712584",2,"9,963364613808867","-0,06488960309628311","0,06488960309628311"
188000,Opel,Insignia,Diesel,Manual,Used,7950,"160,0",2011,"8,980927207648378",11,"8,730087193263595","0,2508400143847833","0,2508400143847833"
10,Ford,Fiesta,Gasoline,Manual,Used,13990,"95,0",2021,"9,546098067659527",1,"9,713888503814639","-0,16779043615511213","0,16779043615511213"
137000,Opel,Astra,Diesel,Manual,Used,6950,"110,0",2014,"8,846496938558838",8,"8,975670179895285","-0,12917324133644748","0,12917324133644748"
62000,Volkswagen,Golf,Gasoline,Manual,Used,14500,"150,0",2015,"9,581903928408666",7,"9,489033086994441","0,09287084141422497","0,09287084141422497"
200000,Volkswagen,Golf,Diesel,Manual,Used,7000,"110,0",2015,"8,85366542803745",7,"8,857379188861028","-0,003713760823577772","0,003713760823577772"
140000,Ford,Mondeo,Gasoline,Automatic,Used,12300,"203,0",2015,"9,417354541360508",7,"9,532898966670635","-0,11554442531012654","0,11554442531012654"
85000,Opel,Corsa,Gasoline,Manual,Used,6990,"75,0",2015,"8,852235835227855",7,"8,81740091092777","0,03483492430008539","0,03483492430008539"
45499,Ford,Focus,Gasoline,Manual,Used,13900,"125,0",2018,"9,539644119118783",4,"9,6338690417104","-0,09422492259161608","0,09422492259161608"
97000,Opel,Astra,Diesel,Manual,Used,9699,"95,0",2017,"9,179778066393542",5,"9,135509198786144","0,04426886760739812","0,04426886760739812"
76600,Ford,Focus,Gasoline,Automatic,Used,11300,"125,0",2017,"9,332558004700433",5,"9,645074013261201","-0,31251600856076855","0,31251600856076855"
10,Renault,Clio,Gasoline,Manual,Used,16490,"91,0",2021,"9,710509415553645",1,"9,757998241642072","-0,047488826088427416","0,047488826088427416"
120000,Opel,Astra,Diesel,Manual,Used,7999,"110,0",2016,"8,987071812848821",6,"9,109566938244852","-0,12249512539603025","0,12249512539603025"
8146,Ford,Puma,Electric/Gasoline,Manual,Employee's car,21930,"125,0",2020,"9,995610841411933",2,"9,890704801505695","0,10490603990623804","0,10490603990623804"
167133,Skoda,Octavia,Diesel,Automatic,Used,10800,"150,0",2016,"9,287301413112312",6,"9,32547266531246","-0,03817125220014894","0,03817125220014894"
39115,Ford,Fiesta,Gasoline,Manual,Employee's car,12470,"101,0",2019,"9,431081038674082",3,"9,403353201686851","0,027727836987230248","0,027727836987230248"
200000,Volkswagen,Polo,Diesel,Manual,Used,5200,"75,0",2011,"8,556413904569519",11,"8,547760614793072","0,008653289776447082","0,008653289776447082"
83623,Volkswagen,Polo,Gasoline,Manual,Used,6790,"60,0",2013,"8,823206220552741",9,"8,642747854200618","0,18045836635212353","0,18045836635212353"
34100,Volkswagen,Polo,Diesel,Automatic,Used,16888,"95,0",2019,"9,734358589528156",3,"9,66945217633002","0,06490641319813584","0,06490641319813584"
42990,Renault,Twingo,Gasoline,Manual,Used,7440,"71,0",2016,"8,914626127827137",6,"8,859878336565666","0,054747791261471335","0,054747791261471335"
9900,Ford,Fiesta,Gasoline,Manual,Employee's car,16400,"125,0",2020,"9,70503661381229",2,"9,892935579958381","-0,1878989661460917","0,1878989661460917"
185000,Volkswagen,Golf,Diesel,Automatic,Used,9590,"170,0",2011,"9,168476167877484",11,"9,118417478671555","0,050058689205929596","0,050058689205929596"
163000,Volkswagen,Golf,Diesel,Manual,Used,11990,"184,0",2013,"9,39182824802156",9,"9,346397412823386","0,04543083519817337","0,04543083519817337"
95927,Skoda,Octavia,Diesel,Manual,Used,18890,"184,0",2017,"9,846387960495555",5,"9,85459122628287","-0,008203265787315672","0,008203265787315672"
208040,Ford,Transit,Diesel,Manual,Used,8950,"125,0",2013,"9,099408811268901",9,"8,899170986095184","0,20023782517371735","0,20023782517371735"
99000,Opel,Astra,Gasoline,Manual,Used,6850,"101,0",2012,"8,83200393125627",10,"8,713678804998075","0,11832512625819547","0,11832512625819547"
19212,Skoda,Octavia,Diesel,Automatic,Employee's car,27990,"150,0",2020,"10,2396025825095",2,"10,236832410995625","0,0027701715138750416","0,0027701715138750416"
78000,Skoda,Citigo,Gasoline,Manual,Used,6299,"75,0",2016,"8,74814616962193",6,"8,91422064188117","-0,16607447225924155","0,16607447225924155"
221000,Volkswagen,Passat Variant,Diesel,Manual,Used,7900,"140,0",2013,"8,974618038455112",9,"9,056075267729648","-0,08145722927453569","0,08145722927453569"
28500,Opel,Astra,Gasoline,Manual,Used,12490,"125,0",2016,"9,432683603119623",6,"9,468749204200284","-0,03606560108066148","0,03606560108066148"
68000,Volkswagen,up!,Gasoline,Manual,Used,6500,"60,0",2014,"8,779557455883728",8,"8,703875152656744","0,07568230322698355","0,07568230322698355"
174000,Volkswagen,T5 Transporter,Diesel,Manual,Used,20990,"179,0",2012,"9,951801412814678",10,"9,765329712475191","0,1864717003394869","0,1864717003394869"
41340,Skoda,Rapid/Spaceback,Gasoline,Manual,Used,10599,"110,0",2017,"9,268514936027255",5,"9,483998585264656","-0,2154836492374006","0,2154836492374006"
15,Ford,S-Max,Gasoline,Automatic,Demonstration,41590,"150,0",2021,"10,635615032736958",1,"10,262050379122373","0,3735646536145847","0,3735646536145847"
49682,Volkswagen,Golf,Gasoline,Automatic,Used,33880,"310,0",2018,"10,43058014876599",4,"10,355645502375362","0,07493464639062886","0,07493464639062886"
123814,Volkswagen,Passat,Diesel,Manual,Used,8990,"105,0",2012,"9,103868127465667",10,"8,931336483088216","0,17253164437745028","0,17253164437745028"
98804,Opel,Corsa,Gasoline,Manual,Used,4799,"87,0",2012,"8,476162841858246",10,"8,632842959836434","-0,1566801179781887","0,1566801179781887"
21840,Ford,Fiesta,Gasoline,Manual,Used,13490,"86,0",2019,"9,509703949201802",3,"9,429344967594005","0,08035898160779631","0,08035898160779631"
99,Renault,ZOE,Electric,Automatic,Pre-registered,21780,"136,0",2021,"9,988747396486952",1,"10,243318986032886","-0,2545715895459342","0,2545715895459342"
99756,Volkswagen,Polo,Gasoline,Manual,Used,8990,"105,0",2014,"9,103868127465667",8,"9,12708037087465","-0,023212243408982758","0,023212243408982758"
110791,Skoda,Rapid/Spaceback,Gasoline,Manual,Used,6900,"86,0",2014,"8,83927669058535",8,"8,85859119901034","-0,01931450842498883","0,01931450842498883"
47000,Opel,Astra,Gasoline,Manual,Used,9280,"140,0",2012,"9,135616825780247",10,"9,13621661645745","-0,0005997906772030603","0,0005997906772030603"
79400,Opel,Corsa,Gasoline,Manual,Used,5990,"87,0",2012,"8,697846691109495",10,"8,685569224240623","0,012277466868871656","0,012277466868871656"
64800,Renault,Clio,Gasoline,Manual,Used,6900,"90,0",2014,"8,83927669058535",8,"8,961355497921854","-0,12207880733650356","0,12207880733650356"
7,Skoda,Kamiq,Gasoline,Manual,Pre-registered,22990,"116,0",2021,"10,042814617757227",1,"9,997845949003795","0,044968668753432084","0,044968668753432084"
50,Skoda,Karoq,Gasoline,Manual,Pre-registered,21450,"110,0",2021,"9,973479924356162",1,"9,925356407023447","0,04812351733271569","0,04812351733271569"
144000,Skoda,Octavia,Diesel,Automatic,Used,9599,"150,0",2013,"9,169414205363537",9,"9,259094680279674","-0,08968047491613618","0,08968047491613618"
135000,Volkswagen,Golf,Gasoline,Manual,Used,5490,"86,0",2011,"8,610683534503575",11,"8,67093809781518","-0,06025456331160406","0,06025456331160406"
47427,Opel,Karl,Gasoline,Manual,Used,8900,"75,0",2018,"9,093806555720231",4,"9,154496440426772","-0,06068988470654091","0,06068988470654091"
87879,Skoda,Octavia,Diesel,Manual,Used,8595,"140,0",2013,"9,05893591781695",9,"9,34684196547907","-0,2879060476621209","0,2879060476621209"
123000,Renault,Grand Modus,Diesel,Manual,Used,5200,"88,0",2012,"8,556413904569519",10,"8,690846713894118","-0,13443280932459878","0,13443280932459878"
107757,Opel,Zafira,Diesel,Manual,Used,6980,"110,0",2014,"8,850804195756417",8,"9,082877067739215","-0,23207287198279758","0,23207287198279758"
28800,Opel,Corsa,Gasoline,Manual,Used,9950,"90,0",2018,"9,205327830152639",4,"9,262365006114958","-0,05703717596231961","0,05703717596231961"
45383,Ford,Focus,Gasoline,Manual,Used,8250,"125,0",2014,"9,017968479328726",8,"9,26295331330501","-0,24498483397628412","0,24498483397628412"
156200,Volkswagen,Golf Variant,Diesel,Manual,Used,9100,"150,0",2014,"9,116029692504942",8,"9,220431537707395","-0,1044018452024531","0,1044018452024531"
33868,Renault,Scenic,Gasoline,Manual,Used,12490,"116,0",2017,"9,432683603119623",5,"9,47611465042275","-0,043431047303126746","0,043431047303126746"
98000,Skoda,Fabia,Gasoline,Manual,Used,5650,"86,0",2013,"8,639410824140487",9,"8,82599023954049","-0,18657941540000245","0,18657941540000245"
14105,Opel,Crossland X,Gasoline,Manual,Used,17290,"110,0",2020,"9,757883578677337",2,"9,753265864508922","0,004617714168414722","0,004617714168414722"
1000,Opel,Corsa,Gasoline,Manual,Used,11990,"90,0",2019,"9,39182824802156",3,"9,459134198594661","-0,06730595057310218","0,06730595057310218"
181000,Skoda,Octavia,Gasoline,Manual,Used,5700,"105,0",2013,"8,648221453822641",9,"8,735385920320624","-0,08716446649798293","0,08716446649798293"
66035,Opel,Adam,Gasoline,Manual,Used,11050,"101,0",2018,"9,3101857069459",4,"9,299823750237305","0,010361956708594633","0,010361956708594633"
167000,Volkswagen,Passat Variant,Diesel,Manual,Used,14499,"150,0",2015,"9,581834960513193",7,"9,272089186571293","0,3097457739419003","0,3097457739419003"
85848,Ford,Fiesta,Gasoline,Manual,Used,5900,"60,0",2014,"8,68270762989381",8,"8,659288174546651","0,023419455347159612","0,023419455347159612"
2650,Ford,Puma,Electric/Gasoline,Manual,Employee's car,21950,"125,0",2020,"9,996522418503318",2,"9,899010495251902","0,09751192325141567","0,09751192325141567"
10,Ford,Puma,Gasoline,Manual,Demonstration,16950,"95,0",2021,"9,738023112808596",1,"9,713888503814639","0,024134608993957585","0,024134608993957585"
26794,Volkswagen,Golf,Gasoline,Automatic,Used,21790,"131,0",2019,"9,989206427938665",3,"9,845016815558104","0,14418961238056127","0,14418961238056127"
500,Ford,Fiesta,Gasoline,Manual,Demonstration,13950,"75,0",2021,"9,543234787249512",1,"9,556652429135177","-0,013417641885665077","0,013417641885665077"
5000,Renault,Clio,Gasoline,Manual,Used,11000,"90,0",2018,"9,305650551780507",4,"9,364228060280862","-0,05857750850035437","0,05857750850035437"
200000,Ford,Mondeo,Diesel,Automatic,Used,10800,"179,0",2015,"9,287301413112312",7,"9,54946359273081","-0,26216217961849786","0,26216217961849786"
58300,Opel,Mokka,Gasoline,Manual,Used,10990,"140,0",2014,"9,304741047397666",8,"9,310568052898523","-0,005827005500856686","0,005827005500856686"
73882,Skoda,Roomster,Gasoline,Manual,Used,6950,"105,0",2013,"8,846496938558838",9,"9,129428523883906","-0,282931585325068","0,282931585325068"
54150,Volkswagen,Golf,Gasoline,Manual,Used,11990,"105,0",2014,"9,39182824802156",8,"9,242769532728737","0,14905871529282244","0,14905871529282244"
106000,Opel,Zafira,Diesel,Automatic,Used,14750,"170,0",2016,"9,598998361767967",6,"9,504221016799004","0,0947773449689624","0,0947773449689624"
109149,Opel,Zafira Tourer,Diesel,Automatic,Used,10450,"165,0",2012,"9,254357257392957",10,"9,209735081076362","0,044622176316595485","0,044622176316595485"
21044,Ford,Fiesta,Gasoline,Manual,Used,8390,"65,0",2017,"9,034795799461252",5,"9,143602937010364","-0,1088071375491122","0,1088071375491122"
132000,Opel,Meriva,Gasoline,Manual,Used,6700,"120,0",2015,"8,809862805379057",7,"8,989236286773858","-0,17937348139480136","0,17937348139480136"
2000,Ford,Fiesta,Gasoline,Manual,Demonstration,18990,"95,0",2021,"9,85166780380633",1,"9,768082085147219","0,08358571865911202","0,08358571865911202"
204100,Volkswagen,Passat Variant,Diesel,Automatic,Used,11899,"120,0",2016,"9,384209641955154",6,"9,094016643463155","0,29019299849199953","0,29019299849199953"
17891,Volkswagen,Polo,Gasoline,Manual,Used,9930,"75,0",2016,"9,203315757039219",6,"9,079808852466785","0,12350690457243374","0,12350690457243374"
52862,Volkswagen,Golf Variant,Gasoline,Automatic,Used,17550,"125,0",2018,"9,772809228894012",4,"9,781416359050878","-0,008607130156866205","0,008607130156866205"
48280,Ford,Fiesta,Gasoline,Manual,Used,6100,"82,0",2012,"8,716044050161402",10,"8,766433556259654","-0,05038950609825221","0,05038950609825221"
36494,Volkswagen,Golf,Gasoline,Manual,Used,14879,"110,0",2016,"9,607706101827697",6,"9,440950119718416","0,16675598210928122","0,16675598210928122"
19399,Volkswagen,Caddy,Diesel,Manual,Used,9960,"75,0",2016,"9,206332350578643",6,"9,174075064315296","0,032257286263346785","0,032257286263346785"
100000,Skoda,Octavia,Gasoline,Manual,Used,8980,"122,0",2012,"9,102755161296246",10,"9,03219646212188","0,07055869917436652","0,07055869917436652"
23257,Ford,Mondeo,Gasoline,Automatic,Used,21550,"140,0",2019,"9,978131095531895",3,"9,890131354255171","0,0879997412767235","0,0879997412767235"
154000,Volkswagen,Golf,Gasoline,Manual,Used,8950,"140,0",2012,"9,099408811268901",10,"8,773009915686035","0,32639889558286583","0,32639889558286583"
71200,Volkswagen,Golf,Diesel,Manual,Used,13555,"110,0",2016,"9,514510761932765",6,"9,339724362825686","0,17478639910707905","0,17478639910707905"
117000,Opel,Zafira Tourer,Diesel,Manual,Used,14399,"136,0",2018,"9,57491403870827",4,"9,375532805632414","0,1993812330758562","0,1993812330758562"
139300,Ford,Fiesta,Diesel,Manual,Used,5499,"95,0",2013,"8,612321536507814",9,"8,703339459321656","-0,09101792281384213","0,09101792281384213"
80000,Opel,Corsa,Gasoline,Manual,Used,5980,"87,0",2011,"8,696175846944678",11,"8,625583468415675","0,07059237852900324","0,07059237852900324"
31335,Volkswagen,up!,Gasoline,Manual,Used,9997,"90,0",2016,"9,210040326967182",6,"9,160750763863778","0,04928956310340382","0,04928956310340382"
146000,Ford,Mondeo,Diesel,Manual,Used,7400,"140,0",2012,"8,909235279192261",10,"9,117473073951627","-0,20823779475936632","0,20823779475936632"
174000,Opel,Insignia,Diesel,Manual,Used,7555,"194,0",2012,"8,92996487470684",10,"8,84308560260089","0,08687927210594992","0,08687927210594992"
4200,Renault,Captur,Gasoline,Automatic,Demonstration,23490,"131,0",2020,"10,064330077652958",2,"10,003774431069683","0,060555646583274836","0,060555646583274836"
78571,Ford,Focus,Gasoline,Manual,Used,5900,"101,0",2014,"8,68270762989381",8,"8,940400441236546","-0,2576928113427357","0,2576928113427357"
56000,Ford,Transit Custom,Diesel,Manual,Used,11490,"101,0",2015,"9,3492323708428",7,"9,347374025720816","0,0018583451219846836","0,0018583451219846836"
124998,Skoda,Octavia,Gasoline,Manual,Used,7990,"122,0",2011,"8,98594603876032",11,"8,885211758561837","0,1007342801984823","0,1007342801984823"
25000,Volkswagen,T-Roc,Diesel,Automatic,Demonstration,24990,"150,0",2018,"10,126231023828998",4,"10,16022250488957","-0,03399148106057126","0,03399148106057126"
15892,Opel,Corsa,Gasoline,Manual,Used,12740,"75,0",2020,"9,452501929126154",2,"9,453981909436406","-0,0014799803102523157","0,0014799803102523157"
16707,Volkswagen,Golf Sportsvan,Gasoline,Manual,Used,19990,"131,0",2020,"9,902987427494446",2,"9,901755576847606","0,0012318506468407264","0,0012318506468407264"
16359,Ford,Focus,Gasoline,Automatic,Employee's car,26949,"150,0",2020,"10,201701469897316",2,"10,149743401414185","0,051958068483131115","0,051958068483131115"
158000,Volkswagen,Caddy,Diesel,Automatic,Used,11970,"102,0",2013,"9,390158798552019",9,"9,127456164346578","0,26270263420544104","0,26270263420544104"
145000,Ford,Kuga,Diesel,Automatic,Used,7990,"140,0",2012,"8,98594603876032",10,"9,162342159566235","-0,17639612080591505","0,17639612080591505"
8600,Ford,Fiesta,Gasoline,Automatic,Used,16500,"101,0",2019,"9,711115659888671",3,"9,707675055124716","0,0034406047639556903","0,0034406047639556903"
10,Renault,Clio,LPG,Manual,Used,15990,"101,0",2020,"9,679718805828",2,"9,680436197897844","-0,000717392069844891","0,000717392069844891"
60100,Opel,Mokka,Gasoline,Manual,Used,10900,"140,0",2015,"9,296518068217235",7,"9,352647277791817","-0,056129209574582006","0,056129209574582006"
12500,Opel,Corsa,Gasoline,Manual,Used,11280,"101,0",2018,"9,33078652505205",4,"9,459929164801508","-0,1291426397494586","0,1291426397494586"
60200,Opel,Mokka,Gasoline,Manual,Used,11490,"140,0",2013,"9,3492323708428",9,"9,218567480827502","0,13066489001529824","0,13066489001529824"
122640,Volkswagen,Tiguan,Diesel,Manual,Used,11800,"140,0",2014,"9,375854810453756",8,"9,306262479404745","0,06959233104901053","0,06959233104901053"
41800,Opel,Astra,Gasoline,Manual,Used,11390,"140,0",2015,"9,340491056441229",7,"9,396765912748322","-0,056274856307092946","0,056274856307092946"
115365,Opel,Corsa,Gasoline,Manual,Used,4777,"87,0",2012,"8,471568013389962",10,"8,59049113469976","-0,11892312130979832","0,11892312130979832"
49806,Volkswagen,Polo,Gasoline,Manual,Used,6990,"60,0",2015,"8,852235835227855",7,"8,80962707752925","0,042608757698605615","0,042608757698605615"
74280,Opel,Corsa,Gasoline,Manual,Used,5490,"69,0",2011,"8,610683534503575",11,"8,637040319271886","-0,026356784768310604","0,026356784768310604"
43500,Opel,Mokka,Gasoline,Manual,Used,11450,"116,0",2017,"9,345745008982385",5,"9,467320746168372","-0,12157573718598691","0,12157573718598691"
8089,Ford,Puma,Electric/Gasoline,Manual,Used,22990,"125,0",2020,"10,042814617757227",2,"9,890704801505695","0,15210981625153153","0,15210981625153153"
144000,Ford,Galaxy,Diesel,Manual,Used,12199,"163,0",2014,"9,409109260148737",8,"9,175285090774247","0,2338241693744898","0,2338241693744898"
100,Volkswagen,Tiguan,Gasoline,Manual,Pre-registered,26699,"150,0",2021,"10,192381390503432",1,"10,192370461651612","1,0928851819969054e-05","1,0928851819969054e-05"
67683,Renault,Megane,Gasoline,Automatic,Used,13990,"132,0",2016,"9,546098067659527",6,"9,509748529199125","0,03634953846040112","0,03634953846040112"
111508,Volkswagen,Touran,Diesel,Automatic,Used,14890,"116,0",2017,"9,608445125678054",5,"9,460723110098687","0,14772201557936704","0,14772201557936704"
59889,Ford,Focus,Diesel,Manual,Used,11490,"163,0",2014,"9,3492323708428",8,"9,408025751656226","-0,05879338081342489","0,05879338081342489"
48434,Renault,Twingo,Gasoline,Manual,Used,6990,"69,0",2017,"8,852235835227855",5,"8,986503054539234","-0,1342672193113792","0,1342672193113792"
77000,Opel,Astra,Gasoline,Manual,Used,10990,"150,0",2016,"9,304741047397666",6,"9,538777900943396","-0,23403685354572978","0,23403685354572978"
116284,Volkswagen,Polo,Gasoline,Manual,Used,6900,"105,0",2011,"8,83927669058535",11,"8,846100274400271","-0,006823583814920653","0,006823583814920653"
4000,Volkswagen,Tiguan,Gasoline,Automatic,Used,30849,"150,0",2020,"10,3368596138973",2,"10,216537226143203","0,1203223877540971","0,1203223877540971"
57179,Skoda,Fabia,Gasoline,Manual,Used,8985,"60,0",2017,"9,103311799217659",5,"8,91507092879275","0,18824087042490945","0,18824087042490945"
113789,Opel,Astra,Diesel,Manual,Used,8220,"136,0",2014,"9,014325488050225",8,"9,156536410009489","-0,1422109219592631","0,1422109219592631"
37484,Ford,Fiesta,Gasoline,Manual,Used,8290,"71,0",2019,"9,022805248129341",3,"9,085832688476735","-0,06302744034739405","0,06302744034739405"
1001,Volkswagen,Transporter,Diesel,Manual,Used,31920,"110,0",2021,"10,370988051563746",1,"10,192815140714282","0,1781729108494634","0,1781729108494634"
48517,Volkswagen,Golf,Gasoline,Manual,Used,9980,"86,0",2014,"9,20833836930551",8,"9,011133106206822","0,19720526309868802","0,19720526309868802"
23000,Opel,Insignia,Gasoline,Automatic,Used,25490,"165,0",2020,"10,146041497370161",2,"10,109107199873517","0,036934297496644675","0,036934297496644675"
44700,Volkswagen,Polo,-/- (Fuel),Manual,Used,8490,"60,0",2016,"9,046644279305394",6,"8,906427476029938","0,1402168032754556","0,1402168032754556"
77017,Volkswagen,Golf Sportsvan,Gasoline,Manual,Used,12900,"125,0",2015,"9,464982590349763",7,"9,31040502280848","0,15457756754128305","0,15457756754128305"
89819,Volkswagen,Golf,Gasoline,Automatic,Used,13580,"125,0",2014,"9,516353401112687",8,"9,301941015671028","0,21441238544165842","0,21441238544165842"
36653,Opel,Corsa,Gasoline,Manual,Used,10440,"116,0",2017,"9,25339986143663",5,"9,461691310930087","-0,20829144949345668","0,20829144949345668"
5000,Renault,Talisman,Gasoline,Automatic,Demonstration,38950,"224,0",2021,"10,570034051298894",1,"10,572589742184515","-0,0025556908856216864","0,0025556908856216864"
1,Volkswagen,T-Cross,Gasoline,Manual,Pre-registered,19495,"110,0",2021,"9,877913301416697",1,"9,939787381733113","-0,06187408031641617","0,06187408031641617"
76800,Volkswagen,up!,Gasoline,Manual,Used,6000,"75,0",2012,"8,699514748210191",10,"8,635081310590156","0,0644334376200355","0,0644334376200355"
24195,Renault,Twingo,Gasoline,Manual,Used,5590,"71,0",2015,"8,628734566149145",7,"8,850665920596684","-0,22193135444753942","0,22193135444753942"
21217,Opel,Astra,Others,Manual,Used,15790,"105,0",2019,"9,667132107249687",3,"9,568891033315712","0,09824107393397519","0,09824107393397519"
83016,Volkswagen,Golf,Gasoline,Manual,Used,9160,"105,0",2012,"9,122601457668177",10,"8,991559283856514","0,13104217381166272","0,13104217381166272"
141701,Opel,Meriva,Diesel,Manual,Used,5599,"110,0",2012,"8,630343289348893",10,"8,75188167765977","-0,12153838831087604","0,12153838831087604"
97000,Volkswagen,Golf,Gasoline,Manual,Used,8450,"122,0",2011,"9,041921720351219",11,"8,996000568762252","0,045921151588967035","0,045921151588967035"
81860,Ford,Kuga,Gasoline,Manual,Used,11980,"150,0",2014,"9,39099387166944",8,"9,386177689925987","0,0048161817434539955","0,0048161817434539955"
163975,Opel,Movano,Diesel,Manual,Used,11900,"145,0",2012,"9,38429367909962",10,"9,06841649755073","0,3158771815488901","0,3158771815488901"
101360,Renault,Kangoo,Diesel,Manual,Used,6799,"90,0",2012,"8,82453082152646",10,"8,81234170303652","0,012189118489940753","0,012189118489940753"
174000,Skoda,Fabia,Diesel,Manual,Used,7790,"105,0",2017,"8,960596138864794",5,"9,006883097442325","-0,04628695857753051","0,04628695857753051"
20,Volkswagen,Tiguan,Gasoline,Automatic,Pre-registered,32700,"150,0",2021,"10,395130356885344",1,"10,262050379122373","0,13307997776297142","0,13307997776297142"
100000,Volkswagen,Golf Variant,Diesel,Automatic,Used,12990,"150,0",2013,"9,471935109664646",9,"9,396560135232226","0,07537497443241925","0,07537497443241925"
13049,Ford,Fiesta,Gasoline,Manual,Used,12950,"86,0",2019,"9,468851067127684",3,"9,475140943867949","-0,0062898767402650435","0,0062898767402650435"
77200,Opel,Meriva,Gasoline,Manual,Used,7980,"120,0",2014,"8,984693690443855",8,"9,081328739749083","-0,09663504930522748","0,09663504930522748"
73771,Skoda,Fabia,Gasoline,Manual,Used,9680,"90,0",2016,"9,177817180270623",6,"9,057189152242183","0,12062802802843997","0,12062802802843997"
11260,Ford,Ka/Ka+,Gasoline,Manual,Used,9300,"86,0",2016,"9,137769679141348",6,"9,361110205872047","-0,22334052673069849","0,22334052673069849"
83120,Opel,Mokka,Gasoline,Automatic,Used,14550,"140,0",2015,"9,585346272599638",7,"9,418369994345216","0,16697627825442218","0,16697627825442218"
110950,Volkswagen,Golf,Diesel,Manual,Used,10490,"110,0",2016,"9,258177701390343",6,"9,164939159509231","0,09323854188111191","0,09323854188111191"
25773,Volkswagen,Golf,Diesel,Automatic,Used,24390,"150,0",2020,"10,101928491209966",2,"10,205849455595883","-0,10392096438591736","0,10392096438591736"
20,Renault,ZOE,Electric,Automatic,Pre-registered,19990,"136,0",2021,"9,902987427494446",1,"10,204966817377725","-0,30197938988327877","0,30197938988327877"
70000,Skoda,Citigo,Gasoline,Manual,Used,5000,"68,0",2014,"8,517193191416238",8,"8,725340457306192","-0,20814726588995391","0,20814726588995391"
120050,Ford,Focus,Gasoline,Manual,Used,7375,"101,0",2014,"8,905851181208021",8,"8,80074685375658","0,10510432745144094","0,10510432745144094"
91100,Volkswagen,up!,Gasoline,Manual,Used,4880,"60,0",2013,"8,492900498847193",9,"8,659012329047506","-0,16611183020031284","0,16611183020031284"
21610,Volkswagen,Sharan,Gasoline,Automatic,Employee's car,30950,"150,0",2020,"10,340128278112742",2,"10,134075510805928","0,20605276730681332","0,20605276730681332"
91000,Opel,Meriva,Gasoline,Manual,Used,6349,"120,0",2011,"8,75605259917045",11,"8,807637070416481","-0,051584471246030716","0,051584471246030716"
129507,Opel,Zafira,Diesel,Manual,Used,9780,"120,0",2017,"9,188094763028863",5,"9,170575175954827","0,01751958707403567","0,01751958707403567"
30000,Ford,Transit Connect,Diesel,Automatic,Used,19491,"101,0",2019,"9,877708099548641",3,"9,79818239951022","0,07952570003842219","0,07952570003842219"
69750,Skoda,Superb,Diesel,Automatic,Used,26449,"190,0",2018,"10,182973629388371",4,"10,167122790440228","0,01585083894814332","0,01585083894814332"
21742,Ford,Focus,Diesel,Manual,Used,19990,"150,0",2020,"9,902987427494446",2,"10,152192360127707","-0,24920493263326016","0,24920493263326016"
36493,Volkswagen,Golf,Gasoline,Automatic,Used,19985,"125,0",2016,"9,902737271145424",6,"9,598915651807811","0,3038216193376133","0,3038216193376133"
50000,Volkswagen,Golf Plus,Gasoline,Manual,Used,9800,"122,0",2013,"9,190137664658664",9,"9,282446662219598","-0,09230899756093436","0,09230899756093436"
195672,Volkswagen,Scirocco,Gasoline,Manual,Used,6400,"122,0",2013,"8,764053269347762",9,"8,750807227039374","0,01324604230838844","0,01324604230838844"
16879,Volkswagen,T-Cross,Diesel,Automatic,Used,23943,"95,0",2020,"10,083431284544119",2,"9,909399140571752","0,17403214397236688","0,17403214397236688"
125000,Volkswagen,Golf,Gasoline,Manual,Used,4899,"105,0",2011,"8,496786381638575",11,"8,813463010064876","-0,3166766284263005","0,3166766284263005"
201500,Volkswagen,Caddy,Diesel,Manual,Used,6590,"102,0",2014,"8,793308627496552",8,"9,024791598634662","-0,23148297113811012","0,23148297113811012"
83150,Volkswagen,up!,Gasoline,Manual,Used,7230,"60,0",2016,"8,88599431515281",6,"8,764475065415477","0,12151924973733408","0,12151924973733408"
82812,Ford,Focus,Gasoline,Manual,Used,9390,"86,0",2017,"9,147400572202308",5,"9,112265739507544","0,03513483269476403","0,03513483269476403"
59700,Volkswagen,T6 Caravelle,Diesel,Automatic,Used,33479,"150,0",2019,"10,41867365557908",3,"10,053572429541248","0,365101226037833","0,365101226037833"
25800,Volkswagen,Polo,Gasoline,Manual,Used,15950,"95,0",2020,"9,67721410821299",2,"9,570102624490213","0,10711148372277712","0,10711148372277712"
100,Ford,Focus,Gasoline,Manual,Pre-registered,19991,"125,0",2021,"9,903037451255743",1,"9,994980391085479","-0,09194293982973534","0,09194293982973534"
79395,Opel,Corsa,Gasoline,Manual,Used,8990,"90,0",2018,"9,103868127465667",4,"9,142832998229492","-0,03896487076382549","0,03896487076382549"
18383,Renault,Megane,Gasoline,Manual,Used,14990,"114,0",2018,"9,615138591096644",4,"9,629579676130389","-0,014441085033745082","0,014441085033745082"
135476,Ford,Focus,Diesel,Manual,Used,7999,"120,0",2016,"8,987071812848821",6,"9,07719013170235","-0,09011831885352883","0,09011831885352883"
95700,Skoda,Octavia,Gasoline,Automatic,Used,9800,"179,0",2013,"9,190137664658664",9,"9,530666320880957","-0,34052865622229334","0,34052865622229334"
86000,Volkswagen,Golf,Gasoline,Manual,Used,8500,"86,0",2013,"9,047821442478408",9,"8,814239270941826","0,23358217153658245","0,23358217153658245"
110520,Volkswagen,Tiguan,Diesel,Automatic,Used,23950,"190,0",2018,"10,083723602839061",4,"10,03632529670425","0,04739830613481111","0,04739830613481111"
83000,Renault,Clio,Diesel,Manual,Used,7998,"90,0",2014,"8,986946789406764",8,"8,97739095756098","0,009555831845784013","0,009555831845784013"
40459,Renault,Clio,Gasoline,Manual,Used,7999,"90,0",2015,"8,987071812848821",7,"9,06987905256625","-0,08280723971742887","0,08280723971742887"
144000,Opel,Insignia,Diesel,Automatic,Used,9750,"136,0",2016,"9,185022563991893",6,"9,152939174912241","0,032083389079652136","0,032083389079652136"
23620,Opel,Corsa,Diesel,Manual,Used,10111,"75,0",2018,"9,2213792190914",4,"9,295848858527501","-0,07446963943610108","0,07446963943610108"
144000,Opel,Astra,LPG,Manual,Used,5870,"140,0",2013,"8,677609912822142",9,"8,926533115416346","-0,24892320259420408","0,24892320259420408"
190000,Opel,Zafira,Diesel,Automatic,Used,4999,"165,0",2012,"8,51699317141357",10,"8,919506123249537","-0,40251295183596625","0,40251295183596625"
79990,Opel,Mokka,Diesel,Automatic,Used,10499,"131,0",2013,"9,259035293514941",9,"9,193089725268266","0,06594556824667563","0,06594556824667563"
72000,Skoda,Octavia,Gasoline,Manual,Used,9790,"86,0",2018,"9,189116735524555",4,"9,23904614239951","-0,04992940687495384","0,04992940687495384"
25400,Renault,Clio,Gasoline,Manual,Used,9900,"76,0",2019,"9,20029003612268",3,"9,273130683733157","-0,0728406476104766","0,0728406476104766"
110000,Renault,Megane,Gasoline,Manual,Used,6099,"110,0",2012,"8,715880102296456",10,"8,777495289375686","-0,06161518707923008","0,06161518707923008"
129500,Opel,Insignia,Diesel,Manual,Used,9000,"160,0",2011,"9,104979856318357",11,"9,028853898879742","0,07612595743861483","0,07612595743861483"
86000,Opel,Adam,Gasoline,Manual,Used,6490,"87,0",2013,"8,778017809698136",9,"8,729040692970603","0,04897711672753324","0,04897711672753324"
15321,Ford,Kuga,Diesel,Manual,Employee's car,24580,"150,0",2020,"10,109688383120027",2,"10,187971927840639","-0,0782835447206125","0,0782835447206125"
90458,Skoda,Roomster,Gasoline,Manual,Used,5400,"86,0",2013,"8,594154232552366",9,"8,8432800302021","-0,24912579764973408","0,24912579764973408"
20,Skoda,Fabia,Gasoline,Manual,Pre-registered,16570,"95,0",2021,"9,71534911042061",1,"9,717721023967137","-0,0023719135465274377","0,0023719135465274377"
100,Skoda,Fabia,Gasoline,Manual,Pre-registered,14990,"95,0",2021,"9,615138591096644",1,"9,73442442279029","-0,11928583169364693","0,11928583169364693"
13500,Ford,Puma,Gasoline,Manual,Employee's car,17950,"125,0",2020,"9,795345393916424",2,"9,85845664753219","-0,06311125361576586","0,06311125361576586"
12,Opel,Corsa,Electric,Automatic,Demonstration,36980,"136,0",2021,"10,518132504941116",1,"10,203487411996443","0,3146450929446729","0,3146450929446729"
164211,Volkswagen,Golf Variant,Diesel,Automatic,Used,7780,"110,0",2016,"8,959311617172437",6,"9,127936728296817","-0,1686251111243795","0,1686251111243795"
165554,Volkswagen,Golf,Diesel,Manual,Used,10780,"110,0",2016,"9,285447844462988",6,"8,980342983635545","0,30510486082744315","0,30510486082744315"
38612,Renault,Clio,Gasoline,Manual,Used,9990,"73,0",2017,"9,2093398716426",5,"9,037510335676043","0,17182953596655715","0,17182953596655715"
21696,Volkswagen,T-Roc,Gasoline,Manual,Used,18379,"116,0",2019,"9,818963987465475",3,"9,727856229464834","0,09110775800064097","0,09110775800064097"
29530,Ford,Tourneo Courier,Gasoline,Manual,Used,11390,"101,0",2016,"9,340491056441229",6,"9,242637968728648","0,09785308771258094","0,09785308771258094"
12107,Volkswagen,Arteon,Gasoline,Automatic,Used,33908,"190,0",2020,"10,431406253728296",2,"10,395001556581526","0,03640469714676975","0,03640469714676975"
71300,Opel,Astra,Diesel,Manual,Used,7490,"110,0",2013,"8,921324076511265",9,"9,081741733055035","-0,16041765654376938","0,16041765654376938"
94135,Volkswagen,Golf,CNG,Manual,Used,9880,"110,0",2015,"9,198267790741914",7,"9,280603691298126","-0,08233590055621143","0,08233590055621143"
44599,Renault,ZOE,Electric,Automatic,Used,7540,"88,0",2016,"8,927977461002001",6,"9,02267641639146","-0,09469895538945927","0,09469895538945927"
63691,Renault,Captur,Diesel,Manual,Used,13989,"110,0",2018,"9,546026585476431",4,"9,422896702245177","0,12312988323125396","0,12312988323125396"
156000,Volkswagen,Golf Variant,Gasoline,Manual,Used,5999,"160,0",2011,"8,699348067653093",11,"8,932802214119679","-0,23345414646658647","0,23345414646658647"
128000,Ford,Focus,Diesel,Manual,Used,8649,"120,0",2017,"9,065198986306513",5,"9,179828189728592","-0,11462920342207994","0,11462920342207994"
77055,Opel,Astra,Gasoline,Manual,Used,9900,"116,0",2014,"9,20029003612268",8,"9,046319362429678","0,15397067369300288","0,15397067369300288"
1990,Renault,Twingo,Gasoline,Manual,Demonstration,9750,"69,0",2019,"9,185022563991893",3,"9,306243632918564","-0,12122106892667084","0,12122106892667084"
69480,Opel,Meriva,Gasoline,Manual,Used,7500,"120,0",2014,"8,922658299524402",8,"9,095063909034025","-0,1724056095096227","0,1724056095096227"
69195,Opel,Adam,Gasoline,Manual,Used,7990,"101,0",2014,"8,98594603876032",8,"8,968468757131152","0,017477281629167507","0,017477281629167507"
146000,Volkswagen,Polo,Gasoline,Automatic,Used,8890,"179,0",2011,"9,09268232850795",11,"8,985470853505184","0,10721147500276551","0,10721147500276551"
165000,Volkswagen,Golf,Diesel,Manual,Used,6000,"105,0",2013,"8,699514748210191",9,"8,88557077677214","-0,18605602856194814","0,18605602856194814"
49949,Ford,Focus,Gasoline,Automatic,Used,16285,"182,0",2017,"9,697999717710333",5,"9,858881198711188","-0,16088148100085498","0,16088148100085498"
121000,Opel,Astra,Diesel,Manual,Used,8950,"95,0",2016,"9,099408811268901",6,"8,940917377799858","0,15849143346904349","0,15849143346904349"
16491,Volkswagen,up!,Gasoline,Manual,Used,9690,"60,0",2018,"9,178849704884811",4,"9,078875333958528","0,09997437092628303","0,09997437092628303"
142680,Volkswagen,Passat,Diesel,Automatic,Used,10950,"140,0",2013,"9,301094735244646",9,"9,216474012544866","0,08462072269978016","0,08462072269978016"
38800,Opel,Corsa,Gasoline,Manual,Used,7950,"90,0",2015,"8,980927207648378",7,"9,070595757043982","-0,0896685493956042","0,0896685493956042"
21000,Ford,C-Max,Gasoline,Manual,Used,7399,"125,0",2011,"8,90910013492555",11,"9,099066042457334","-0,18996590753178388","0,18996590753178388"
1500,Volkswagen,up!,Gasoline,Manual,Demonstration,14900,"65,0",2021,"9,60911649193355",1,"9,43527245748396","0,17384403444959062","0,17384403444959062"
33800,Skoda,Rapid/Spaceback,Gasoline,Manual,Used,9770,"95,0",2019,"9,187071745036828",3,"9,427941725458457","-0,24086998042162833","0,24086998042162833"
86000,Volkswagen,Touran,Gasoline,Manual,Used,12950,"105,0",2015,"9,468851067127684",7,"9,207506555224965","0,2613445119027187","0,2613445119027187"
972,Skoda,Scala,Gasoline,Automatic,Demonstration,22980,"150,0",2019,"10,042379551402746",3,"10,139480690902824","-0,0971011395000776","0,0971011395000776"
86000,Volkswagen,up!,CNG,Manual,Used,5999,"68,0",2013,"8,699348067653093",9,"8,634336455251484","0,06501161240160869","0,06501161240160869"
83000,Volkswagen,Polo,Gasoline,Manual,Used,7550,"90,0",2013,"8,92930284224307",9,"8,835874537362958","0,09342830488011167","0,09342830488011167"
72110,Ford,Focus,Diesel,Manual,Used,7000,"95,0",2011,"8,85366542803745",11,"8,935099624130281","-0,08143419609283065","0,08143419609283065"
19813,Ford,Puma,Gasoline,Manual,Employee's car,22107,"125,0",2020,"10,003649579435109",2,"9,823281289676366","0,18036828975874286","0,18036828975874286"
93545,Volkswagen,Caddy,Gasoline,Manual,Used,7900,"86,0",2011,"8,974618038455112",11,"8,751782604212096","0,22283543424301655","0,22283543424301655"
81054,Ford,Kuga,Diesel,Manual,Used,18290,"150,0",2018,"9,814109741384911",4,"9,877084849351913","-0,06297510796700223","0,06297510796700223"
30650,Skoda,Citigo,Gasoline,Manual,Used,7000,"75,0",2016,"8,85366542803745",6,"9,02416724194357","-0,17050181390611918","0,17050181390611918"
54309,Ford,Fiesta,Gasoline,Manual,Used,5290,"60,0",2011,"8,573573524852344",11,"8,646024351718358","-0,07245082686601378","0,07245082686601378"
128410,Volkswagen,Sharan,Diesel,Manual,Used,16280,"177,0",2013,"9,697692639556532",9,"9,439035076379067","0,258657563177465","0,258657563177465"
198050,Volkswagen,Golf,Gasoline,Automatic,Used,6900,"105,0",2012,"8,83927669058535",10,"8,683609082804836","0,15566760778051503","0,15566760778051503"
6,Skoda,Fabia,Gasoline,Automatic,Used,16570,"95,0",2021,"9,71534911042061",1,"9,76502886311671","-0,049679752696100365","0,049679752696100365"
159200,Volkswagen,Passat,Gasoline,Manual,Used,8990,"160,0",2012,"9,103868127465667",10,"8,953432570080622","0,15043555738504466","0,15043555738504466"
82046,Volkswagen,Caddy,Gasoline,Manual,Used,11000,"86,0",2014,"9,305650551780507",8,"8,924102808029458","0,3815477437510495","0,3815477437510495"
123000,Volkswagen,Polo,Gasoline,Automatic,Used,6950,"105,0",2012,"8,846496938558838",10,"8,989800665040269","-0,14330372648143097","0,14330372648143097"
21165,Skoda,Fabia,Gasoline,Manual,Used,12221,"95,0",2018,"9,410911062438",4,"9,405824327256198","0,005086735181802027","0,005086735181802027"
54204,Ford,Kuga,Diesel,Automatic,Used,24990,"179,0",2018,"10,126231023828998",4,"10,137237835396357","-0,011006811567359165","0,011006811567359165"
23649,Ford,Fiesta,Gasoline,Manual,Used,12996,"95,0",2020,"9,472396896788991",2,"9,5941159762311","-0,12171907944210858","0,12171907944210858"
57000,Volkswagen,Golf Sportsvan,Diesel,Automatic,Used,15997,"150,0",2016,"9,680156483641596",6,"9,863070364403601","-0,18291388076200477","0,18291388076200477"
199000,Ford,B-Max,Gasoline,Manual,Used,4750,"101,0",2013,"8,465899897028686",9,"8,566384850402429","-0,10048495337374241","0,10048495337374241"
15000,Volkswagen,Golf,Electric,,Used,19950,"136,0",2018,"9,90098442231801",4,"9,795076249519262","0,1059081727987472","0,1059081727987472"
94000,Ford,Fiesta,Gasoline,Manual,Used,5990,"82,0",2012,"8,697846691109495",10,"8,674875439418706","0,022971251690789174","0,022971251690789174"
99672,Opel,Karl,Gasoline,Semi-automatic,Used,8199,"75,0",2017,"9,011767474596178",5,"8,887657912341789","0,12410956225438952","0,12410956225438952"
121015,Skoda,Fabia,Gasoline,Manual,Used,4990,"69,0",2012,"8,515191188745565",10,"8,586793869431673","-0,07160268068610876","0,07160268068610876"
103000,Opel,Corsa,Gasoline,Manual,Used,5650,"86,0",2014,"8,639410824140487",8,"8,859682359544978","-0,22027153540449085","0,22027153540449085"
101091,Ford,Mondeo,Gasoline,Manual,Used,8988,"160,0",2013,"9,10364563330522",9,"9,276880386738373","-0,1732347534331531","0,1732347534331531"
41000,Renault,Twingo,Gasoline,Manual,Used,6450,"69,0",2016,"8,771835409789817",6,"8,923683940200894","-0,15184853041107615","0,15184853041107615"
58511,Ford,Fiesta,Gasoline,Manual,Used,6990,"82,0",2012,"8,852235835227855",10,"8,740742635199373","0,11149320002848206","0,11149320002848206"
73098,Ford,Fiesta,Gasoline,Manual,Used,8888,"82,0",2017,"9,092457331319466",5,"9,105902325706458","-0,013444994386992093","0,013444994386992093"
11850,Volkswagen,up!,Gasoline,Manual,Used,9900,"60,0",2019,"9,20029003612268",3,"9,189227421071102","0,011062615051578462","0,011062615051578462"
34101,Opel,Grandland X,Gasoline,Automatic,Used,22490,"131,0",2018,"10,020826044953361",4,"9,782364002243742","0,23846204270961913","0,23846204270961913"
50000,Skoda,Citigo,Gasoline,Manual,Used,5999,"60,0",2013,"8,699348067653093",9,"8,70443482898797","-0,005086761334878176","0,005086761334878176"
71000,Ford,Fiesta,Diesel,Manual,Used,5900,"95,0",2011,"8,68270762989381",11,"8,933254059817958","-0,2505464299241478","0,2505464299241478"
175000,Ford,Grand Tourneo,Diesel,Manual,Used,10900,"95,0",2015,"9,296518068217235",7,"8,729062637633923","0,5674554305833119","0,5674554305833119"
86110,Skoda,Citigo,Gasoline,Manual,Used,6480,"60,0",2017,"8,776475789346321",5,"8,807407789961472","-0,030932000615150557","0,030932000615150557"
20,Ford,Fiesta,Gasoline,Manual,Pre-registered,12790,"75,0",2020,"9,456418894572888",2,"9,502946370166143","-0,04652747559325476","0,04652747559325476"
12817,Renault,Megane,Gasoline,Manual,Used,17489,"140,0",2020,"9,769327390849192",2,"9,895387443376277","-0,12606005252708563","0,12606005252708563"
213000,Opel,Astra,Diesel,Automatic,Used,6000,"165,0",2013,"8,699514748210191",9,"8,891586689469262","-0,192071941259071","0,192071941259071"
4933,Volkswagen,Tiguan,Gasoline,Automatic,Used,28990,"150,0",2019,"10,274706221915702",3,"10,1263087699331","0,14839745198260168","0,14839745198260168"
189500,Ford,Transit Custom,Diesel,Manual,Used,10890,"101,0",2014,"9,295600215927006",8,"8,906349454939063","0,3892507609879434","0,3892507609879434"
8900,Volkswagen,Golf,Diesel,Manual,Used,23480,"116,0",2020,"10,063904273942033",2,"10,018018973952536","0,04588529998949653","0,04588529998949653"
88862,Opel,Corsa,Gasoline,Manual,Used,4800,"101,0",2014,"8,476371196895983",8,"8,914125442743135","-0,4377542458471524","0,4377542458471524"
107003,Volkswagen,Touran,Diesel,Manual,Used,10870,"140,0",2012,"9,293761980115255",10,"9,194354953823805","0,09940702629145015","0,09940702629145015"
130115,Volkswagen,Golf,Gasoline,Manual,Used,6900,"86,0",2013,"8,83927669058535",9,"8,730712324525657","0,108564366059694","0,108564366059694"
49998,Ford,Fiesta,Gasoline,Manual,Used,6900,"82,0",2013,"8,83927669058535",9,"8,827964421481575","0,011312269103775918","0,011312269103775918"
88950,Skoda,Rapid/Spaceback,Diesel,Manual,Used,9750,"90,0",2016,"9,185022563991893",6,"9,097604716005275","0,08741784798661811","0,08741784798661811"
99576,Ford,C-Max,Gasoline,Manual,Used,8500,"125,0",2013,"9,047821442478408",9,"9,000487057396","0,04733438508240795","0,04733438508240795"
65922,Ford,Mondeo,Gasoline,Manual,Used,16590,"165,0",2019,"9,71655538318449",3,"9,798702415050633","-0,08214703186614258","0,08214703186614258"
105915,Ford,Focus,Gasoline,Manual,Used,7990,"101,0",2013,"8,98594603876032",9,"8,75592959117317","0,23001644758715045","0,23001644758715045"
95905,Opel,Vivaro,Diesel,Manual,Used,10990,"90,0",2015,"9,304741047397666",7,"9,018832362167137","0,28590868523052926","0,28590868523052926"
9480,Ford,Fiesta,Gasoline,Manual,Used,12950,"86,0",2019,"9,468851067127684",3,"9,498382071835232","-0,029531004707548547","0,029531004707548547"
116000,Volkswagen,Cross Touran,Diesel,Manual,Used,10000,"105,0",2012,"9,210340371976184",10,"8,964088102402991","0,24625226957319235","0,24625226957319235"
29774,Opel,Insignia,Gasoline,Automatic,Used,22550,"165,0",2018,"10,023490344930824",4,"9,989847429507266","0,033642915423557795","0,033642915423557795"
53000,Opel,Corsa,Gasoline,Manual,Used,6440,"69,0",2017,"8,770283819098399",5,"8,97331709074065","-0,20303327164225138","0,20303327164225138"
41379,Renault,Megane,Gasoline,Manual,Used,15990,"132,0",2018,"9,679718805828",4,"9,67756434798781","0,0021544578401897496","0,0021544578401897496"
56350,Opel,Astra,Gasoline,Manual,Used,11950,"150,0",2015,"9,388486557359657",7,"9,501367418959887","-0,11288086160022992","0,11288086160022992"
10,Renault,Clio,Electric/Gasoline,Automatic,Demonstration,25870,"140,0",2021,"10,160839275180075",1,"10,213231266846268","-0,052391991666192794","0,052391991666192794"
67200,Volkswagen,Golf,Gasoline,Manual,Used,8280,"105,0",2013,"9,021598247379305",9,"9,145370669928507","-0,12377242254920162","0,12377242254920162"
147000,Volkswagen,Passat Variant,Diesel,Automatic,Used,11850,"120,0",2015,"9,380083146563278",7,"9,143621339245003","0,2364618073182747","0,2364618073182747"
30123,Volkswagen,up!,Electric,Automatic,Used,13223,"82,0",2015,"9,489713016556824",7,"9,314779921809887","0,17493309474693675","0,17493309474693675"
27178,Opel,Astra,Gasoline,Manual,Used,12960,"105,0",2018,"9,469622969906265",4,"9,507709759798441","-0,0380867898921764","0,0380867898921764"
131343,Ford,Focus,Diesel,Manual,Used,4900,"116,0",2013,"8,496990484098719",9,"8,825539052779215","-0,3285485686804961","0,3285485686804961"
191090,Skoda,Octavia,Gasoline,Automatic,Used,6400,"160,0",2011,"8,764053269347762",11,"8,954292357837804","-0,190239088490042","0,190239088490042"
7360,Ford,Focus,Gasoline,Automatic,Used,22950,"125,0",2019,"10,04107321548869",3,"9,946274565980067","0,09479864950862371","0,09479864950862371"
41759,Volkswagen,Caddy,Diesel,Automatic,Used,23980,"150,0",2019,"10,084975428581505",3,"10,146725620907004","-0,0617501923254995","0,0617501923254995"
52890,Ford,Fiesta,Gasoline,Manual,Used,5690,"82,0",2011,"8,646465527120377",11,"8,729224914295706","-0,08275938717532938","0,08275938717532938"
26000,Opel,Astra,Gasoline,Manual,Used,11700,"105,0",2017,"9,367344120785848",5,"9,457179422194617","-0,08983530140876894","0,08983530140876894"
85000,Volkswagen,Golf Sportsvan,Diesel,Manual,Used,14990,"150,0",2015,"9,615138591096644",7,"9,53386670899851","0,08127188209813418","0,08127188209813418"
46590,Volkswagen,Golf,Gasoline,Automatic,Used,18830,"125,0",2017,"9,843206621651198",5,"9,677920500364328","0,16528612128687037","0,16528612128687037"
20,Skoda,Fabia,Gasoline,Manual,Pre-registered,15690,"95,0",2021,"9,660778845727078",1,"9,717721023967137","-0,05694217824005854","0,05694217824005854"
157000,Skoda,Octavia,Gasoline,Manual,Used,6900,"105,0",2014,"8,83927669058535",8,"8,930133341671072","-0,09085665108572094","0,09085665108572094"
115395,Opel,Corsa,Gasoline,Manual,Used,4699,"87,0",2014,"8,455104999102815",8,"8,727949044001486","-0,27284404489867065","0,27284404489867065"
15,Skoda,Fabia,Gasoline,Automatic,Used,17857,"95,0",2021,"9,790150867197125",1,"9,77036473778091","0,019786129416214493","0,019786129416214493"
10100,Volkswagen,up!,Gasoline,Automatic,Used,10490,"60,0",2018,"9,258177701390343",4,"9,325413393313463","-0,06723569192311984","0,06723569192311984"
27464,Volkswagen,Crafter,Diesel,Manual,Used,33650,"177,0",2020,"10,423768335072873",2,"10,206778244492357","0,21699009058051644","0,21699009058051644"
63395,Volkswagen,Golf,Gasoline,Automatic,Used,20980,"230,0",2016,"9,951324881950288",6,"9,997496575519595","-0,04617169356930617","0,04617169356930617"
1,Volkswagen,Golf,Gasoline,Manual,Pre-registered,20695,"150,0",2021,"9,937647404182833",1,"10,190315364638042","-0,25266796045520934","0,25266796045520934"
44700,Volkswagen,up!,Gasoline,Manual,Used,6580,"60,0",2014,"8,791790024319363",8,"8,76082965733538","0,03096036698398308","0,03096036698398308"
175488,Ford,Mondeo,Diesel,Manual,Used,8990,"120,0",2015,"9,103868127465667",7,"8,984873625196819","0,11899450226884767","0,11899450226884767"
110000,Renault,Scenic,Diesel,Manual,Used,8000,"131,0",2011,"8,987196820661973",11,"8,814139245835687","0,17305757482628614","0,17305757482628614"
110700,Opel,Astra,Diesel,Manual,Used,6200,"110,0",2014,"8,732304571033183",8,"9,075325617733329","-0,3430210467001462","0,3430210467001462"
128240,Volkswagen,Passat Variant,Diesel,Manual,Used,15855,"150,0",2017,"9,671240186972447",5,"9,550922153365107","0,12031803360734017","0,12031803360734017"
20000,Opel,Astra,Gasoline,Manual,Used,16500,"150,0",2016,"9,711115659888671",6,"9,692026368811288","0,019089291077383663","0,019089291077383663"
7790,Volkswagen,Touran,Diesel,Automatic,Employee's car,26660,"116,0",2020,"10,1909195937327",2,"10,155366099669934","0,03555349406276598","0,03555349406276598"
69412,Volkswagen,Polo,Diesel,Manual,Used,11490,"90,0",2018,"9,3492323708428",4,"9,232882687457849","0,11634968338495177","0,11634968338495177"
78123,Skoda,Octavia,Gasoline,Automatic,Used,17990,"220,0",2013,"9,79757132694458",9,"9,844832392647461","-0,04726106570288202","0,04726106570288202"
214000,Opel,Zafira Tourer,Gasoline,Manual,Used,6500,"140,0",2012,"8,779557455883728",10,"8,652087440348003","0,12747001553572446","0,12747001553572446"
7500,Renault,Captur,Gasoline,Automatic,Demonstration,25950,"131,0",2021,"10,163926888594034",1,"10,12484737563314","0,03907951296089429","0,03907951296089429"
51000,Skoda,Octavia,Gasoline,Automatic,Used,11990,"140,0",2014,"9,39182824802156",8,"9,457279580516802","-0,06545133249524326","0,06545133249524326"
155000,Volkswagen,Passat Variant,Diesel,Automatic,Used,10000,"140,0",2012,"9,210340371976184",10,"9,085016071535636","0,125324300440548","0,125324300440548"
150000,Opel,Antara,Diesel,Automatic,Used,9350,"163,0",2012,"9,143131622282732",10,"9,088260003082219","0,05487161920051342","0,05487161920051342"
100,Ford,Puma,Gasoline,Manual,Used,28990,"200,0",2021,"10,274706221915702",1,"10,25478022344238","0,019925998473322437","0,019925998473322437"
126000,Volkswagen,Polo,Diesel,Manual,Used,5450,"75,0",2012,"8,60337088765729",10,"8,635323694184283","-0,03195280652699317","0,03195280652699317"
10,Ford,S-Max,Electric/Gasoline,Automatic,Pre-registered,41990,"190,0",2021,"10,645186773678239",1,"10,497106866880971","0,14807990679726757","0,14807990679726757"
49145,Volkswagen,Golf Variant,Gasoline,Automatic,Used,7490,"105,0",2011,"8,921324076511265",11,"9,076769081871323","-0,15544500536005756","0,15544500536005756"
100000,Ford,Focus,Diesel,Manual,Used,9500,"120,0",2016,"9,159047077588632",6,"9,210378203711464","-0,051331126122832416","0,051331126122832416"
142545,Renault,Megane,Diesel,Manual,Used,7990,"131,0",2013,"8,98594603876032",9,"8,87252771826623","0,11341832049408929","0,11341832049408929"
16900,Opel,Adam,Gasoline,Manual,Used,12990,"87,0",2019,"9,471935109664646",3,"9,417107522228294","0,05482758743635152","0,05482758743635152"
147700,Ford,Fiesta,Diesel,Manual,Used,4950,"95,0",2012,"8,507142855562735",10,"8,642738644662352","-0,13559578909961623","0,13559578909961623"
25250,Opel,,Gasoline,Automatic,Used,19469,"131,0",2019,"9,87657873597891",3,"9,844096478932938","0,03248225704597196","0,03248225704597196"
26569,Ford,Fiesta,Gasoline,,Used,13990,"95,0",2020,"9,546098067659527",2,"9,567048932549383","-0,020950864889856646","0,020950864889856646"
6,Skoda,Karoq,Gasoline,Automatic,Pre-registered,29790,"150,0",2021,"10,301928045707328",1,"10,298542508265673","0,003385537441655373","0,003385537441655373"
12941,Volkswagen,T-Cross,Diesel,Automatic,Used,24240,"95,0",2020,"10,09575944018325",2,"9,939752707370719","0,15600673281253208","0,15600673281253208"
225081,Ford,Kuga,Diesel,Manual,Used,7500,"140,0",2011,"8,922658299524402",11,"8,937692777390446","-0,015034477866043616","0,015034477866043616"
17150,Ford,Galaxy,Gasoline,Manual,Employee's car,25990,"165,0",2020,"10,165467127635536",2,"10,149624321593297","0,015842806042238422","0,015842806042238422"
3550,Opel,Insignia,Diesel,Manual,Demonstration,32950,"174,0",2020,"10,402746539930654",2,"10,29062518591462","0,1121213540160344","0,1121213540160344"
80576,Volkswagen,T6 Multivan,Diesel,Automatic,Used,38975,"204,0",2018,"10,570675693925978",4,"10,398035731092714","0,172639962833264","0,172639962833264"
21302,Volkswagen,T6 Transporter,Gasoline,Manual,Used,24900,"150,0",2019,"10,1226230824528",3,"9,969334363955639","0,1532887184971603","0,1532887184971603"
121338,Renault,Talisman,Diesel,Manual,Used,10698,"110,0",2016,"9,277812087091196",6,"9,109566938244852","0,1682451488463439","0,1682451488463439"
5000,Renault,Twingo,Gasoline,Automatic,Used,9250,"69,0",2018,"9,132378830506472",4,"9,370818352479244","-0,23843952197277218","0,23843952197277218"
43574,Ford,Kuga,Diesel,Automatic,Used,20940,"150,0",2017,"9,949416484424528",5,"10,046997532587975","-0,09758104816344648","0,09758104816344648"
81500,Volkswagen,Golf,Diesel,Manual,Used,9990,"105,0",2011,"9,2093398716426",11,"9,106695646406477","0,10264422523612282","0,10264422523612282"
10169,Volkswagen,Golf,Gasoline,Manual,Used,21490,"116,0",2020,"9,975342989636555",2,"9,874430676504508","0,10091231313204752","0,10091231313204752"
5687,Renault,Clio,Gasoline,Manual,Demonstration,10660,"76,0",2019,"9,274253697719836",3,"9,368120858323742","-0,09386716060390654","0,09386716060390654"
49000,Opel,Adam,Gasoline,Manual,Used,9990,"69,0",2018,"9,2093398716426",4,"9,057427866308792","0,15191200533380744","0,15191200533380744"
39952,Skoda,Fabia,Gasoline,Manual,Used,9270,"90,0",2015,"9,1345386585599",7,"9,054159644870966","0,08037901368893507","0,08037901368893507"
55000,Ford,Fiesta,Gasoline,Manual,Used,6100,"60,0",2015,"8,716044050161402",7,"8,79738689633003","-0,08134284616862786","0,08134284616862786"
33000,Ford,Fiesta,Gasoline,Manual,Used,5340,"60,0",2012,"8,582980931954241",10,"8,666952117421479","-0,08397118546723803","0,08397118546723803"
48527,Ford,Mondeo,Diesel,Automatic,Used,19800,"179,0",2018,"9,893437216682626",4,"10,142888803449539","-0,24945158676691292","0,24945158676691292"
237768,Ford,S-Max,Diesel,Automatic,Used,11380,"179,0",2016,"9,339612707680322",6,"9,361855926956828","-0,022243219276505855","0,022243219276505855"
50,Ford,Fiesta,Gasoline,Manual,Pre-registered,16990,"95,0",2021,"9,740380214665977",1,"9,716314462333369","0,02406575233260888","0,02406575233260888"
72900,Opel,Corsa,Gasoline,Manual,Used,5199,"87,0",2014,"8,556221578383715",8,"8,839868354681634","-0,28364677629791935","0,28364677629791935"
184500,Ford,Mondeo,Diesel,Automatic,Used,10950,"200,0",2012,"9,301094735244646",10,"8,972151776401027","0,32894295884361924","0,32894295884361924"
29300,Opel,Adam,Gasoline,Manual,Used,10900,"69,0",2018,"9,296518068217235",4,"9,08788685071329","0,20863121750394598","0,20863121750394598"
109715,Opel,Mokka,Gasoline,Manual,Used,9399,"116,0",2015,"9,148358579620302",7,"8,996783168866953","0,1515754107533489","0,1515754107533489"
72953,Volkswagen,Touran,Gasoline,Manual,Used,11990,"140,0",2013,"9,39182824802156",9,"9,18142473709579","0,2104035109257687","0,2104035109257687"
94465,Skoda,Citigo,Gasoline,Manual,Used,5900,"60,0",2014,"8,68270762989381",8,"8,66422254204223","0,018485087851580317","0,018485087851580317"
29986,Opel,Corsa,Gasoline,Manual,Used,9240,"69,0",2018,"9,131297164635729",4,"9,07347044144142","0,05782672319430837","0,05782672319430837"
19016,Ford,Focus,Gasoline,Manual,Used,20980,"150,0",2018,"9,951324881950288",4,"9,896318345517928","0,05500653643236042","0,05500653643236042"
179500,Renault,Scenic,Diesel,Manual,Used,6500,"110,0",2015,"8,779557455883728",7,"8,910625073973266","-0,13106761808953848","0,13106761808953848"
81092,Opel,Corsa,Gasoline,Manual,Used,5800,"87,0",2011,"8,66561319653451",11,"8,625583468415675","0,040029728118835095","0,040029728118835095"
50,Skoda,Fabia,Gasoline,Automatic,Pre-registered,18375,"95,0",2021,"9,818746324081037",1,"9,798632725734786","0,020113598346251038","0,020113598346251038"
63000,Opel,Meriva,Gasoline,Manual,Used,7490,"120,0",2013,"8,921324076511265",9,"9,019140887719447","-0,09781681120818142","0,09781681120818142"
134450,Volkswagen,Polo,Gasoline,Manual,Used,6699,"60,0",2013,"8,809713540508268",9,"8,558820850991966","0,25089268951630217","0,25089268951630217"
86000,Renault,Clio,Gasoline,Manual,Used,5990,"75,0",2013,"8,697846691109495",9,"8,671791635757241","0,02605505535225383","0,02605505535225383"
15090,Volkswagen,Tiguan,Gasoline,Manual,Employee's car,25740,"150,0",2020,"10,155801481150117",2,"10,068429205720753","0,08737227542936488","0,08737227542936488"
73000,Skoda,Superb,Diesel,Manual,Used,22480,"190,0",2018,"10,020381304007627",4,"10,029011227293758","-0,008629923286131103","0,008629923286131103"
48500,Opel,Corsa,Gasoline,Manual,Used,8750,"69,0",2017,"9,07680897935166",5,"8,986503054539234","0,0903059248124265","0,0903059248124265"
5600,Ford,Fiesta,Gasoline,Manual,Used,13250,"86,0",2020,"9,491752831414368",2,"9,598104023329954","-0,10635119191558573","0,10635119191558573"
6400,Volkswagen,Golf,Gasoline,Automatic,Used,17950,"110,0",2017,"9,795345393916424",5,"9,7722682039082","0,023077190008224946","0,023077190008224946"
80000,Opel,Corsa,Gasoline,Manual,Used,6280,"87,0",2014,"8,745125259462244",8,"8,824674638046965","-0,079549378584721","0,079549378584721"
181000,Skoda,Octavia,Diesel,Automatic,Used,12999,"184,0",2016,"9,47262771040802",6,"9,534990063430811","-0,062362353022791694","0,062362353022791694"
41981,Renault,ZOE,Electric,Automatic,Used,7990,"88,0",2016,"8,98594603876032",6,"9,035228433893584","-0,0492823951332646","0,0492823951332646"
78800,Skoda,Rapid/Spaceback,Diesel,Manual,Used,10450,"105,0",2014,"9,254357257392957",8,"9,249666803848289","0,004690453544668571","0,004690453544668571"
95959,Renault,Grand Modus,Gasoline,Automatic,Used,7450,"111,0",2012,"8,915969311373605",10,"8,95351471117439","-0,03754539980078597","0,03754539980078597"
42400,Renault,Twingo,Gasoline,Manual,Used,7750,"71,0",2015,"8,955448122347393",7,"8,795534357072482","0,1599137652749114","0,1599137652749114"
71594,Ford,EcoSport,Gasoline,Manual,Used,9220,"125,0",2015,"9,12913031655064",7,"9,305385018066271","-0,1762547015156315","0,1762547015156315"
54995,Volkswagen,Polo,Gasoline,Manual,Used,10501,"75,0",2016,"9,259225769705994",6,"8,972901848896235","0,28632392080975855","0,28632392080975855"
37700,Ford,Edge,Diesel,Automatic,Used,28450,"209,0",2017,"10,255903439554476",5,"10,27711881292376","-0,021215373369283697","0,021215373369283697"
185000,Opel,Zafira Tourer,Diesel,Automatic,Used,7599,"165,0",2012,"8,935771938669784",10,"8,920674019870429","0,015097918799355625","0,015097918799355625"
24000,Opel,Corsa,Gasoline,Manual,Used,10690,"116,0",2018,"9,27706400401909",4,"9,62583467683032","-0,348770672811229","0,348770672811229"
20,Skoda,Fabia,Gasoline,Manual,Pre-registered,16350,"95,0",2021,"9,701983176325399",1,"9,717721023967137","-0,0157378476417378","0,0157378476417378"
22026,Ford,Focus,Diesel,Automatic,Employee's car,25550,"150,0",2020,"10,14839259563185",2,"10,239753626214329","-0,09136103058247791","0,09136103058247791"
101000,Skoda,Rapid/Spaceback,Gasoline,Manual,Used,6300,"105,0",2013,"8,748304912379623",9,"8,99652977024459","-0,24822485786496706","0,24822485786496706"
141500,Opel,Astra,Diesel,Automatic,Used,8380,"136,0",2017,"9,033603193476129",5,"9,168437715807727","-0,1348345223315981","0,1348345223315981"
200997,Volkswagen,T6 Multivan,Diesel,Automatic,Used,34894,"204,0",2016,"10,460070173639847",6,"9,889437763260123","0,5706324103797247","0,5706324103797247"
89000,Skoda,Citigo,Gasoline,Manual,Used,4999,"75,0",2013,"8,51699317141357",9,"8,683832124000626","-0,16683895258705483","0,16683895258705483"
240000,Volkswagen,Passat Variant,Diesel,Automatic,Used,6490,"140,0",2011,"8,778017809698136",11,"8,84187423395082","-0,06385642425268401","0,06385642425268401"
53540,Opel,Corsa,Gasoline,Manual,Used,6290,"69,0",2015,"8,746716349694486",7,"8,837399057755702","-0,09068270806121603","0,09068270806121603"
61130,Ford,Kuga,Gasoline,Manual,Used,13990,"150,0",2014,"9,546098067659527",8,"9,441739456450282","0,1043586112092445","0,1043586112092445"
24900,Opel,Corsa,Gasoline,Manual,Used,10690,"90,0",2018,"9,27706400401909",4,"9,275259170191893","0,0018048338271974274","0,0018048338271974274"
62000,Volkswagen,up!,Gasoline,Manual,Used,5600,"75,0",2012,"8,630521876723241",10,"8,635959384766906","-0,005437508043664607","0,005437508043664607"
8238,Volkswagen,Golf,Gasoline,Manual,Used,20360,"131,0",2019,"9,921327470664458",3,"9,865196764180673","0,05613070648378482","0,05613070648378482"
53700,Volkswagen,Golf,Gasoline,Automatic,Used,12930,"110,0",2015,"9,467305471765902",7,"9,39851252416784","0,06879294759806243","0,06879294759806243"
18365,Ford,EcoSport,Gasoline,Manual,Employee's car,15790,"101,0",2020,"9,667132107249687",2,"9,602311433587074","0,0648206736626129","0,0648206736626129"
1250,Volkswagen,Passat Variant,Gasoline,Automatic,Employee's car,30889,"150,0",2021,"10,338155412452387",1,"10,360213573898916","-0,0220581614465285","0,0220581614465285"
67676,Opel,Corsa,Gasoline,Manual,Used,5790,"87,0",2011,"8,663887570567042",11,"8,629825389984031","0,03406218058301036","0,03406218058301036"
68200,Opel,Adam,Gasoline,Manual,Used,8000,"69,0",2015,"8,987196820661973",7,"8,80790391203709","0,17929290862488223","0,17929290862488223"
3352,Ford,EcoSport,Diesel,Manual,Used,21220,"125,0",2020,"9,962699412167973",2,"10,08405372669322","-0,12135431452524692","0,12135431452524692"
85356,Skoda,Rapid/Spaceback,Diesel,Manual,Used,10580,"105,0",2014,"9,26672070541229",8,"9,207218298643022","0,059502406769267324","0,059502406769267324"
73093,Volkswagen,Golf Variant,Diesel,Automatic,Used,22549,"184,0",2017,"10,023445998049512",5,"10,052366273974167","-0,02892027592465496","0,02892027592465496"
59466,Skoda,Karoq,Gasoline,Automatic,Used,23985,"150,0",2018,"10,085183913936165",4,"9,9695238703347","0,11566004360146387","0,11566004360146387"
43518,Volkswagen,up!,Gasoline,Manual,Used,6996,"60,0",2017,"8,853093836138493",5,"8,956147572841639","-0,10305373670314566","0,10305373670314566"
168709,Ford,Mondeo,Diesel,Automatic,Used,7100,"140,0",2012,"8,867850063029406",10,"9,048125931052136","-0,1802758680227292","0,1802758680227292"
7500,Renault,ZOE,Electric,Automatic,Demonstration,13960,"58,0",2019,"9,543951376316363",3,"9,39627110317447","0,14768027314189247","0,14768027314189247"
91251,Volkswagen,Polo,Gasoline,Automatic,Used,9725,"105,0",2012,"9,182455168486648",10,"9,098748105734604","0,08370706275204398","0,08370706275204398"
73522,Ford,Focus,Gasoline,Manual,Demonstration,13885,"150,0",2014,"9,538564399740899",8,"9,407645751413341","0,13091864832755817","0,13091864832755817"
14023,Ford,Edge,Diesel,Automatic,Used,38990,"209,0",2018,"10,571060481976643",4,"10,448129380688359","0,12293110128828388","0,12293110128828388"
50,Opel,Corsa,Gasoline,Automatic,Employee's car,18400,"101,0",2021,"9,820105943597078",1,"9,825208861972522","-0,0051029183754440766","0,0051029183754440766"
25,Volkswagen,Golf,Electric/Gasoline,Automatic,Pre-registered,29890,"150,0",2021,"10,305279255277984",1,"10,314310274944681","-0,009031019666696949","0,009031019666696949"
9997,Volkswagen,T-Roc,Gasoline,Manual,Used,26750,"150,0",2020,"10,194289752324153",2,"10,093309582089317","0,10098017023483585","0,10098017023483585"
78000,Volkswagen,up!,Gasoline,Manual,Used,6732,"60,0",2013,"8,814627555310697",9,"8,673315987561422","0,1413115677492751","0,1413115677492751"
104000,Ford,Fiesta,Diesel,Manual,Used,7599,"95,0",2016,"8,935771938669784",6,"9,007937895027595","-0,07216595635781076","0,07216595635781076"
57800,Volkswagen,Polo,Diesel,Manual,Used,8400,"75,0",2015,"9,035986984831405",7,"9,019502111314125","0,016484873517280008","0,016484873517280008"
234980,Volkswagen,Golf,Diesel,Manual,Used,4950,"105,0",2012,"8,507142855562735",10,"8,682458530684402","-0,17531567512166646","0,17531567512166646"
88500,Opel,Insignia,Gasoline,Automatic,Used,19880,"260,0",2017,"9,897469480210566",5,"10,036096629830094","-0,13862714961952882","0,13862714961952882"
50000,Opel,Combo,Diesel,Manual,Used,9980,"95,0",2018,"9,20833836930551",4,"9,379387790851558","-0,17104942154604785","0,17104942154604785"
21017,Volkswagen,Polo,Gasoline,Manual,Used,12320,"90,0",2017,"9,41897923708751",5,"9,261528014361577","0,1574512227259337","0,1574512227259337"
174900,Skoda,Roomster,Gasoline,Manual,Used,5990,"105,0",2013,"8,697846691109495",9,"8,779572073020567","-0,08172538191107215","0,08172538191107215"
75930,Ford,Fiesta,Gasoline,Manual,Used,5870,"60,0",2014,"8,677609912822142",8,"8,694202193709526","-0,016592280887383737","0,016592280887383737"
46280,Skoda,Citigo,Gasoline,Manual,Used,6300,"60,0",2015,"8,748304912379623",7,"8,818223548946566","-0,06991863656694264","0,06991863656694264"
15250,Ford,Focus,Gasoline,Manual,Employee's car,29470,"280,0",2020,"10,29112807573174",2,"10,281851637863705","0,009276437868035003","0,009276437868035003"
21794,Ford,Focus,Gasoline,Manual,Used,10299,"101,0",2015,"9,239802082125802",7,"9,179623681546834","0,06017840057896784","0,06017840057896784"
6567,Volkswagen,Touran,Gasoline,Automatic,Employee's car,28990,"150,0",2020,"10,274706221915702",2,"10,2188255939684","0,05588062794730142","0,05588062794730142"
20,Opel,Corsa,Gasoline,Manual,Pre-registered,13990,"75,0",2021,"9,546098067659527",1,"9,55830289147457","-0,012204823815043397","0,012204823815043397"
30330,Opel,Corsa,Gasoline,Automatic,Used,8500,"91,0",2015,"9,047821442478408",7,"9,250326356239029","-0,2025049137606203","0,2025049137606203"
131520,Volkswagen,Touran,Gasoline,Manual,Used,7490,"105,0",2011,"8,921324076511265",11,"8,799612940136875","0,12171113637439035","0,12171113637439035"
30789,Opel,Adam,Gasoline,Manual,Used,10970,"87,0",2016,"9,302919553269277",6,"9,131364710514951","0,17155484275432542","0,17155484275432542"
49900,Renault,ZOE,Electric,Automatic,Used,6690,"58,0",2013,"8,808369153122275",9,"8,76705016653838","0,0413189865838941","0,0413189865838941"
104000,Ford,S-Max,Diesel,Automatic,Used,13599,"200,0",2014,"9,517751539608959",8,"9,575775393147147","-0,058023853538188064","0,058023853538188064"
83992,Opel,Corsa,Gasoline,Manual,Used,6950,"101,0",2014,"8,846496938558838",8,"8,90750588582753","-0,061008947268691216","0,061008947268691216"
17127,Ford,Fiesta,Diesel,Manual,Used,13320,"86,0",2019,"9,49702194409438",3,"9,499186901721485","-0,002164957627105224","0,002164957627105224"
77000,Renault,Megane,Diesel,Manual,Used,7000,"110,0",2012,"8,85366542803745",10,"9,012828489506607","-0,15916306146915637","0,15916306146915637"
131335,Ford,Fiesta,Gasoline,Manual,Used,4690,"82,0",2012,"8,453187861440325",10,"8,600643785836814","-0,14745592439648902","0,14745592439648902"
83690,Ford,Fiesta,Diesel,Manual,Used,8490,"75,0",2016,"9,046644279305394",6,"8,978696676394668","0,06794760291072599","0,06794760291072599"
118186,Volkswagen,up!,Gasoline,Manual,Used,4690,"60,0",2012,"8,453187861440325",10,"8,572360229443564","-0,11917236800323927","0,11917236800323927"
222955,Opel,Astra,Diesel,Manual,Used,6990,"136,0",2017,"8,852235835227855",5,"9,011647244843688","-0,15941140961583322","0,15941140961583322"
114000,Ford,Galaxy,Gasoline,Manual,Used,8800,"145,0",2012,"9,082507000466299",10,"8,927311279952962","0,15519572051333697","0,15519572051333697"
215095,Skoda,Octavia,Diesel,Automatic,Used,6590,"140,0",2011,"8,793308627496552",11,"8,917623529819082","-0,12431490232252962","0,12431490232252962"
20,Renault,Clio,Gasoline,Manual,Used,16990,"91,0",2021,"9,740380214665977",1,"9,769603103749214","-0,029222889083236225","0,029222889083236225"
7,Skoda,Fabia,Gasoline,Manual,Pre-registered,15790,"95,0",2021,"9,667132107249687",1,"9,731466140914097","-0,06433403366441048","0,06433403366441048"
87800,Ford,Focus,Gasoline,Manual,Used,14000,"250,0",2014,"9,546812608597396",8,"9,647110557583336","-0,10029794898593991","0,10029794898593991"
79950,Volkswagen,Caddy,Diesel,Manual,Used,14229,"102,0",2017,"9,563037414545692",5,"9,706830862626074","-0,1437934480803822","0,1437934480803822"
12719,Skoda,Karoq,Diesel,Automatic,Demonstration,28500,"150,0",2019,"10,257659366256743",3,"10,254785996831663","0,0028733694250799857","0,0028733694250799857"
75690,Volkswagen,up!,Gasoline,Manual,Used,7690,"60,0",2018,"8,94767606249969",4,"8,905834562567025","0,04184149993266573","0,04184149993266573"
79895,Ford,Fiesta,Gasoline,Manual,Used,4999,"60,0",2012,"8,51699317141357",10,"8,625885129953634","-0,10889195854006317","0,10889195854006317"
10,Skoda,Fabia,Gasoline,Manual,Pre-registered,14980,"95,0",2020,"9,61447125707121",2,"9,650152669933151","-0,03568141286194049","0,03568141286194049"
106500,Opel,Insignia,Diesel,Manual,Used,9200,"160,0",2011,"9,126958763037132",11,"9,120001555801935","0,006957207235197771","0,006957207235197771"
180000,Volkswagen,Golf GTI,Gasoline,Automatic,Used,10900,"211,0",2011,"9,296518068217235",11,"9,054324443826731","0,24219362439050407","0,24219362439050407"
19498,Ford,Fiesta,Gasoline,Manual,Used,7975,"80,0",2013,"8,984066927653044",9,"8,880199017106497","0,10386791054654765","0,10386791054654765"
6,Skoda,Fabia,Gasoline,Manual,Demonstration,15990,"60,0",2021,"9,679718805828",1,"9,532990183698617","0,1467286221293822","0,1467286221293822"
9495,Opel,Corsa,Gasoline,Manual,Used,9850,"69,0",2018,"9,195226734166134",4,"9,187512842970683","0,007713891195450628","0,007713891195450628"
8400,Opel,Corsa,Gasoline,Automatic,Used,19790,"131,0",2019,"9,892932038596612",3,"9,932649546220304","-0,03971750762369197","0,03971750762369197"
122359,Opel,Insignia,Diesel,Manual,Used,9780,"136,0",2017,"9,188094763028863",5,"9,210906183628767","-0,022811420599904153","0,022811420599904153"
211746,Opel,Astra,Diesel,Manual,Used,5990,"165,0",2013,"8,697846691109495",9,"8,71910585499158","-0,021259163882085375","0,021259163882085375"
14266,Renault,Kangoo,Diesel,Manual,Used,17791,"116,0",2020,"9,786447990434775",2,"9,992359328324278","-0,20591133788950344","0,20591133788950344"
154000,Volkswagen,Tiguan,Diesel,Manual,Used,8999,"140,0",2011,"9,104868739033948",11,"9,066835864963288","0,03803287407066058","0,03803287407066058"
83000,Skoda,Fabia,Gasoline,Manual,Used,8900,"110,0",2015,"9,093806555720231",7,"9,181159755882264","-0,08735320016203296","0,08735320016203296"
125000,Ford,Mondeo,Gasoline,Manual,Used,5990,"160,0",2011,"8,697846691109495",11,"9,107192809503099","-0,4093461183936036","0,4093461183936036"
109834,Opel,Astra,Diesel,Manual,Used,6900,"110,0",2013,"8,83927669058535",9,"8,954550129867767","-0,11527343928241685","0,11527343928241685"
59800,Renault,Clio,Gasoline,Automatic,Used,11890,"120,0",2015,"9,383452989684827",7,"9,336592784922175","0,04686020476265185","0,04686020476265185"
5000,Skoda,Fabia,Gasoline,Manual,Demonstration,10900,"60,0",2020,"9,296518068217235",2,"9,422527319465654","-0,12600925124841922","0,12600925124841922"
1500,Renault,Clio,Gasoline,Automatic,Demonstration,19980,"131,0",2021,"9,902487052202545",1,"10,138901787616735","-0,2364147354141899","0,2364147354141899"
83000,Volkswagen,Polo,Gasoline,Manual,Used,7950,"60,0",2012,"8,980927207648378",10,"8,605559669710203","0,3753675379381747","0,3753675379381747"
10,Skoda,Fabia,Gasoline,Automatic,Pre-registered,16782,"95,0",2021,"9,728062162430014",1,"9,757066570068655","-0,02900440763864154","0,02900440763864154"
169546,Opel,Insignia,Diesel,Automatic,Used,7890,"160,0",2013,"8,97335141383992",9,"9,077895370875543","-0,10454395703562369","0,10454395703562369"
59998,Opel,Astra,Gasoline,Manual,Used,12990,"125,0",2018,"9,471935109664646",4,"9,61452180696205","-0,14258669729740525","0,14258669729740525"
41867,Opel,Astra,Diesel,Manual,Used,7980,"110,0",2015,"8,984693690443855",7,"9,340552876768347","-0,3558591863244924","0,3558591863244924"
500,Opel,Corsa,Gasoline,Automatic,Demonstration,19900,"101,0",2021,"9,898475010712584",1,"9,861356808330582","0,03711820238200225","0,03711820238200225"
3,Opel,Astra,Gasoline,Manual,Pre-registered,16875,"110,0",2021,"9,733588515740731",1,"9,939787381733113","-0,20619886599238235","0,20619886599238235"
120119,Opel,Corsa,Gasoline,Manual,Used,5990,"69,0",2016,"8,697846691109495",6,"8,730084545906655","-0,03223785479715957","0,03223785479715957"
20,Renault,Clio,Gasoline,Manual,Pre-registered,16990,"91,0",2021,"9,740380214665977",1,"9,769603103749214","-0,029222889083236225","0,029222889083236225"
2500,Volkswagen,T-Roc,Gasoline,Automatic,Demonstration,31750,"150,0",2021,"10,365648004320837",1,"10,373416964524806","-0,007768960203968334","0,007768960203968334"
26098,Opel,Mokka,Gasoline,Manual,Used,13599,"140,0",2016,"9,517751539608959",6,"9,491698604667114","0,026052934941844796","0,026052934941844796"
97000,Skoda,Yeti,Gasoline,Manual,Used,12590,"125,0",2015,"9,440658127038393",7,"9,238107479674474","0,20255064736391937","0,20255064736391937"
1500,Opel,Corsa,Gasoline,Automatic,Used,17990,"101,0",2021,"9,79757132694458",1,"9,88054848325692","-0,08297715631234048","0,08297715631234048"
85000,Opel,Antara,Diesel,Manual,Used,8000,"163,0",2015,"8,987196820661973",7,"9,357019548732834","-0,3698227280708615","0,3698227280708615"
81100,Volkswagen,up!,Gasoline,Manual,Used,5290,"60,0",2015,"8,573573524852344",7,"8,737000992309728","-0,16342746745738346","0,16342746745738346"
22445,Volkswagen,Tiguan,Gasoline,Manual,Used,23990,"150,0",2018,"10,08539235583374",4,"9,89662696032504","0,18876539550869964","0,18876539550869964"
123500,Opel,Mokka,Diesel,Manual,Used,8950,"131,0",2013,"9,099408811268901",9,"8,941728726637823","0,1576800846310782","0,1576800846310782"
18990,Volkswagen,Tiguan,Gasoline,Automatic,Used,40814,"230,0",2019,"10,61678043878903",3,"10,343077611814973","0,27370282697405734","0,27370282697405734"
93456,Opel,Zafira Tourer,Gasoline,Manual,Used,9290,"116,0",2013,"9,136693831807884",9,"8,874256505929726","0,2624373258781585","0,2624373258781585"
144610,Ford,Focus,Diesel,Manual,Used,6480,"105,0",2014,"8,776475789346321",8,"9,008844293535208","-0,23236850418888721","0,23236850418888721"
19857,Ford,Fiesta,Gasoline,Manual,Used,12896,"86,0",2019,"9,464672464746409",3,"9,432028699696371","0,03264376505003774","0,03264376505003774"
66232,Renault,Twingo,Gasoline,Manual,Used,4980,"75,0",2013,"8,513185170018698",9,"8,71096505013783","-0,19777988011913195","0,19777988011913195"
16300,Opel,Astra,Gasoline,Automatic,Employee's car,17990,"150,0",2019,"9,79757132694458",3,"10,088912175169112","-0,2913408482245323","0,2913408482245323"
20,Ford,Puma,Gasoline,Manual,Pre-registered,26990,"155,0",2021,"10,20322170601205",1,"10,112729685104227","0,09049202090782238","0,09049202090782238"
18000,Opel,Corsa,Gasoline,Manual,Used,6490,"69,0",2015,"8,778017809698136",7,"8,915479138602812","-0,137461328904676","0,137461328904676"
10,Volkswagen,Golf,Gasoline,Manual,Pre-registered,19980,"110,0",2020,"9,902487052202545",2,"9,846414487111412","0,05607256509113334","0,05607256509113334"
30000,Ford,Transit Connect,Diesel,Automatic,Used,19491,"101,0",2019,"9,877708099548641",3,"9,79818239951022","0,07952570003842219","0,07952570003842219"
27650,Ford,Fiesta,Diesel,Manual,Used,12990,"95,0",2016,"9,471935109664646",6,"9,28250375506219","0,18943135460245486","0,18943135460245486"
151809,Skoda,Yeti,Diesel,Manual,Used,6390,"170,0",2012,"8,762489547371581",10,"9,238475333118082","-0,4759857857465004","0,4759857857465004"
6604,Opel,Astra,Gasoline,Manual,Used,17990,"145,0",2020,"9,79757132694458",2,"9,971710257465872","-0,17413893052129303","0,17413893052129303"
14406,Opel,Corsa,Gasoline,Automatic,Used,17250,"131,0",2020,"9,755567422459507",2,"9,944690503537956","-0,18912308107844922","0,18912308107844922"
21500,Volkswagen,Golf Sportsvan,Gasoline,Manual,Used,18994,"131,0",2020,"9,851878418802897",2,"9,87848286862716","-0,026604449824262133","0,026604449824262133"
199500,Ford,Focus,Diesel,Manual,Used,5900,"116,0",2015,"8,68270762989381",7,"8,882421073672687","-0,1997134437788759","0,1997134437788759"
91367,Opel,Astra,Diesel,Manual,Used,9980,"110,0",2018,"9,20833836930551",4,"9,304834478124638","-0,09649610881912807","0,09649610881912807"
137800,Renault,Kangoo,Diesel,Manual,Used,9282,"90,0",2017,"9,135832319801121",5,"8,984054757956587","0,1517775618445345","0,1517775618445345"
161400,Volkswagen,Touran,Diesel,Automatic,Used,7999,"105,0",2011,"8,987071812848821",11,"8,825668824087908","0,16140298876091386","0,16140298876091386"
6,Skoda,Karoq,Gasoline,Automatic,Pre-registered,26400,"150,0",2020,"10,181119289134408",2,"10,22461853621058","-0,0434992470761717","0,0434992470761717"
49719,Opel,Karl,Gasoline,Manual,Used,8790,"73,0",2019,"9,081369990679223",3,"9,079615913645759","0,0017540770334640854","0,0017540770334640854"
50,Skoda,Fabia,Gasoline,Manual,Pre-registered,13450,"95,0",2021,"9,506734385029985",1,"9,716314462333369","-0,20958007730338402","0,20958007730338402"
134000,Renault,Megane,Gasoline,Manual,Used,6800,"132,0",2013,"8,824677891164198",9,"8,881310766358503","-0,05663287519430504","0,05663287519430504"
69005,Volkswagen,Golf,Gasoline,Manual,Used,10995,"86,0",2015,"9,305195902988862",7,"9,144190723692414","0,1610051792964473","0,1610051792964473"
4360,Opel,Corsa,Gasoline,Manual,Used,16980,"101,0",2020,"9,739791459865339",2,"9,66255203204985","0,07723942781548843","0,07723942781548843"
18900,Opel,Grandland X,Gasoline,Automatic,Used,23950,"181,0",2019,"10,083723602839061",3,"10,245476093918175","-0,16175249107911327","0,16175249107911327"
91000,Renault,Megane,Diesel,Manual,Used,8450,"110,0",2016,"9,041921720351219",6,"9,247943152366851","-0,20602143201563194","0,20602143201563194"
92900,Opel,Corsa,Diesel,Manual,Used,6999,"95,0",2017,"8,85352256068954",5,"9,136556905663287","-0,283034344973748","0,283034344973748"
6000,Ford,Mondeo,Gasoline,Automatic,Demonstration,34950,"165,0",2020,"10,461673747661957",2,"10,180359568153463","0,28131417950849347","0,28131417950849347"
102500,Ford,Focus,Gasoline,Manual,Used,5880,"125,0",2011,"8,679312040892672",11,"8,775121487867725","-0,09580944697505345","0,09580944697505345"
5099,Volkswagen,Golf Sportsvan,Gasoline,Automatic,Used,18333,"116,0",2018,"9,816457993563025",4,"9,846050355126135","-0,029592361563109293","0,029592361563109293"
65518,Opel,Corsa,Diesel,Semi-automatic,Used,9780,"95,0",2015,"9,188094763028863",7,"9,092487930171464","0,09560683285739913","0,09560683285739913"
32600,Skoda,Fabia,Gasoline,Manual,Used,9400,"95,0",2017,"9,148464968258095",5,"9,269971880601565","-0,12150691234347022","0,12150691234347022"
97589,Opel,Astra,Diesel,Manual,Used,9490,"110,0",2017,"9,157993891603974",5,"9,242384145197283","-0,08439025359330898","0,08439025359330898"
86828,Volkswagen,Tiguan,Diesel,Automatic,Used,30490,"190,0",2018,"10,3251540399823",4,"10,121364615492697","0,20378942448960302","0,20378942448960302"
70939,Volkswagen,Polo,Gasoline,Manual,Used,6900,"69,0",2013,"8,83927669058535",9,"8,711689692266798","0,12758699831855225","0,12758699831855225"
70963,Volkswagen,Golf,Gasoline,Automatic,Used,14799,"116,0",2019,"9,602314889901848",3,"9,659513939967677","-0,05719905006582948","0,05719905006582948"
86000,Ford,Fiesta,Gasoline,Manual,Used,4999,"80,0",2013,"8,51699317141357",9,"8,73371365801857","-0,21672048660499854","0,21672048660499854"
95400,Volkswagen,Phaeton,Gasoline,Automatic,Used,21870,"334,0",2013,"9,992871113670814",9,"10,033999828581145","-0,041128714910330544","0,041128714910330544"
50682,Skoda,Citigo,Gasoline,Manual,Used,6350,"60,0",2015,"8,756210091886738",7,"8,807407620919165","-0,051197529032426914","0,051197529032426914"
180000,Volkswagen,Golf,Diesel,Manual,Used,7000,"105,0",2013,"8,85366542803745",9,"8,829761583972017","0,023903844065433333","0,023903844065433333"
192500,Volkswagen,Golf,Diesel,Manual,Used,6900,"140,0",2012,"8,83927669058535",10,"8,97496786792181","-0,13569117733645975","0,13569117733645975"
72259,Volkswagen,Golf,Gasoline,Manual,Used,18490,"230,0",2014,"9,82498532438117",8,"9,72491207289311","0,10007325148806068","0,10007325148806068"
35000,Ford,Fiesta,Gasoline,Manual,Used,5990,"82,0",2012,"8,697846691109495",10,"8,788437770775925","-0,09059107966642976","0,09059107966642976"
61300,Opel,Adam,Gasoline,Manual,Used,8699,"87,0",2016,"9,07096335550754",6,"9,063715809129695","0,007247546377845637","0,007247546377845637"
146000,Opel,Insignia,Diesel,Manual,Used,8800,"194,0",2012,"9,082507000466299",10,"9,036867431624552","0,04563956884174658","0,04563956884174658"
201299,Skoda,Superb,Diesel,Automatic,Used,8999,"170,0",2012,"9,104868739033948",10,"9,157500882420717","-0,05263214338676825","0,05263214338676825"
10700,Volkswagen,,Gasoline,Manual,Used,8870,"60,0",2019,"9,090430075303626",3,"9,220414756015932","-0,1299846807123064","0,1299846807123064"
58200,Volkswagen,Golf Sportsvan,Gasoline,Automatic,Used,16750,"150,0",2015,"9,726153537253213",7,"9,664624262389536","0,061529274863676875","0,061529274863676875"
101200,Ford,Transit,Diesel,Manual,Used,13985,"105,0",2018,"9,54574060563606",4,"9,233116941275844","0,31262366436021694","0,31262366436021694"
299775,Volkswagen,Touran,Diesel,Automatic,Used,6087,"105,0",2012,"8,713910628493924",10,"8,596944320393535","0,11696630810038933","0,11696630810038933"
172000,Volkswagen,Golf Variant,Diesel,Manual,Used,10400,"150,0",2013,"9,249561085129464",9,"9,123522599815395","0,12603848531406925","0,12603848531406925"
98500,Volkswagen,Golf,Diesel,Manual,Used,7900,"105,0",2012,"8,974618038455112",10,"9,057578433719629","-0,08296039526451615","0,08296039526451615"
57207,Ford,Kuga,Diesel,Manual,Used,17490,"150,0",2017,"9,769384568012647",5,"9,844962745042936","-0,07557817703028924","0,07557817703028924"
94300,Skoda,Rapid/Spaceback,Diesel,Automatic,Used,11990,"90,0",2017,"9,39182824802156",5,"9,28548104893398","0,10634719908757972","0,10634719908757972"
9059,Opel,Adam,Gasoline,Manual,Used,13290,"101,0",2019,"9,494767151707292",3,"9,587520530920402","-0,09275337921311078","0,09275337921311078"
42057,Ford,Fiesta,Gasoline,Manual,Used,6890,"60,0",2016,"8,837826364007704",6,"8,89900335942709","-0,061176995419385705","0,061176995419385705"
37700,Opel,Adam,Gasoline,Manual,Used,6999,"69,0",2014,"8,85352256068954",8,"8,796631527563706","0,05689103312583299","0,05689103312583299"
8666,Opel,Corsa,Gasoline,Manual,Used,17489,"101,0",2020,"9,769327390849192",2,"9,672685264146715","0,09664212670247707","0,09664212670247707"
79000,Volkswagen,Pointer,Diesel,,Used,6900,"90,0",2016,"8,83927669058535",6,"9,126690173580426","-0,28741348299507585","0,28741348299507585"
100,Renault,Twingo,Gasoline,Manual,Pre-registered,13280,"65,0",2021,"9,494014423030425",1,"9,433508798112669","0,060505624917755796","0,060505624917755796"
130000,Opel,Astra,Diesel,Manual,Used,7450,"110,0",2016,"8,915969311373605",6,"9,036900831704013","-0,12093152033040866","0,12093152033040866"
83780,Skoda,Kodiaq,Diesel,Automatic,Used,30970,"190,0",2018,"10,340774272967248",4,"10,136437686902498","0,20433658606475014","0,20433658606475014"
139000,Ford,Mondeo,Diesel,Automatic,Used,6980,"140,0",2012,"8,850804195756417",10,"9,172133652819381","-0,3213294570629639","0,3213294570629639"
4580,Volkswagen,Golf Sportsvan,Gasoline,Manual,Employee's car,19770,"116,0",2020,"9,891920916164663",2,"9,89308737424246","-0,001166458077797472","0,001166458077797472"
44270,Opel,Meriva,Gasoline,Automatic,Used,13650,"140,0",2015,"9,521494800613105",7,"9,518324860004297","0,003169940608808375","0,003169940608808375"
39550,Skoda,Yeti,Gasoline,Manual,Used,13490,"122,0",2015,"9,509703949201802",7,"9,494594424112163","0,015109525089638254","0,015109525089638254"
70000,Opel,Karl,Gasoline,Manual,Used,7800,"75,0",2016,"8,961879012677683",6,"8,925226002563695","0,03665301011398725","0,03665301011398725"
162000,Opel,Astra,Diesel,Manual,Used,5990,"165,0",2014,"8,697846691109495",8,"8,99167584028924","-0,2938291491797447","0,2938291491797447"
51870,Ford,Fiesta,Diesel,Manual,Used,7799,"75,0",2016,"8,961750799330497",6,"9,091320866445901","-0,1295700671154041","0,1295700671154041"
69687,Skoda,Fabia,Gasoline,Manual,Used,8300,"75,0",2015,"9,02401079378469",7,"8,869220145491944","0,1547906482927459","0,1547906482927459"
47965,Renault,Clio,Gasoline,Manual,Used,5800,"75,0",2012,"8,66561319653451",10,"8,627615600713781","0,03799759582072859","0,03799759582072859"
44007,Renault,Clio,Gasoline,Automatic,Used,12900,"120,0",2015,"9,464982590349763",7,"9,392789609716573","0,07219298063319002","0,07219298063319002"
118000,Volkswagen,Golf Plus,Gasoline,Automatic,Used,8900,"160,0",2011,"9,093806555720231",11,"9,142316985796809","-0,04851043007657729","0,04851043007657729"
14528,Skoda,Fabia,Gasoline,Manual,Used,9840,"60,0",2019,"9,1942109900463",3,"9,198208328261835","-0,003997338215535606","0,003997338215535606"
155000,Ford,Kuga,Diesel,Manual,Used,10710,"150,0",2015,"9,278933163441794",7,"9,26808645167121","0,010846711770584605","0,010846711770584605"
96900,Opel,Astra,Gasoline,Manual,Used,8250,"120,0",2014,"9,017968479328726",8,"9,052175254740877","-0,03420677541215156","0,03420677541215156"
130000,Volkswagen,Touran,Diesel,Automatic,Used,12599,"170,0",2012,"9,44137272471063",10,"9,360435466908495","0,08093725780213568","0,08093725780213568"
72391,Ford,Fiesta,Gasoline,Manual,Used,9986,"101,0",2018,"9,208939391060555",4,"9,286348155735164","-0,07740876467460822","0,07740876467460822"
5749,Opel,Adam,Gasoline,Manual,Used,13197,"87,0",2019,"9,48774481001683",3,"9,467711152115216","0,02003365790161382","0,02003365790161382"
39071,Volkswagen,Polo,Gasoline,Manual,Used,10130,"65,0",2018,"9,22325659724273",4,"9,182981753503418","0,04027484373931145","0,04027484373931145"
10,Skoda,Kamiq,Gasoline,Manual,Pre-registered,19980,"95,0",2021,"9,902487052202545",1,"9,713888503814639","0,18859854838790646","0,18859854838790646"
12825,Skoda,Karoq,Gasoline,Automatic,Used,26396,"150,0",2020,"10,180967762503313",2,"10,168211095501988","0,012756667001324828","0,012756667001324828"
20620,Volkswagen,Passat Variant,Diesel,Automatic,Used,26970,"150,0",2020,"10,202480416133776",2,"10,236489728937864","-0,0340093128040877","0,0340093128040877"
166692,Volkswagen,Golf,Diesel,Manual,Used,9300,"150,0",2014,"9,137769679141348",8,"9,224434272607478","-0,08666459346613031","0,08666459346613031"
210000,Volkswagen,Passat Variant,Diesel,Manual,Used,6900,"140,0",2011,"8,83927669058535",11,"8,970089769496463","-0,13081307891111216","0,13081307891111216"
188000,Ford,S-Max,Diesel,Automatic,Used,7980,"163,0",2012,"8,984693690443855",10,"8,928527994796157","0,05616569564769769","0,05616569564769769"
20376,Volkswagen,Tiguan,Gasoline,Automatic,Used,33815,"220,0",2017,"10,428659770009041",5,"10,236643647448505","0,19201612256053657","0,19201612256053657"
7500,Volkswagen,Golf Sportsvan,Gasoline,Automatic,Employee's car,23741,"150,0",2020,"10,074958790275668",2,"10,203173666258003","-0,12821487598233539","0,12821487598233539"
17999,Renault,Megane,Gasoline,Automatic,Used,19900,"159,0",2019,"9,898475010712584",3,"10,052811169319172","-0,15433615860658811","0,15433615860658811"
50,Opel,Corsa,Gasoline,Manual,Employee's car,16890,"101,0",2021,"9,734477009801846",1,"9,752865671152403","-0,01838866135055639","0,01838866135055639"
100000,Volkswagen,Caddy,Diesel,Manual,Used,12700,"102,0",2017,"9,449357272446683",5,"9,57960438750122","-0,13024711505453723","0,13024711505453723"
201000,Volkswagen,Eos,Diesel,Manual,Used,8500,"140,0",2011,"9,047821442478408",11,"8,954620309173713","0,09320113330469582","0,09320113330469582"
85546,Volkswagen,Tiguan,Diesel,Manual,Used,19640,"150,0",2017,"9,885323581908457",5,"9,748488373087376","0,1368352088210809","0,1368352088210809"
137573,Opel,Insignia,Diesel,Manual,Used,8680,"136,0",2017,"9,068776807654396",5,"9,159964301506056","-0,0911874938516597","0,0911874938516597"
106677,Volkswagen,Tiguan,Diesel,Manual,Used,10970,"140,0",2011,"9,302919553269277",11,"9,183321038842939","0,11959851442633784","0,11959851442633784"
43201,Volkswagen,up!,Gasoline,Manual,Used,7930,"60,0",2016,"8,978408314628894",6,"8,90129860035161","0,07710971427728275","0,07710971427728275"
43000,Opel,Adam,Gasoline,Manual,Used,6590,"69,0",2014,"8,793308627496552",8,"8,777352676836353","0,01595595066019939","0,01595595066019939"
81620,Renault,Megane,Diesel,Manual,Used,7690,"110,0",2014,"8,94767606249969",8,"9,183713512682502","-0,23603745018281153","0,23603745018281153"
15000,Skoda,Citigo,Gasoline,Manual,Used,6800,"60,0",2016,"8,824677891164198",6,"8,968648043001792","-0,14397015183759443","0,14397015183759443"
260000,Volkswagen,Touran,Diesel,Automatic,Used,7100,"105,0",2014,"8,867850063029406",8,"8,783358983502982","0,08449107952642443","0,08449107952642443"
118120,Volkswagen,Golf,Gasoline,Manual,Used,6250,"122,0",2011,"8,740336742730447",11,"8,910338164277572","-0,17000142154712528","0,17000142154712528"
90692,Volkswagen,Tiguan,Diesel,Manual,Used,19355,"150,0",2017,"9,870706063011749",5,"9,726983147199462","0,1437229158122868","0,1437229158122868"
20,Ford,Fiesta,Gasoline,Manual,Pre-registered,21495,"125,0",2021,"9,975575628930383",1,"9,963019354775795","0,012556274154587044","0,012556274154587044"
86000,Opel,Corsa,Diesel,Manual,Used,6249,"75,0",2013,"8,740176729929082",9,"8,814141143120649","-0,07396441319156644","0,07396441319156644"
13429,Renault,ZOE,Electric,Automatic,Used,16990,"72,0",2019,"9,740380214665977",3,"9,565323443987928","0,17505677067804903","0,17505677067804903"
93000,Opel,Agila,Gasoline,Manual,Used,5000,"94,0",2011,"8,517193191416238",11,"8,572104585573655","-0,05491139415741664","0,05491139415741664"
42500,Renault,Twingo,Gasoline,Automatic,Used,4650,"75,0",2013,"8,444622498581403",9,"8,909422058975222","-0,46479956039381953","0,46479956039381953"
72000,Skoda,Yeti,Gasoline,Manual,Used,8500,"122,0",2013,"9,047821442478408",9,"9,24540323804946","-0,19758179557105215","0,19758179557105215"
39403,Ford,Focus,Gasoline,Manual,Used,12119,"125,0",2017,"9,402529747968487",5,"9,5173051507722","-0,11477540280371379","0,11477540280371379"
29240,Opel,Corsa,Gasoline,Manual,Used,9490,"69,0",2017,"9,157993891603974",5,"9,028712336798478","0,1292815548054964","0,1292815548054964"
3781,Renault,Clio,Electric/Gasoline,Automatic,Demonstration,16080,"91,0",2020,"9,685331542732957",2,"9,978519282001","-0,29318773926804376","0,29318773926804376"
28184,Volkswagen,Arteon,Diesel,Manual,Used,29990,"150,0",2019,"10,308619271743055",3,"10,09116953540326","0,2174497363397947","0,2174497363397947"
179000,Volkswagen,Passat Variant,Diesel,Automatic,Used,10750,"120,0",2015,"9,28266103355581",7,"9,031124472769168","0,25153656078664177","0,25153656078664177"
47965,Renault,Clio,Gasoline,Manual,Used,5800,"75,0",2012,"8,66561319653451",10,"8,627615600713781","0,03799759582072859","0,03799759582072859"
92500,Renault,Megane,Diesel,Manual,Used,10490,"165,0",2014,"9,258177701390343",8,"9,169470232695835","0,0887074686945084","0,0887074686945084"
19000,Volkswagen,up!,Gasoline,Manual,Used,10440,"60,0",2018,"9,25339986143663",4,"9,056147375556355","0,19725248588027533","0,19725248588027533"
91718,Ford,Focus,Gasoline,Automatic,Used,7980,"125,0",2013,"8,984693690443855",9,"9,169985386554721","-0,18529169611086616","0,18529169611086616"
111000,Skoda,Superb,Diesel,Automatic,Used,20479,"190,0",2015,"9,927155249836312",7,"9,827111163720478","0,10004408611583493","0,10004408611583493"
66681,Volkswagen,Golf,Gasoline,Automatic,Used,13999,"116,0",2019,"9,546741177474825",3,"9,670802207665893","-0,12406103019106851","0,12406103019106851"
15760,Ford,Transit,Diesel,Automatic,Used,27280,"170,0",2018,"10,213909111957399",4,"10,213391416448104","0,0005176955092949242","0,0005176955092949242"
17057,Opel,Adam,Gasoline,Manual,Used,14990,"101,0",2019,"9,615138591096644",3,"9,513621963385692","0,10151662771095182","0,10151662771095182"
118000,Skoda,Fabia,Diesel,Manual,Used,6000,"90,0",2015,"8,699514748210191",7,"8,895079054860656","-0,1955643066504642","0,1955643066504642"
89500,Skoda,Octavia,Gasoline,Automatic,Used,16290,"179,0",2017,"9,69830670159609",5,"10,013669915579152","-0,315363213983062","0,315363213983062"
32847,Volkswagen,up!,CNG,Manual,Used,9990,"68,0",2019,"9,2093398716426",3,"9,162780440389076","0,0465594312535238","0,0465594312535238"
12100,Volkswagen,Caddy,Diesel,Manual,Used,20439,"102,0",2020,"9,925200119441778",2,"10,09212546874637","-0,16692534930459324","0,16692534930459324"
122250,Skoda,Fabia,Diesel,Manual,Used,7990,"90,0",2018,"8,98594603876032",4,"9,04170625231655","-0,05576021355622984","0,05576021355622984"
45370,Opel,Corsa,Gasoline,Manual,Used,6000,"69,0",2014,"8,699514748210191",8,"8,777127254965526","-0,07761250675533482","0,07761250675533482"
152000,Volkswagen,Touran,Gasoline,Manual,Used,7799,"140,0",2011,"8,961750799330497",11,"8,708322406949156","0,2534283923813412","0,2534283923813412"
163000,Volkswagen,Jetta,Gasoline,Manual,Used,5099,"105,0",2011,"8,536799721055155",11,"8,695886347626534","-0,15908662657137818","0,15908662657137818"
21142,Ford,Kuga,Diesel,Automatic,Employee's car,31449,"190,0",2020,"10,356122465120682",2,"10,408459349834915","-0,05233688471423292","0,05233688471423292"
67248,Skoda,Octavia,Diesel,Automatic,Used,19450,"150,0",2019,"9,875602349046593",3,"10,077520714200226","-0,2019183651536327","0,2019183651536327"
100000,Skoda,Superb,Diesel,Automatic,Used,19870,"190,0",2017,"9,896966335545862",5,"9,970131077693399","-0,07316474214753654","0,07316474214753654"
99293,Volkswagen,Sharan,Diesel,Automatic,Used,20333,"150,0",2016,"9,920000460910341",6,"9,696573694307583","0,22342676660275806","0,22342676660275806"
7900,Opel,Zafira Life,Diesel,Manual,Demonstration,28895,"120,0",2020,"10,271423848751878",2,"10,037203044707923","0,2342208040439555","0,2342208040439555"
11,Renault,Megane,Gasoline,Manual,Pre-registered,17450,"140,0",2021,"9,767094927630573",1,"10,019537869951002","-0,2524429423204282","0,2524429423204282"
22453,Renault,Twingo,Gasoline,Manual,Used,7990,"71,0",2018,"8,98594603876032",4,"9,143528197294454","-0,15758215853413482","0,15758215853413482"
3003,Ford,Puma,Gasoline,Manual,Used,30950,"200,0",2021,"10,340128278112742",1,"10,268011990215404","0,07211628789733737","0,07211628789733737"
20,Renault,Clio,Gasoline,Manual,Used,16990,"91,0",2021,"9,740380214665977",1,"9,769603103749214","-0,029222889083236225","0,029222889083236225"
129500,Volkswagen,Golf Variant,Gasoline,Manual,Used,6995,"86,0",2011,"8,852950887099581",11,"8,68112666152946","0,17182422557012167","0,17182422557012167"
82836,Skoda,Octavia,Gasoline,Manual,Used,22980,"245,0",2018,"10,042379551402746",4,"9,943985273605108","0,0983942777976381","0,0983942777976381"
56714,Volkswagen,Scirocco,Gasoline,Manual,Used,10499,"122,0",2013,"9,259035293514941",9,"9,276671145446436","-0,01763585193149453","0,01763585193149453"
79300,Ford,Kuga,Diesel,Manual,Used,12490,"163,0",2012,"9,432683603119623",10,"9,219380769777054","0,21330283334256883","0,21330283334256883"
1510,Volkswagen,up!,Gasoline,Manual,Used,11990,"65,0",2021,"9,39182824802156",1,"9,43527245748396","-0,04344420946240035","0,04344420946240035"
34000,Volkswagen,Polo,Gasoline,Automatic,Used,11990,"110,0",2015,"9,39182824802156",7,"9,455160984138757","-0,06333273611719825","0,06333273611719825"
31118,Ford,Fiesta,Gasoline,Manual,Used,8980,"65,0",2016,"9,102755161296246",6,"8,982575220656308","0,12017994063993775","0,12017994063993775"
65790,Volkswagen,up!,Gasoline,Manual,Used,6980,"60,0",2015,"8,850804195756417",7,"8,772526499144188","0,07827769661222916","0,07827769661222916"
50,Skoda,Fabia,Gasoline,Manual,Pre-registered,13447,"95,0",2021,"9,50651131182387",1,"9,716314462333369","-0,20980315050949905","0,20980315050949905"
31170,Renault,Twingo,Gasoline,Manual,Used,7280,"69,0",2017,"8,892886141190731",5,"9,002066302946481","-0,1091801617557504","0,1091801617557504"
15328,Opel,Insignia,Gasoline,Manual,Used,18450,"165,0",2017,"9,822819649468673",5,"9,872822868690118","-0,050003219221444795","0,050003219221444795"
6250,Opel,Astra,Gasoline,Manual,Used,19875,"131,0",2021,"9,897217939522532",1,"10,108570355890024","-0,21135241636749136","0,21135241636749136"
68000,Renault,Clio,Gasoline,Manual,Used,9490,"90,0",2019,"9,157993891603974",3,"9,236857370819306","-0,07886347921533243","0,07886347921533243"
54800,Volkswagen,Polo,Gasoline,Manual,Used,11885,"75,0",2017,"9,383032379794294",5,"9,058714886402678","0,3243174933916162","0,3243174933916162"
10,Ford,Fiesta,Gasoline,Manual,Pre-registered,16480,"95,0",2020,"9,709902803463462",2,"9,650152669933151","0,059750133530311444","0,059750133530311444"
127000,Volkswagen,Passat Variant,Diesel,Manual,Used,10999,"177,0",2014,"9,305559638557117",8,"9,448846678961543","-0,14328704040442553","0,14328704040442553"
12192,Opel,Corsa,Gasoline,Manual,Used,10940,"90,0",2019,"9,300181075975972",3,"9,404591622468466","-0,1044105464924936","0,1044105464924936"
1450,Renault,Arkana,Gasoline,Automatic,Demonstration,25580,"140,0",2021,"10,149566075132833",1,"10,188535034182774","-0,038968959049940466","0,038968959049940466"
39000,Renault,Megane,Gasoline,Manual,Used,5300,"101,0",2011,"8,575462099540212",11,"8,810191336217766","-0,23472923667755374","0,23472923667755374"
56500,Opel,Insignia,Diesel,Automatic,Used,24440,"170,0",2017,"10,103976413285531",5,"9,928401981690069","0,1755744315954626","0,1755744315954626"
77000,Volkswagen,Golf Plus,Gasoline,Automatic,Used,9300,"122,0",2013,"9,137769679141348",9,"9,355462661293318","-0,21769298215196997","0,21769298215196997"
1800,Volkswagen,Polo,Gasoline,Manual,Used,17600,"95,0",2020,"9,775654181026242",2,"9,675563262509037","0,1000909185172052","0,1000909185172052"
7005,Opel,Insignia,Diesel,Manual,Demonstration,25880,"122,0",2020,"10,161225748614838",2,"10,256970609777447","-0,0957448611626095","0,0957448611626095"
195000,Opel,Astra,Diesel,Manual,Used,5990,"110,0",2015,"8,697846691109495",7,"8,861980484565045","-0,1641337934555498","0,1641337934555498"
79450,Opel,Astra,Gasoline,Manual,Used,7990,"140,0",2012,"8,98594603876032",10,"9,057351439036076","-0,07140540027575604","0,07140540027575604"
1000,Renault,Captur,Gasoline,Automatic,Demonstration,23890,"154,0",2021,"10,081215240319855",1,"10,309197471126357","-0,22798223080650182","0,22798223080650182"
80000,Volkswagen,Touran,Gasoline,Automatic,Used,13890,"140,0",2014,"9,53892443574839",8,"9,406970131736792","0,13195430401159847","0,13195430401159847"
75907,Skoda,Fabia,Gasoline,Manual,Used,6800,"86,0",2014,"8,824677891164198",8,"8,944713567117253","-0,12003567595305498","0,12003567595305498"
80100,Opel,Corsa,Gasoline,Manual,Used,5938,"69,0",2012,"8,689127655323706",10,"8,638528801114898","0,05059885420880761","0,05059885420880761"
113478,Ford,Fiesta,Gasoline,Manual,Used,6666,"101,0",2014,"8,804775258867686",8,"8,843791510122758","-0,03901625125507202","0,03901625125507202"
140300,Opel,Zafira,Diesel,Manual,Used,13490,"170,0",2018,"9,509703949201802",4,"9,474714698082916","0,03498925111888518","0,03498925111888518"
10,Volkswagen,Tiguan,Diesel,Manual,Pre-registered,34990,"150,0",2021,"10,462817585361734",1,"10,357571765009494","0,1052458203522395","0,1052458203522395"
92377,Volkswagen,Golf,Diesel,Manual,Used,11511,"110,0",2015,"9,351058378915061",7,"9,177002684358003","0,17405569455705816","0,17405569455705816"
41500,Opel,Meriva,Gasoline,Automatic,Used,9490,"140,0",2013,"9,157993891603974",9,"9,403188352611565","-0,2451944610075909","0,2451944610075909"
64480,Volkswagen,up!,Gasoline,Manual,Used,7945,"60,0",2016,"8,980298078970817",6,"8,824024260328123","0,15627381864269374","0,15627381864269374"
125000,Volkswagen,up!,Gasoline,Manual,Used,4990,"60,0",2016,"8,515191188745565",6,"8,670754871419614","-0,15556368267404963","0,15556368267404963"
75254,Opel,Zafira,Diesel,Automatic,Used,18990,"170,0",2019,"9,85166780380633",3,"9,990885398655864","-0,13921759484953355","0,13921759484953355"
44000,Ford,Ka/Ka+,Gasoline,Manual,Used,5000,"69,0",2014,"8,517193191416238",8,"8,775066501391674","-0,25787330997543556","0,25787330997543556"
71744,Volkswagen,up!,Gasoline,Manual,Used,6460,"75,0",2015,"8,773384596776648",7,"8,869923634766169","-0,09653903798952079","0,09653903798952079"
211001,Volkswagen,Caddy,Diesel,Manual,Used,6950,"102,0",2013,"8,846496938558838",9,"9,021293228041486","-0,17479628948264825","0,17479628948264825"
148126,Ford,S-Max,Diesel,Manual,Used,13950,"200,0",2013,"9,543234787249512",9,"9,227524024558848","0,31571076269066367","0,31571076269066367"
29484,Opel,Corsa,Gasoline,Manual,Used,5440,"69,0",2011,"8,601534339849989",11,"8,639299550706767","-0,03776521085677764","0,03776521085677764"
112981,Skoda,Rapid/Spaceback,Diesel,Manual,Used,7890,"90,0",2014,"8,97335141383992",8,"8,903483907852308","0,06986750598761127","0,06986750598761127"
36500,Opel,Astra,Gasoline,Manual,Used,10850,"116,0",2015,"9,291920358968605",7,"9,228954138961114","0,06296622000749075","0,06296622000749075"
90173,Ford,Focus,Gasoline,Manual,Used,8990,"101,0",2014,"9,103868127465667",8,"8,9084996083891","0,19536851907656683","0,19536851907656683"
1750,Opel,Corsa,Gasoline,Automatic,Used,18450,"101,0",2021,"9,822819649468673",1,"9,88054848325692","-0,05772883378824645","0,05772883378824645"
35000,Renault,Captur,Gasoline,Manual,Used,10100,"90,0",2015,"9,22029070282935",7,"9,096193043943464","0,12409765888588709","0,12409765888588709"
46060,Volkswagen,Golf GTI,Gasoline,Automatic,Used,22980,"230,0",2018,"10,042379551402746",4,"10,202615927174282","-0,16023637577153593","0,16023637577153593"
108850,Volkswagen,Touran,Gasoline,Manual,Used,10699,"105,0",2015,"9,277905558138606",7,"9,138832365028044","0,139073193110562","0,139073193110562"
33600,Renault,Clio,Gasoline,Manual,Used,7990,"73,0",2015,"8,98594603876032",7,"8,928457508262548","0,05748853049777125","0,05748853049777125"
48989,Skoda,Fabia,Gasoline,Manual,Used,8990,"60,0",2017,"9,103868127465667",5,"8,938527494084335","0,16534063338133187","0,16534063338133187"
185000,Volkswagen,Golf Variant,Gasoline,Manual,Used,4799,"105,0",2012,"8,476162841858246",10,"8,65242660508434","-0,17626376322609438","0,17626376322609438"
175000,Ford,Kuga,Diesel,Manual,Used,10888,"140,0",2013,"9,295416544331301",9,"9,115928807347212","0,1794877369840897","0,1794877369840897"
27252,Opel,Grandland X,Gasoline,Automatic,Used,20990,"131,0",2019,"9,951801412814678",3,"9,870798460975973","0,08100295183870543","0,08100295183870543"
69500,Volkswagen,up!,Gasoline,Manual,Demonstration,6489,"60,0",2016,"8,77786371462117",6,"8,811223548538287","-0,0333598339171175","0,0333598339171175"
77000,Renault,Megane,Gasoline,Manual,Used,6990,"116,0",2015,"8,852235835227855",7,"9,124012276204978","-0,2717764409771224","0,2717764409771224"
56108,Volkswagen,Polo,Gasoline,Automatic,Used,8800,"90,0",2013,"9,082507000466299",9,"9,041703816211065","0,04080318425523366","0,04080318425523366"
50000,Opel,Combo,Gasoline,Manual,Used,6950,"95,0",2015,"8,846496938558838",7,"9,077011074694273","-0,2305141361354348","0,2305141361354348"
2500,Opel,Corsa,Gasoline,Manual,Used,13490,"75,0",2020,"9,509703949201802",2,"9,477819351668769","0,03188459753303263","0,03188459753303263"
91000,Ford,Transit Courier,Diesel,Manual,Used,8990,"95,0",2017,"9,103868127465667",5,"9,148262751188138","-0,04439462372247149","0,04439462372247149"
7300,Ford,Puma,Gasoline,Manual,Employee's car,20950,"125,0",2020,"9,949893925350283",2,"9,900273736353917","0,04962018899636611","0,04962018899636611"
23277,Renault,Kadjar,Gasoline,Manual,Used,18590,"140,0",2020,"9,83037908071549",2,"9,85014312766269","-0,019764046947200242","0,019764046947200242"
47000,Volkswagen,Polo,Gasoline,Manual,Used,6999,"60,0",2012,"8,85352256068954",10,"8,660741426534527","0,19278113415501252","0,19278113415501252"
75000,Opel,Meriva,Diesel,Manual,Used,7300,"110,0",2015,"8,895629627136483",7,"9,272153163636327","-0,37652353649984427","0,37652353649984427"
61338,Volkswagen,Tiguan,Diesel,Automatic,Used,31530,"190,0",2018,"10,358694752539106",4,"10,211966504491059","0,1467282480480474","0,1467282480480474"
100,Skoda,Fabia,Gasoline,Manual,Pre-registered,14680,"60,0",2021,"9,594241302168507",1,"9,532040413074462","0,06220088909404531","0,06220088909404531"
157000,Opel,Zafira,Gasoline,Manual,Used,6500,"150,0",2012,"8,779557455883728",10,"8,811528053939394","-0,0319705980556666","0,0319705980556666"
83304,Volkswagen,Polo,Gasoline,Manual,Used,7890,"60,0",2015,"8,97335141383992",7,"8,717822171056044","0,2555292427838758","0,2555292427838758"
8913,Opel,Adam,Gasoline,Manual,Used,13197,"87,0",2019,"9,48774481001683",3,"9,458700765059904","0,02904404495692603","0,02904404495692603"
99200,Volkswagen,Polo,Gasoline,Manual,Used,6470,"60,0",2012,"8,774931387494947",10,"8,602771656632088","0,17215973086285885","0,17215973086285885"
97311,Volkswagen,Tiguan,Diesel,Manual,Used,21480,"150,0",2019,"9,974877548622802",3,"9,851775643518451","0,1231019051043507","0,1231019051043507"
99998,Opel,Insignia,Diesel,Automatic,Used,12650,"136,0",2017,"9,445412494155667",5,"9,417951372679921","0,027461121475745642","0,027461121475745642"
81218,Skoda,Fabia,Gasoline,Manual,Used,9690,"95,0",2017,"9,178849704884811",5,"9,144809821673059","0,03403988321175255","0,03403988321175255"
84200,Opel,Mokka,Gasoline,Automatic,Used,11500,"140,0",2014,"9,350102314351341",8,"9,424197128283824","-0,07409481393248285","0,07409481393248285"
5500,Ford,Mondeo,Electric/Gasoline,Automatic,Used,23990,"188,0",2020,"10,08539235583374",2,"10,239010367716089","-0,15361801188234914","0,15361801188234914"
160000,Ford,Mondeo,Diesel,Manual,Used,8900,"163,0",2014,"9,093806555720231",8,"9,139969616066143","-0,04616306034591133","0,04616306034591133"
1550,Renault,Twingo,Gasoline,Manual,Demonstration,11990,"65,0",2021,"9,39182824802156",1,"9,43527245748396","-0,04344420946240035","0,04344420946240035"
38203,Ford,Kuga,Gasoline,Automatic,Used,23950,"182,0",2017,"10,083723602839061",5,"9,890078100393639","0,19364550244542222","0,19364550244542222"
53870,Skoda,Superb,Diesel,Manual,Used,23940,"150,0",2018,"10,083305979111964",4,"9,984166152856499","0,09913982625546502","0,09913982625546502"
102000,Ford,Fiesta,Gasoline,Manual,Used,6789,"101,0",2012,"8,823058934301647",10,"8,680158160783177","0,14290077351846975","0,14290077351846975"
66874,Opel,Astra,Diesel,Manual,Used,11470,"110,0",2019,"9,347490210123416",3,"9,472325666714486","-0,12483545659106987","0,12483545659106987"
174000,Opel,Astra,Diesel,Manual,Used,4950,"110,0",2012,"8,507142855562735",10,"8,693887608021956","-0,18674475245922117","0,18674475245922117"
73000,Ford,Fiesta,Gasoline,Manual,Used,7500,"60,0",2015,"8,922658299524402",7,"8,762438554935324","0,16021974458907806","0,16021974458907806"
119800,Volkswagen,Golf,Gasoline,Manual,Used,9490,"110,0",2015,"9,157993891603974",7,"9,054484789496323","0,10350910210765107","0,10350910210765107"
41400,Renault,Clio,Gasoline,Manual,Used,7980,"73,0",2016,"8,984693690443855",6,"8,978581277910415","0,006112412533440192","0,006112412533440192"
193400,Skoda,Rapid/Spaceback,Diesel,Manual,Used,7450,"90,0",2016,"8,915969311373605",6,"8,825121706257587","0,09084760511601786","0,09084760511601786"
9000,Volkswagen,Passat,Electric/Gasoline,Automatic,Demonstration,33990,"156,0",2020,"10,433821642690162",2,"10,504944453387964","-0,07112281069780124","0,07112281069780124"
151902,Renault,Megane,Diesel,Manual,Used,11480,"131,0",2018,"9,348361669873558",4,"9,270839470776485","0,07752219909707314","0,07752219909707314"
124000,Volkswagen,Golf,Gasoline,Manual,Used,5990,"86,0",2012,"8,697846691109495",10,"8,681797534181673","0,016049156927822494","0,016049156927822494"
62000,Skoda,Rapid/Spaceback,Gasoline,Automatic,Used,9650,"122,0",2014,"9,174713194333032",8,"9,462568990909286","-0,28785579657625426","0,28785579657625426"
8000,Renault,Kadjar,Gasoline,Automatic,Used,21990,"159,0",2019,"9,998343083548807",3,"10,083298452445153","-0,08495536889634536","0,08495536889634536"
229800,Skoda,Octavia,Diesel,Manual,Used,7800,"140,0",2013,"8,961879012677683",9,"9,056075267729648","-0,0941962550519655","0,0941962550519655"
22578,Skoda,Fabia,Gasoline,Manual,Used,9490,"60,0",2018,"9,157993891603974",4,"9,05115899907451","0,10683489252946465","0,10683489252946465"
210000,Volkswagen,Touran,Diesel,Manual,Used,8990,"140,0",2011,"9,103868127465667",11,"8,970089769496463","0,133778357969204","0,133778357969204"
52661,Renault,ZOE,Electric,Automatic,Used,7500,"92,0",2016,"8,922658299524402",6,"8,99683568957124","-0,0741773900468381","0,0741773900468381"
46623,Opel,Corsa,Gasoline,Manual,Used,7490,"69,0",2017,"8,921324076511265",5,"8,987125198821529","-0,0658011223102637","0,0658011223102637"
81100,Ford,Mondeo,Gasoline,Manual,Used,9990,"160,0",2012,"9,2093398716426",10,"9,30014423780176","-0,09080436615916021","0,09080436615916021"
84000,Skoda,Yeti,Diesel,Manual,Used,8888,"110,0",2013,"9,092457331319466",9,"9,021484021115084","0,07097331020438169","0,07097331020438169"
50,Ford,Fiesta,Gasoline,Automatic,Pre-registered,21985,"125,0",2021,"9,99811568161491",1,"10,062686339934942","-0,06457065832003117","0,06457065832003117"
278000,Renault,Espace,Diesel,Automatic,Used,4890,"173,0",2011,"8,494947582468917",11,"8,692523534845947","-0,1975759523770293","0,1975759523770293"
17500,Volkswagen,Golf Sportsvan,Diesel,Automatic,Used,24900,"150,0",2019,"10,1226230824528",3,"10,237823757355011","-0,11520067490221209","0,11520067490221209"
10495,Opel,Adam,Gasoline,Manual,Used,10499,"87,0",2017,"9,259035293514941",5,"9,294380851910724","-0,03534555839578246","0,03534555839578246"
39094,Opel,Corsa,Gasoline,Manual,Used,5399,"69,0",2014,"8,593969030218288",8,"8,770166384406828","-0,17619735418854","0,17619735418854"
17882,Ford,Kuga,Gasoline,Manual,Used,16998,"120,0",2019,"9,740850969058572",3,"9,743343909545933","-0,0024929404873610395","0,0024929404873610395"
81375,Volkswagen,CC,Diesel,Manual,Used,18200,"184,0",2016,"9,809176873064887",6,"9,777115198622722","0,0320616744421649","0,0320616744421649"
34724,Opel,Corsa,Gasoline,Manual,Used,8995,"69,0",2017,"9,104424146384634",5,"9,000308653566472","0,10411549281816157","0,10411549281816157"
169900,Ford,Kuga,Diesel,Manual,Used,9890,"120,0",2015,"9,199279424616758",7,"8,975450471198322","0,22382895341843678","0,22382895341843678"
56000,Opel,Astra,Diesel,Manual,Used,11500,"136,0",2016,"9,350102314351341",6,"9,473912424963698","-0,12381011061235725","0,12381011061235725"
50,Skoda,Fabia,Gasoline,Manual,Pre-registered,13447,"95,0",2021,"9,50651131182387",1,"9,716314462333369","-0,20980315050949905","0,20980315050949905"
13000,Volkswagen,up!,Gasoline,Manual,Used,11800,"60,0",2019,"9,375854810453756",3,"9,196061478203069","0,1797933322506875","0,1797933322506875"
80391,Skoda,Octavia,Diesel,Automatic,Used,17771,"150,0",2018,"9,785323194185485",4,"9,961177687037466","-0,17585449285198074","0,17585449285198074"
19950,Volkswagen,up!,Gasoline,Manual,Used,8350,"75,0",2015,"9,030016817844901",7,"9,009488989524481","0,020527828320419772","0,020527828320419772"
28700,Ford,Fiesta,Gasoline,Manual,Used,13800,"86,0",2019,"9,532423871145296",3,"9,38812877912861","0,14429509201668544","0,14429509201668544"
76320,Volkswagen,Golf Variant,Diesel,Manual,Used,12840,"110,0",2015,"9,460320577243952",7,"9,272153163636327","0,18816741360762457","0,18816741360762457"
110000,Volkswagen,up!,Gasoline,Manual,Used,4900,"60,0",2012,"8,496990484098719",10,"8,574983140355757","-0,0779926562570381","0,0779926562570381"
70830,Ford,Focus,Gasoline,Manual,Used,5500,"105,0",2011,"8,612503371220562",11,"8,967639881693398","-0,35513651047283545","0,35513651047283545"
88000,Opel,Meriva,Gasoline,Manual,Used,5999,"101,0",2011,"8,699348067653093",11,"8,666682368265837","0,03266569938725539","0,03266569938725539"
131285,Skoda,Octavia,Diesel,Automatic,Used,13480,"150,0",2017,"9,508962384466297",5,"9,540245184299982","-0,03128279983368465","0,03128279983368465"
117000,Opel,Astra,Gasoline,Manual,Used,6150,"120,0",2011,"8,724207360800564",11,"8,714015595391732","0,010191765408832154","0,010191765408832154"
129000,Opel,Corsa,Diesel,Manual,Used,6190,"95,0",2015,"8,730690365678642",7,"8,833394051533471","-0,10270368585482892","0,10270368585482892"
62000,Volkswagen,Golf Plus,Gasoline,Manual,Used,9500,"122,0",2011,"9,159047077588632",11,"9,077946587319644","0,08110049026898736","0,08110049026898736"
58270,Opel,Mokka,Gasoline,Manual,Used,11985,"140,0",2016,"9,391411146868485",6,"9,408435782300101","-0,01702463543161592","0,01702463543161592"
52500,Opel,Mokka,Diesel,Automatic,Used,13990,"136,0",2016,"9,546098067659527",6,"9,600039235191819","-0,053941167532292056","0,053941167532292056"
75200,Skoda,Kodiaq,Diesel,Automatic,Used,24960,"150,0",2017,"10,125029822483365",5,"9,909918613212012","0,21511120927135252","0,21511120927135252"
122770,Volkswagen,Passat,Diesel,Automatic,Used,13980,"177,0",2014,"9,5453830157878",8,"9,51526657102165","0,030116444766150607","0,030116444766150607"
23835,Ford,Focus,Gasoline,Manual,Used,16380,"125,0",2019,"9,70381635740706",3,"9,723775187403195","-0,019958829996134853","0,019958829996134853"
6149,Renault,Twingo,Gasoline,Manual,Used,9895,"90,0",2018,"9,199784858036667",4,"9,348330880548964","-0,14854602251229743","0,14854602251229743"
60000,Renault,Captur,Gasoline,Manual,Used,8990,"90,0",2013,"9,103868127465667",9,"8,915094309446532","0,1887738180191345","0,1887738180191345"
178000,Skoda,Superb,Gasoline,Automatic,Used,9200,"160,0",2013,"9,126958763037132",9,"9,055781737295355","0,0711770257417772","0,0711770257417772"
49500,Renault,Clio,Gasoline,Manual,Used,4987,"75,0",2013,"8,514589805546123",9,"8,696960523678468","-0,1823707181323453","0,1823707181323453"
11695,Volkswagen,T-Roc,Gasoline,Manual,Used,26940,"150,0",2020,"10,201367449964355",2,"10,080577953468719","0,12078949649563597","0,12078949649563597"
69990,Ford,Focus,Gasoline,Manual,Used,19950,"250,0",2018,"9,90098442231801",4,"9,89440233738192","0,006582084936090027","0,006582084936090027"
48811,Ford,Fiesta,Gasoline,Manual,Used,8640,"86,0",2017,"9,064157861798101",5,"9,234031253508677","-0,16987339171057592","0,16987339171057592"
137000,Volkswagen,Golf,Gasoline,Manual,Used,10980,"140,0",2013,"9,30383071506352",9,"9,019832834380159","0,28399788068336207","0,28399788068336207"
105400,Opel,Corsa,Gasoline,Manual,Used,4900,"87,0",2011,"8,496990484098719",11,"8,548269429658014","-0,0512789455592948","0,0512789455592948"
136480,Opel,Astra,Diesel,Manual,Used,8120,"160,0",2011,"9,002085433155724",11,"9,058970516319805","-0,05688508316408125","0,05688508316408125"
31947,Volkswagen,up!,Gasoline,Manual,Used,9380,"75,0",2018,"9,14633504200027",4,"9,161000054918446","-0,01466501291817579","0,01466501291817579"
78900,Renault,Clio,Gasoline,Manual,Used,5899,"73,0",2014,"8,682538124003075",8,"8,76351172071815","-0,08097359671507398","0,08097359671507398"
16196,Ford,Fiesta,Gasoline,Manual,Used,8440,"71,0",2019,"9,040737587590003",3,"9,18534623008124","-0,14460864249123695","0,14460864249123695"
219000,Volkswagen,Caddy,Diesel,Manual,Used,9900,"102,0",2015,"9,20029003612268",7,"9,082117883667017","0,11817215245566359","0,11817215245566359"
133000,Volkswagen,Golf,Diesel,Manual,Used,8900,"105,0",2011,"9,093806555720231",11,"8,85603677027244","0,23776978544779226","0,23776978544779226"
40000,Opel,Corsa,Gasoline,Manual,Used,7800,"87,0",2013,"8,961879012677683",9,"8,833868789894503","0,12801022278318008","0,12801022278318008"
2900,Opel,Corsa,Gasoline,Manual,Used,14790,"75,0",2021,"9,601706555704846",1,"9,563085827478735","0,0386207282261104","0,0386207282261104"
10755,Volkswagen,Golf,Gasoline,Manual,Used,17950,"131,0",2019,"9,795345393916424",3,"9,851225576262554","-0,05588018234612946","0,05588018234612946"
104000,Ford,Fiesta,Diesel,Manual,Used,7599,"95,0",2016,"8,935771938669784",6,"9,007937895027595","-0,07216595635781076","0,07216595635781076"
149230,Ford,C-Max,Diesel,Manual,Used,8450,"120,0",2016,"9,041921720351219",6,"9,053826238655226","-0,011904518304007183","0,011904518304007183"
24704,Opel,Crossland X,Gasoline,Manual,Used,11990,"82,0",2018,"9,39182824802156",4,"9,307356218958994","0,08447202906256557","0,08447202906256557"
28450,Opel,Mokka X,Gasoline,Manual,Used,16290,"140,0",2019,"9,69830670159609",3,"9,74316020361654","-0,04485350202044991","0,04485350202044991"
96000,Opel,Astra,Diesel,Manual,Used,7995,"110,0",2015,"8,986571625268054",7,"9,17720050924551","-0,1906288839774568","0,1906288839774568"
73650,Volkswagen,T6 Multivan,Diesel,Manual,Used,35940,"150,0",2018,"10,48960616033755",4,"9,907383715200119","0,5822224451374307","0,5822224451374307"
190000,Opel,Insignia,Diesel,Automatic,Used,5500,"160,0",2011,"8,612503371220562",11,"8,84433714025958","-0,2318337690390173","0,2318337690390173"
115125,Skoda,Fabia,Diesel,Manual,Used,8211,"75,0",2018,"9,01322999770879",4,"8,994930794630251","0,01829920307853783","0,01829920307853783"
6550,Ford,Puma,Electric/Gasoline,Manual,Employee's car,24480,"155,0",2019,"10,105611736626262",3,"10,026528642151849","0,07908309447441297","0,07908309447441297"
156266,Ford,Kuga,Diesel,Automatic,Used,9298,"163,0",2012,"9,13755460225053",10,"9,04707743671218","0,09047716553835095","0,09047716553835095"
51400,Renault,Twingo,Gasoline,Automatic,Used,9240,"90,0",2016,"9,131297164635729",6,"9,233174251752963","-0,10187708711723431","0,10187708711723431"
118000,Volkswagen,Touran,Diesel,Manual,Used,8200,"105,0",2011,"9,011889433252344",11,"8,905477479199597","0,1064119540527475","0,1064119540527475"
10,Skoda,Fabia,Gasoline,Manual,Pre-registered,13880,"60,0",2020,"9,538204234060796",2,"9,490198326785908","0,04800590727488796","0,04800590727488796"
15000,Renault,Clio,Gasoline,Manual,Used,12975,"90,0",2020,"9,470779708034089",2,"9,582117263249616","-0,11133755521552757","0,11133755521552757"
68053,Opel,Astra,Gasoline,Manual,Used,8850,"140,0",2011,"9,088172738001974",11,"8,979949162951186","0,10822357505078806","0,10822357505078806"
85740,Opel,Corsa,Diesel,Manual,Used,5890,"75,0",2011,"8,681011276645632",11,"8,892212473659253","-0,2112011970136205","0,2112011970136205"
29000,Opel,Meriva,Gasoline,Manual,Used,11480,"120,0",2016,"9,348361669873558",6,"9,37032273182748","-0,021961061953922112","0,021961061953922112"
65776,Ford,Tourneo Courier,Diesel,Manual,Used,13440,"101,0",2019,"9,50599061407714",3,"9,603432073092408","-0,09744145901526835","0,09744145901526835"
13910,Ford,Fiesta,Gasoline,Manual,Used,13490,"86,0",2019,"9,509703949201802",3,"9,475140943867949","0,034563005333852814","0,034563005333852814"
1500,Opel,Corsa,Gasoline,Manual,Used,16990,"101,0",2020,"9,740380214665977",2,"9,6836058861492","0,05677432851677722","0,05677432851677722"
72301,Renault,Captur,Gasoline,Manual,Used,12270,"118,0",2016,"9,414912537704957",6,"9,211397375081532","0,20351516262342528","0,20351516262342528"
53613,Volkswagen,Touran,Gasoline,Automatic,Used,23099,"150,0",2019,"10,047544605529554",3,"9,925706276513449","0,12183832901610536","0,12183832901610536"
16500,Skoda,Octavia,Gasoline,Manual,Used,21440,"150,0",2020,"9,973013615184739",2,"10,048745168558801","-0,07573155337406234","0,07573155337406234"
79858,Volkswagen,up!,Gasoline,Manual,Used,6490,"75,0",2014,"8,778017809698136",8,"8,735594815605706","0,04242299409242989","0,04242299409242989"
50,Ford,Puma,Gasoline,Manual,Pre-registered,22890,"125,0",2021,"10,038455412946613",1,"9,970510481228734","0,06794493171787863","0,06794493171787863"
122580,Volkswagen,Golf,Diesel,Manual,Used,14987,"150,0",2017,"9,614938437644996",5,"9,55134547736464","0,06359296028035644","0,06359296028035644"
42759,Renault,Clio,Diesel,Manual,Used,10790,"90,0",2018,"9,28637505825218",4,"9,290885745986781","-0,004510687734601504","0,004510687734601504"
10,Volkswagen,Golf,Gasoline,Manual,Pre-registered,19980,"110,0",2020,"9,902487052202545",2,"9,846414487111412","0,05607256509113334","0,05607256509113334"
64760,Volkswagen,Polo,Gasoline,Automatic,Used,10990,"90,0",2014,"9,304741047397666",8,"9,107026480441498","0,19771456695616862","0,19771456695616862"
9,Skoda,Fabia,Gasoline,Automatic,Employee's car,16490,"95,0",2021,"9,710509415553645",1,"9,76502886311671","-0,054519447563064816","0,054519447563064816"
13484,Renault,Twingo,Gasoline,Manual,Used,10690,"73,0",2020,"9,27706400401909",2,"9,361293899351955","-0,0842298953328644","0,0842298953328644"
8,Skoda,Octavia,Gasoline,Manual,Pre-registered,22490,"150,0",2020,"10,020826044953361",2,"10,139597697921882","-0,11877165296852077","0,11877165296852077"
226000,Opel,Zafira Tourer,Diesel,Manual,Used,8700,"170,0",2015,"9,071078304642676",7,"9,008908028272167","0,06217027637050876","0,06217027637050876"
1490,Renault,Twingo,Gasoline,Manual,Demonstration,11180,"65,0",2021,"9,32188174670909",1,"9,435858370757678","-0,113976624048588","0,113976624048588"
155000,Renault,Megane,Diesel,Automatic,Used,6500,"110,0",2013,"8,779557455883728",9,"8,86892374666273","-0,08936629077900271","0,08936629077900271"
216500,Skoda,Rapid/Spaceback,Diesel,Automatic,Used,6950,"90,0",2017,"8,846496938558838",5,"8,968896304064858","-0,12239936550601982","0,12239936550601982"
22220,Renault,Clio,Gasoline,Manual,Used,10850,"73,0",2018,"9,291920358968605",4,"9,147798604348969","0,14412175461963628","0,14412175461963628"
47757,Renault,ZOE,Electric,Automatic,Used,6990,"92,0",2013,"8,852235835227855",9,"8,862729677290778","-0,010493842062922809","0,010493842062922809"
109000,Opel,Corsa,Gasoline,Manual,Used,5150,"87,0",2013,"8,546751993657782",9,"8,67536154447691","-0,12860955081912806","0,12860955081912806"
143500,Opel,Astra,Diesel,Manual,Used,8980,"110,0",2017,"9,102755161296246",5,"9,045189633678781","0,057565527617464696","0,057565527617464696"
100000,Ford,Fiesta,Gasoline,Manual,Used,4950,"60,0",2013,"8,507142855562735",9,"8,609746776980142","-0,1026039214174066","0,1026039214174066"
235000,Opel,Insignia,Diesel,Automatic,Used,5500,"160,0",2011,"8,612503371220562",11,"8,721833592548645","-0,1093302213280829","0,1093302213280829"
10353,Renault,Twingo,Gasoline,Automatic,Used,13990,"92,0",2020,"9,546098067659527",2,"9,54948816201192","-0,003390094352393902","0,003390094352393902"
32503,Opel,Astra,Gasoline,Manual,Used,14740,"125,0",2019,"9,598320165743328",3,"9,683075796950865","-0,08475563120753726","0,08475563120753726"
29600,Skoda,Karoq,Gasoline,Automatic,Used,27499,"150,0",2020,"10,221904919357126",2,"10,065690088854465","0,15621483050266072","0,15621483050266072"
19410,Renault,ZOE,Electric,Automatic,Used,8995,"92,0",2017,"9,104424146384634",5,"9,165038448004688","-0,060614301620054434","0,060614301620054434"
15919,Volkswagen,Golf,Gasoline,Automatic,Used,35555,"300,0",2019,"10,478836072317618",3,"10,47829061196446","0,0005454603531571678","0,0005454603531571678"
74000,Volkswagen,Polo,Gasoline,Manual,Used,7000,"75,0",2014,"8,85366542803745",8,"8,75143674973808","0,10222867829937066","0,10222867829937066"
196141,Skoda,Rapid/Spaceback,Diesel,Manual,Used,6970,"116,0",2017,"8,84937050375457",5,"9,095784816481702","-0,24641431272713277","0,24641431272713277"
66800,Ford,Grand Tourneo,Diesel,Manual,Used,9990,"75,0",2016,"9,2093398716426",6,"9,05323459102234","0,15610528062025963","0,15610528062025963"
24468,Volkswagen,Touran,Gasoline,Automatic,Used,25880,"150,0",2020,"10,161225748614838",2,"10,124098822161278","0,03712692645355986","0,03712692645355986"
101540,Skoda,Fabia,Gasoline,Manual,Used,7500,"90,0",2016,"8,922658299524402",6,"8,943439263169982","-0,020780963645579575","0,020780963645579575"
201238,Ford,Focus,Diesel,Manual,Used,7790,"150,0",2015,"8,960596138864794",7,"9,20322437807987","-0,24262823921507604","0,24262823921507604"
27695,Renault,Clio,Gasoline,Manual,Used,9995,"76,0",2019,"9,209840246934501",3,"9,273763323105774","-0,0639230761712728","0,0639230761712728"
5,Opel,Crossland X,Gasoline,Manual,Pre-registered,27480,"131,0",2021,"10,221213746336286",1,"10,081495812908157","0,13971793342812866","0,13971793342812866"
52453,Renault,Kadjar,Gasoline,Manual,Used,14389,"131,0",2016,"9,574219304763417",6,"9,440016957952349","0,1342023468110689","0,1342023468110689"
43657,Volkswagen,up!,Gasoline,Manual,Used,7880,"75,0",2017,"8,972083182851925",5,"9,090394397502369","-0,11831121465044347","0,11831121465044347"
27500,Volkswagen,Golf Plus,Gasoline,Manual,Used,9900,"122,0",2013,"9,20029003612268",9,"9,335268299725271","-0,1349782636025907","0,1349782636025907"
120000,Opel,Astra,Diesel,Manual,Used,7490,"110,0",2015,"8,921324076511265",7,"9,050554309888762","-0,12923023337749662","0,12923023337749662"
98400,Opel,Insignia,Diesel,Automatic,Used,11580,"170,0",2015,"9,357034751126987",7,"9,49382411671917","-0,13678936559218258","0,13678936559218258"
102000,Opel,Astra,Gasoline,Manual,Used,10980,"150,0",2015,"9,30383071506352",7,"9,320828246639982","-0,016997531576461","0,016997531576461"
6000,Renault,Clio,Gasoline,Manual,Demonstration,13590,"90,0",2019,"9,51708950714519",3,"9,422877835470254","0,09421167167493572","0,09421167167493572"
18755,Opel,Cascada,Gasoline,Automatic,Used,27990,"136,0",2019,"10,2396025825095",3,"9,893135724819414","0,34646685769008556","0,34646685769008556"
75307,Volkswagen,Polo,Gasoline,Manual,Used,10441,"90,0",2016,"9,25349564229011",6,"9,052454699591033","0,2010409426990769","0,2010409426990769"
128000,Ford,Grand C-Max,Diesel,Manual,Used,5700,"116,0",2011,"8,648221453822641",11,"8,718721942382986","-0,07050048856034508","0,07050048856034508"
10,Skoda,Kamiq,Gasoline,Manual,Pre-registered,23990,"110,0",2021,"10,08539235583374",1,"9,93966754135845","0,1457248144752903","0,1457248144752903"
161006,Opel,Zafira,Diesel,Manual,Used,8880,"110,0",2014,"9,091556835986216",8,"8,900464710533027","0,19109212545318854","0,19109212545318854"
53200,Volkswagen,up!,Gasoline,Manual,Used,6900,"60,0",2016,"8,83927669058535",6,"8,861431700054432","-0,02215500946908122","0,02215500946908122"
48172,Volkswagen,up!,Gasoline,Manual,Used,7532,"60,0",2018,"8,926915889777042",4,"8,973765905227694","-0,04685001545065148","0,04685001545065148"
23480,Skoda,Superb,Gasoline,Automatic,Used,27480,"190,0",2019,"10,221213746336286",3,"10,322301604596532","-0,10108785826024658","0,10108785826024658"
102716,Skoda,Octavia,Diesel,Manual,Used,15990,"150,0",2017,"9,679718805828",5,"9,637149439758115","0,04256936606988404","0,04256936606988404"
11700,Ford,Focus,Gasoline,Manual,Employee's car,19980,"150,0",2020,"9,902487052202545",2,"10,080577953468719","-0,17809090126617377","0,17809090126617377"
100,Renault,ZOE,Electric,Automatic,Pre-registered,41195,"69,0",2020,"10,62607216874969",2,"9,823515012880426","0,8025571558692643","0,8025571558692643"
101142,Opel,Astra,Diesel,Manual,Used,8980,"110,0",2018,"9,102755161296246",4,"9,221017741315029","-0,11826258001878287","0,11826258001878287"
21900,Ford,C-Max,Gasoline,Manual,Used,17650,"125,0",2019,"9,778491062361443",3,"9,739927514233784","0,03856354812765872","0,03856354812765872"
10,Ford,Kuga,Gasoline,Manual,Used,28440,"150,0",2020,"10,255551883917176",2,"10,140441393449633","0,11511049046754351","0,11511049046754351"
19211,Volkswagen,Tiguan,Diesel,Manual,Used,26290,"150,0",2020,"10,176943917723927",2,"10,15083955372704","0,026104363996886093","0,026104363996886093"
88900,Volkswagen,Caddy,Gasoline,Manual,Used,9450,"86,0",2015,"9,153770020487789",7,"9,062567883461032","0,09120213702675706","0,09120213702675706"
55700,Opel,Combo,CNG,Manual,Used,9690,"120,0",2016,"9,178849704884811",6,"9,45456397031938","-0,27571426543456923","0,27571426543456923"
30000,Volkswagen,Caddy,Diesel,Manual,Used,10300,"75,0",2014,"9,239899174217728",8,"8,935509332915712","0,3043898413020152","0,3043898413020152"
62000,Volkswagen,Passat Variant,Diesel,Manual,Used,14990,"120,0",2015,"9,615138591096644",7,"9,354732521292606","0,2604060698040378","0,2604060698040378"
77919,Opel,Corsa,Gasoline,Manual,Used,4990,"69,0",2012,"8,515191188745565",10,"8,65255909783577","-0,13736790909020513","0,13736790909020513"
181094,Opel,Astra,Diesel,Manual,Used,7780,"136,0",2017,"8,959311617172437",5,"9,005684075404895","-0,04637245823245806","0,04637245823245806"
85049,Renault,Megane,Diesel,Manual,Used,10990,"110,0",2018,"9,304741047397666",4,"9,331592393797404","-0,026851346399737963","0,026851346399737963"
14950,Opel,Insignia,Gasoline,Automatic,Used,19490,"165,0",2017,"9,877656792501606",5,"9,916404160525543","-0,03874736802393741","0,03874736802393741"
44590,Opel,Corsa,Gasoline,Manual,Used,7430,"87,0",2014,"8,913281137711804",8,"8,901914848551371","0,01136628916043314","0,01136628916043314"
10,Skoda,Karoq,Gasoline,Automatic,Pre-registered,28940,"150,0",2021,"10,272980000185475",1,"10,281368257662706","-0,00838825747723071","0,00838825747723071"
10071,Renault,Megane,Gasoline,Manual,Used,16990,"140,0",2020,"9,740380214665977",2,"9,913143560829393","-0,17276334616341593","0,17276334616341593"
40000,Volkswagen,Polo,Gasoline,Manual,Used,8890,"60,0",2017,"9,09268232850795",5,"8,952125655599172","0,1405566729087777","0,1405566729087777"
10,Skoda,Octavia,Diesel,Automatic,Used,23585,"150,0",2020,"10,068366195718362",2,"10,33704661603579","-0,26868042031742867","0,26868042031742867"
203000,Volkswagen,T5 Multivan,Diesel,Automatic,Used,15900,"179,0",2013,"9,674074388208323",9,"9,840233595027637","-0,16615920681931406","0,16615920681931406"
71497,Ford,S-Max,Diesel,Automatic,Used,19980,"150,0",2017,"9,902487052202545",5,"9,925175123253057","-0,022688071050511738","0,022688071050511738"
31245,Skoda,Fabia,Gasoline,Manual,Used,9970,"60,0",2019,"9,207335862955883",3,"9,080693706460579","0,1266421564953042","0,1266421564953042"
20035,Volkswagen,Tiguan,Gasoline,Automatic,Used,27390,"150,0",2019,"10,217933262257123",3,"10,07244872948802","0,14548453276910323","0,14548453276910323"
49514,Renault,Twingo,Gasoline,Manual,Used,6600,"69,0",2017,"8,794824928014517",5,"8,982189362297168","-0,18736443428265126","0,18736443428265126"
207000,Opel,Zafira,Diesel,Manual,Used,7300,"136,0",2014,"8,895629627136483",8,"8,933854378119392","-0,03822475098290923","0,03822475098290923"
5843,Renault,Captur,Gasoline,Automatic,Used,20890,"131,0",2020,"9,947025854550612",2,"10,003225729797267","-0,05619987524665504","0,05619987524665504"
119000,Opel,Astra,Diesel,Manual,Used,7790,"110,0",2014,"8,960596138864794",8,"9,037597060368268","-0,07700092150347437","0,07700092150347437"
76187,Opel,Zafira Tourer,Gasoline,Manual,Used,13460,"140,0",2015,"9,50747760319872",7,"9,319525759892835","0,18795184330588377","0,18795184330588377"
95000,Ford,Fiesta,Diesel,Manual,Used,6690,"75,0",2015,"8,808369153122275",7,"8,916287933171985","-0,1079187800497099","0,1079187800497099"
111880,Volkswagen,T6 Kombi,Diesel,Manual,Used,24945,"114,0",2018,"10,124428680295138",4,"9,670728086037379","0,453700594257759","0,453700594257759"
59142,Renault,Twingo,Gasoline,Manual,Used,7490,"71,0",2016,"8,921324076511265",6,"8,816133719536758","0,10519035697450718","0,10519035697450718"
44744,Ford,EcoSport,Gasoline,Manual,Used,8888,"111,0",2014,"9,092457331319466",8,"9,22121260410714","-0,12875527278767507","0,12875527278767507"
131800,Skoda,Superb,Diesel,Automatic,Used,21666,"190,0",2017,"9,983499490505512",5,"9,900846133129246","0,082653357376266","0,082653357376266"
11890,Skoda,Fabia,Gasoline,Automatic,Used,15440,"110,0",2018,"9,644716823578767",4,"9,813698350675578","-0,16898152709681113","0,16898152709681113"
137000,Skoda,Octavia,Diesel,Manual,Used,9900,"150,0",2013,"9,20029003612268",9,"9,254774447074194","-0,05448441095151324","0,05448441095151324"
39000,Volkswagen,Golf Plus,Diesel,Automatic,Used,9900,"105,0",2011,"9,20029003612268",11,"9,175196640570194","0,025093395552486797","0,025093395552486797"
49609,Volkswagen,Polo,Gasoline,Manual,Used,9950,"60,0",2016,"9,205327830152639",6,"8,874126077273512","0,33120175287912623","0,33120175287912623"
116500,Volkswagen,Golf,Diesel,Manual,Used,9900,"140,0",2012,"9,20029003612268",10,"9,204418206595685","-0,004128170473004289","0,004128170473004289"
146100,Volkswagen,Golf,Diesel,Automatic,Used,7699,"140,0",2011,"8,94884572927805",11,"9,090500331077395","-0,14165460179934541","0,14165460179934541"
65701,Opel,Meriva,Gasoline,Manual,Used,6780,"140,0",2011,"8,821732380934442",11,"8,978933183926344","-0,15720080299190187","0,15720080299190187"
61238,Renault,Scenic,Diesel,Automatic,Used,16660,"160,0",2016,"9,720765915720834",6,"9,751132232176051","-0,03036631645521659","0,03036631645521659"
194000,Volkswagen,Passat,Diesel,Manual,Used,7900,"140,0",2011,"8,974618038455112",11,"8,943499077078735","0,03111896137637693","0,03111896137637693"
65000,Ford,Ka/Ka+,Gasoline,Manual,Used,5499,"69,0",2014,"8,612321536507814",8,"8,741086528855398","-0,12876499234758398","0,12876499234758398"
33900,Skoda,Fabia,Gasoline,Manual,Used,9930,"60,0",2019,"9,203315757039219",3,"9,08100339927601","0,12231235776320837","0,12231235776320837"
23000,Ford,Mondeo,Diesel,Manual,Demonstration,25950,"150,0",2020,"10,163926888594034",2,"10,152192360127707","0,011734528466327276","0,011734528466327276"
25964,Opel,Astra,Gasoline,Manual,Used,12990,"105,0",2018,"9,471935109664646",4,"9,504559915682542","-0,03262480601789619","0,03262480601789619"
149390,Renault,Megane,Diesel,Manual,Used,9670,"110,0",2017,"9,17678358844734",5,"9,032422296713404","0,14436129173393475","0,14436129173393475"
11400,Opel,Corsa,Gasoline,Manual,Used,12220,"101,0",2019,"9,410829232725586",3,"9,537354570774387","-0,1265253380488005","0,1265253380488005"
40000,Volkswagen,Polo,Gasoline,Manual,Used,11590,"65,0",2018,"9,357897936333798",4,"9,173206624948245","0,18469131138555284","0,18469131138555284"
126900,Opel,Astra,Gasoline,Manual,Used,7450,"179,0",2011,"8,915969311373605",11,"8,969084660022913","-0,05311534864930856","0,05311534864930856"
191000,Opel,Zafira,Diesel,Automatic,Used,7700,"170,0",2015,"8,948975607841776",7,"9,083455447761017","-0,13447983991924062","0,13447983991924062"
8990,Ford,Focus,Diesel,Automatic,Employee's car,25950,"150,0",2020,"10,163926888594034",2,"10,30229977214707","-0,13837288355303556","0,13837288355303556"
300,Opel,Corsa,Gasoline,Automatic,Used,18290,"101,0",2020,"9,814109741384911",2,"9,7696094072532","0,04450033413171184","0,04450033413171184"
68686,Renault,Megane,Gasoline,Manual,Used,6900,"101,0",2016,"8,83927669058535",6,"9,124698124480938","-0,2854214338955874","0,2854214338955874"
82000,Volkswagen,Golf,Diesel,Automatic,Used,15700,"150,0",2015,"9,6614159913364",7,"9,688962615060595","-0,02754662372419503","0,02754662372419503"
6047,Opel,Corsa,Gasoline,Manual,Used,16730,"101,0",2020,"9,72495879398087",2,"9,676700973628444","0,04825782035242554","0,04825782035242554"
20000,Opel,Karl,Gasoline,Automatic,Used,10750,"75,0",2017,"9,28266103355581",5,"9,335685257985359","-0,05302422442954935","0,05302422442954935"
99000,Opel,Corsa,Gasoline,Manual,Used,4990,"87,0",2012,"8,515191188745565",10,"8,632842959836434","-0,11765177109086977","0,11765177109086977"
157607,Skoda,Superb,Gasoline,Manual,Used,6990,"125,0",2011,"8,852235835227855",11,"8,6198702958882","0,2323655393396553","0,2323655393396553"
157260,Volkswagen,Caddy,Diesel,Manual,Used,6000,"102,0",2013,"8,699514748210191",9,"9,121657657059279","-0,42214290884908756","0,42214290884908756"
37200,Skoda,Citigo,Gasoline,Manual,Used,6000,"60,0",2015,"8,699514748210191",7,"8,859098093181247","-0,15958334497105575","0,15958334497105575"
255000,Volkswagen,T5 Transporter,Diesel,Manual,Used,8600,"102,0",2011,"9,0595174822416",11,"8,811683512612499","0,24783396962910054","0,24783396962910054"
176609,Volkswagen,Golf,Diesel,Manual,Used,8690,"150,0",2014,"9,069928218259438",8,"9,188872340675122","-0,11894412241568375","0,11894412241568375"
87000,Volkswagen,Golf,Gasoline,Manual,Used,11500,"110,0",2014,"9,350102314351341",8,"9,146323206561382","0,2037791077899591","0,2037791077899591"
54000,Opel,Astra,Diesel,Manual,Used,9800,"110,0",2017,"9,190137664658664",5,"9,455021804926398","-0,26488414026773377","0,26488414026773377"
165988,Opel,Astra,Diesel,Manual,Used,6980,"136,0",2016,"8,850804195756417",6,"8,98716582455546","-0,13636162879904212","0,13636162879904212"
113000,Volkswagen,Caddy,Diesel,Manual,Used,8570,"102,0",2012,"9,056023011591826",10,"9,145379008535079","-0,08935599694325269","0,08935599694325269"
49482,Ford,Fiesta,Gasoline,Manual,Used,14190,"120,0",2018,"9,560292770154089",4,"9,573374178913145","-0,013081408759056501","0,013081408759056501"
4900,Opel,Corsa,Gasoline,Manual,Used,10990,"90,0",2019,"9,304741047397666",3,"9,439136584395872","-0,1343955369982055","0,1343955369982055"
163400,Volkswagen,Golf,Diesel,Automatic,Used,12490,"150,0",2017,"9,432683603119623",5,"9,359653392222327","0,07303021089729533","0,07303021089729533"
42200,Volkswagen,up!,Gasoline,,Used,6399,"60,0",2016,"8,76389700713946",6,"8,90129860035161","-0,13740159321215017","0,13740159321215017"
15,Ford,Tourneo Custom,Electric/Diesel,Manual,Pre-registered,39970,"185,0",2021,"10,59588445170537",1,"10,495083500972196","0,10080095073317352","0,10080095073317352"
61021,Volkswagen,Passat Variant,Gasoline,Automatic,Used,18910,"150,0",2017,"9,847446161652503",5,"9,875836210494633","-0,028390048842130255","0,028390048842130255"
81000,Opel,Meriva,Gasoline,Manual,Used,7500,"140,0",2013,"8,922658299524402",9,"9,157422894417397","-0,2347645948929955","0,2347645948929955"
9000,Volkswagen,Polo,Gasoline,Manual,Used,13800,"75,0",2018,"9,532423871145296",4,"9,284685923467606","0,24773794767768997","0,24773794767768997"
47451,Skoda,Citigo,Gasoline,Manual,Used,8300,"75,0",2015,"9,02401079378469",7,"8,92983639864123","0,09417439514345993","0,09417439514345993"
18100,Opel,Adam,Gasoline,Manual,Used,9999,"69,0",2014,"9,21024036697585",8,"8,829378046816297","0,3808623201595527","0,3808623201595527"
60202,Volkswagen,Golf Sportsvan,Diesel,Automatic,Used,14500,"150,0",2015,"9,581903928408666",7,"9,74890574557082","-0,1670018171621539","0,1670018171621539"
100,Renault,Twingo,Gasoline,Manual,Pre-registered,11380,"65,0",2021,"9,339612707680322",1,"9,433508798112669","-0,09389609043234692","0,09389609043234692"
10100,Ford,Ka/Ka+,Gasoline,Manual,Used,9490,"86,0",2017,"9,157993891603974",5,"9,345000248973538","-0,1870063573695635","0,1870063573695635"
133000,Volkswagen,Touran,Gasoline,Manual,Used,7900,"105,0",2011,"8,974618038455112",11,"8,799612940136875","0,17500509831823763","0,17500509831823763"
20810,Renault,Megane,Gasoline,Manual,Used,17489,"140,0",2020,"9,769327390849192",2,"9,859959608242754","-0,09063221739356209","0,09063221739356209"
1001,Renault,Clio,Diesel,Manual,Demonstration,13380,"90,0",2020,"9,50151633368222",2,"9,636040927104961","-0,13452459342274103","0,13452459342274103"
18090,Opel,Corsa,Gasoline,Manual,Used,8970,"69,0",2019,"9,101640955052842",3,"9,221223423425435","-0,11958246837259345","0,11958246837259345"
109200,Skoda,Octavia,Diesel,Automatic,Used,19439,"184,0",2017,"9,875036636362113",5,"9,924411956020583","-0,04937531965846986","0,04937531965846986"
12654,Ford,EcoSport,Gasoline,Manual,Used,17550,"125,0",2020,"9,772809228894012",2,"9,8615813077829","-0,08877207888888883","0,08877207888888883"
48603,Ford,Fiesta,Gasoline,Manual,Used,10990,"86,0",2018,"9,304741047397666",4,"9,295450832430378","0,009290214967288435","0,009290214967288435"
87216,Volkswagen,Golf,Gasoline,Manual,Used,7970,"122,0",2011,"8,98343977178426",11,"9,090597304970762","-0,10715753318650201","0,10715753318650201"
168235,Ford,Transit,Diesel,,Used,5999,"116,0",2011,"8,699348067653093",11,"8,635836466943333","0,06351160070975936","0,06351160070975936"
85285,Ford,Focus,Gasoline,Manual,Used,14980,"150,0",2017,"9,61447125707121",5,"9,625895494291887","-0,011424237220676758","0,011424237220676758"
31843,Ford,Fiesta,Gasoline,Manual,Used,11490,"71,0",2018,"9,3492323708428",4,"9,085564255289391","0,2636681155534095","0,2636681155534095"
169000,Renault,Espace,Diesel,Automatic,Used,11900,"173,0",2014,"9,38429367909962",8,"9,176141027520188","0,2081526515794323","0,2081526515794323"
105252,Ford,Focus,Gasoline,Automatic,Used,9970,"125,0",2012,"9,207335862955883",10,"8,947112295647594","0,2602235673082891","0,2602235673082891"
43506,Ford,Focus,Gasoline,Manual,Used,8900,"86,0",2016,"9,093806555720231",6,"9,27984748380148","-0,1860409280812494","0,1860409280812494"
47961,Volkswagen,Tiguan,Diesel,Automatic,Used,28950,"190,0",2018,"10,273325483001141",4,"10,246299703968168","0,02702577903297332","0,02702577903297332"
72300,Opel,Astra,Gasoline,Manual,Used,4888,"120,0",2011,"8,494538500851432",11,"8,829140648535452","-0,33460214768401997","0,33460214768401997"
132000,Volkswagen,Touran,Diesel,Manual,Used,8399,"105,0",2011,"9,035867930125628",11,"8,85603677027244","0,17983115985318854","0,17983115985318854"
61000,Renault,Clio,Gasoline,Manual,Used,7999,"90,0",2015,"8,987071812848821",7,"9,030094984776905","-0,043023171928084025","0,043023171928084025"
6046,Volkswagen,Polo,Gasoline,Manual,Used,11955,"75,0",2017,"9,388904879892426",5,"9,219890547550351","0,16901433234207452","0,16901433234207452"
61000,Volkswagen,Polo,Gasoline,Manual,Used,6750,"60,0",2015,"8,817297783866575",7,"8,78847775295396","0,028820030912614314","0,028820030912614314"
77000,Opel,Astra,Gasoline,Manual,Used,8900,"179,0",2012,"9,093806555720231",10,"9,30187461484503","-0,2080680591247983","0,2080680591247983"
44148,Ford,Focus,Gasoline,Manual,Used,18750,"250,0",2018,"9,838949031398556",4,"9,952864090751792","-0,11391505935323565","0,11391505935323565"
36554,Ford,Tourneo Courier,Diesel,Manual,Used,11945,"75,0",2015,"9,38806805975991",7,"9,043119124050657","0,3449489357092528","0,3449489357092528"
57576,Ford,Focus,Diesel,Automatic,Used,18490,"120,0",2019,"9,82498532438117",3,"9,783626940997824","0,041358383383347075","0,041358383383347075"
100000,Renault,Kangoo,Gasoline,Manual,Used,6600,"106,0",2013,"8,794824928014517",9,"8,965859011395256","-0,17103408338073933","0,17103408338073933"
248521,Opel,Zafira Tourer,Gasoline,Manual,Used,6290,"140,0",2013,"8,746716349694486",9,"8,785344707099748","-0,03862835740526194","0,03862835740526194"
107084,Volkswagen,up!,Gasoline,Manual,Used,4990,"60,0",2013,"8,515191188745565",9,"8,609898891791715","-0,09470770304615073","0,09470770304615073"
42600,Opel,Corsa,Gasoline,Manual,Used,9990,"90,0",2019,"9,2093398716426",3,"9,296644038145102","-0,08730416650250206","0,08730416650250206"
12223,Skoda,Fabia,Gasoline,Manual,Used,9740,"60,0",2019,"9,18399639663658",3,"9,193510521823544","-0,00951412518696415","0,00951412518696415"
160000,Volkswagen,Touran,Diesel,Automatic,Used,9980,"140,0",2012,"9,20833836930551",10,"9,062766208707073","0,14557216059843725","0,14557216059843725"
20406,Renault,ZOE,Electric,Automatic,Used,11480,"92,0",2017,"9,348361669873558",5,"9,166063961543214","0,18229770833034387","0,18229770833034387"
2727,Renault,Twingo,Electric,Automatic,Demonstration,11780,"42,0",2020,"9,374158457205578",2,"10,105764305731986","-0,7316058485264083","0,7316058485264083"
8,Ford,Tourneo Courier,Diesel,Manual,Pre-registered,16290,"101,0",2020,"9,69830670159609",2,"9,743940536253243","-0,04563383465715276","0,04563383465715276"
3780,Volkswagen,T-Roc,Diesel,Automatic,Used,34852,"150,0",2020,"10,458865803351177",2,"10,322461113522692","0,13640468982848475","0,13640468982848475"
74000,Renault,Megane,Diesel,Automatic,Used,9749,"110,0",2015,"9,184919994629272",7,"9,38471183332901","-0,19979183869973838","0,19979183869973838"
65700,Skoda,Fabia,Gasoline,Manual,Used,10400,"90,0",2016,"9,249561085129464",6,"9,075798943712675","0,17376214141678936","0,17376214141678936"
133100,Volkswagen,Golf Sportsvan,Diesel,Manual,Used,9940,"110,0",2014,"9,20432229965062",8,"8,999086157286138","0,20523614236448218","0,20523614236448218"
40569,Opel,Mokka X,Gasoline,Manual,Used,12440,"120,0",2018,"9,42867236629317",4,"9,563061480808997","-0,1343891145158267","0,1343891145158267"
226321,Volkswagen,Touran,Diesel,Manual,Used,8500,"105,0",2011,"9,047821442478408",11,"8,661847707565904","0,3859737349125041","0,3859737349125041"
150073,Volkswagen,Touareg,Diesel,Automatic,Used,18990,"204,0",2011,"9,85166780380633",11,"9,391842533588262","0,45982527021806874","0,45982527021806874"
33000,Renault,Twingo,Gasoline,Manual,Used,6600,"71,0",2015,"8,794824928014517",7,"8,8236842741194","-0,028859346104882277","0,028859346104882277"
65100,Opel,Mokka X,Gasoline,Manual,Used,11960,"120,0",2019,"9,389323027504624",3,"9,552836793543817","-0,163513766039193","0,163513766039193"
9207,Volkswagen,Golf Sportsvan,Gasoline,Automatic,Used,24240,"150,0",2019,"10,09575944018325",3,"10,118174554095196","-0,022415113911945284","0,022415113911945284"
21840,Ford,S-Max,Diesel,Automatic,Employee's car,36339,"241,0",2020,"10,500646823684912",2,"10,500629704419687","1,7119265224962987e-05","1,7119265224962987e-05"
10,Skoda,Kodiaq,Diesel,Automatic,Pre-registered,39990,"150,0",2021,"10,596384701840863",1,"10,433514269924197","0,16287043191666584","0,16287043191666584"
67201,Ford,Mondeo,Gasoline,Manual,Used,7990,"120,0",2013,"8,98594603876032",9,"9,009833237443507","-0,02388719868318745","0,02388719868318745"
32514,Volkswagen,Polo,Gasoline,Automatic,Used,17930,"150,0",2017,"9,794230566599179",5,"9,929533131315896","-0,1353025647167172","0,1353025647167172"
5,Renault,Twingo,Gasoline,Manual,Pre-registered,8988,"65,0",2021,"9,10364563330522",1,"9,330130736207229","-0,22648510290200896","0,22648510290200896"
130964,Opel,Astra,Gasoline,Manual,Used,9480,"101,0",2018,"9,156939595249067",4,"9,04778220643227","0,10915738881679715","0,10915738881679715"
64920,Volkswagen,Passat Variant,Diesel,Manual,Used,12799,"140,0",2012,"9,457122321855792",10,"9,325509069045596","0,13161325281019565","0,13161325281019565"
221781,Volkswagen,Caddy,Diesel,Manual,Used,8500,"75,0",2017,"9,047821442478408",5,"8,763738712748316","0,28408272973009296","0,28408272973009296"
69500,Volkswagen,Golf,Diesel,Automatic,Used,19990,"184,0",2016,"9,902987427494446",6,"9,982146684695492","-0,07915925720104511","0,07915925720104511"
34369,Volkswagen,Polo,Gasoline,Manual,Used,10877,"75,0",2018,"9,294405747093851",4,"9,16018813102488","0,13421761606897142","0,13421761606897142"
164400,Opel,Insignia,Diesel,Automatic,Used,11890,"194,0",2015,"9,383452989684827",7,"9,384319761083916","-0,0008667713990888615","0,0008667713990888615"
16000,Renault,Scenic,Gasoline,Automatic,Used,18999,"140,0",2019,"9,85214162518454",3,"9,913269810413377","-0,061128185228836784","0,061128185228836784"
38500,Volkswagen,Touran,Gasoline,Manual,Used,16500,"110,0",2016,"9,711115659888671",6,"9,417083380423957","0,2940322794647141","0,2940322794647141"
118266,Opel,Cascada,Diesel,Manual,Used,12900,"165,0",2014,"9,464982590349763",8,"9,140461727564267","0,3245208627854961","0,3245208627854961"
12900,Opel,Karl,Gasoline,Manual,Used,7450,"75,0",2016,"8,915969311373605",6,"9,093172783286091","-0,17720347191248642","0,17720347191248642"
19240,Skoda,Octavia,Gasoline,Manual,Employee's car,19490,"150,0",2020,"9,877656792501606",2,"10,04387372396577","-0,16621693146416483","0,16621693146416483"
82500,Volkswagen,up!,Gasoline,Manual,Used,5600,"60,0",2014,"8,630521876723241",8,"8,679357867834538","-0,04883599111129655","0,04883599111129655"
156000,Volkswagen,Caddy,Diesel,Automatic,Used,18999,"140,0",2011,"9,85214162518454",11,"9,05149551643832","0,8006461087462196","0,8006461087462196"
103040,Opel,Astra,Gasoline,Manual,Used,9999,"140,0",2014,"9,21024036697585",8,"9,137713849830737","0,07252651714511238","0,07252651714511238"
40000,Ford,Focus,Gasoline,Manual,Used,12000,"125,0",2014,"9,392661928770137",8,"9,233883174782385","0,1587787539877521","0,1587787539877521"
84815,Opel,Corsa,Gasoline,Manual,Used,5990,"69,0",2016,"8,697846691109495",6,"8,8058414997163","-0,10799480860680433","0,10799480860680433"
98509,Opel,Astra,Diesel,Manual,Used,8480,"110,0",2017,"9,045465728785949",5,"9,215930243754178","-0,1704645149682289","0,1704645149682289"
48900,Ford,Fiesta,Gasoline,Manual,Used,4790,"60,0",2015,"8,474285690404962",7,"8,813201039515652","-0,33891534911069066","0,33891534911069066"
65000,Volkswagen,Golf,Gasoline,Manual,Used,11650,"110,0",2015,"9,363061458993847",7,"9,257791309444327","0,1052701495495203","0,1052701495495203"
64289,Skoda,Octavia,Diesel,Automatic,Used,15980,"116,0",2018,"9,679093219320265",4,"9,73974578624683","-0,0606525669265654","0,0606525669265654"
93800,Opel,Astra,Gasoline,Manual,Used,6999,"140,0",2014,"8,85352256068954",8,"9,210505212474274","-0,356982651784735","0,356982651784735"
136300,Volkswagen,Golf,Gasoline,Manual,Used,7600,"122,0",2012,"8,935903526274423",10,"8,935244454562762","0,000659071711661241","0,000659071711661241"
26800,Ford,Focus,Gasoline,Manual,Used,33990,"349,0",2017,"10,433821642690162",5,"10,421497103983713","0,012324538706449673","0,012324538706449673"
185000,Volkswagen,Caddy,Diesel,Manual,Used,9250,"102,0",2017,"9,132378830506472",5,"9,29382881615432","-0,16144998564784885","0,16144998564784885"
44962,Volkswagen,Tiguan,Gasoline,Manual,Used,23666,"150,0",2017,"10,071794697944505",5,"9,758250119732189","0,3135445782123156","0,3135445782123156"
68906,Ford,Edge,Diesel,Automatic,Used,24950,"209,0",2017,"10,124629101179664",5,"10,156425515046507","-0,031796413866842954","0,031796413866842954"
9800,Volkswagen,Polo,Gasoline,Manual,Employee's car,16479,"95,0",2020,"9,70984212201073",2,"9,674522559140149","0,03531956287058158","0,03531956287058158"
129358,Skoda,Kodiaq,Diesel,Manual,Used,24785,"150,0",2018,"10,117993910454674",4,"9,690726664604064","0,4272672458506097","0,4272672458506097"
124737,Ford,B-Max,Gasoline,Automatic,Used,7995,"105,0",2015,"8,986571625268054",7,"9,207503899032103","-0,22093227376404911","0,22093227376404911"
114150,Volkswagen,Polo,Gasoline,Manual,Used,6990,"60,0",2013,"8,852235835227855",9,"8,603964915885399","0,24827091934245615","0,24827091934245615"
109200,Skoda,Roomster,Gasoline,Manual,Used,5970,"86,0",2013,"8,694502206386648",9,"8,784625423036099","-0,09012321664945055","0,09012321664945055"
106300,Opel,Astra,Diesel,Manual,Used,9499,"160,0",2016,"9,158941808890182",6,"9,329937588205471","-0,1709957793152892","0,1709957793152892"
50,Volkswagen,T-Cross,Gasoline,Manual,Pre-registered,18490,"95,0",2021,"9,82498532438117",1,"9,716314462333369","0,10867086204780207","0,10867086204780207"
150000,Volkswagen,Crafter,Diesel,Manual,Used,12990,"109,0",2012,"9,471935109664646",10,"8,83175335199304","0,6401817576716056","0,6401817576716056"
223000,Opel,Astra,Diesel,Manual,Used,4750,"131,0",2012,"8,465899897028686",10,"8,655535387569856","-0,18963549054116946","0,18963549054116946"
9500,Renault,Grand Scenic,Gasoline,Automatic,Demonstration,26380,"159,0",2020,"10,180361426271306",2,"10,158632188922125","0,021729237349180863","0,021729237349180863"
113000,Opel,Astra,Gasoline,Manual,Used,5999,"140,0",2011,"8,699348067653093",11,"8,867189792425378","-0,16784172477228587","0,16784172477228587"
52590,Volkswagen,Golf Sportsvan,Gasoline,Manual,Used,14350,"110,0",2017,"9,571505221187767",5,"9,473631173845735","0,09787404734203164","0,09787404734203164"
11506,Volkswagen,up!,Gasoline,Manual,Used,8495,"60,0",2017,"9,047233034106032",5,"9,05721476373248","-0,009981729626447944","0,009981729626447944"
182000,Ford,C-Max,Diesel,Manual,Used,5700,"116,0",2012,"8,648221453822641",10,"8,654586014672574","-0,0063645608499331985","0,0063645608499331985"
14000,Opel,Karl,Gasoline,Manual,Demonstration,12180,"73,0",2019,"9,407550541263888",3,"9,229641410364858","0,17790913089902993","0,17790913089902993"
95425,Renault,Grand Scenic,Diesel,Manual,Used,11890,"110,0",2017,"9,383452989684827",5,"9,243326849605788","0,14012614007903856","0,14012614007903856"
9730,Ford,Kuga,Diesel,Automatic,Used,27784,"150,0",2020,"10,23221559442391",2,"10,304582791129118","-0,07236719670520841","0,07236719670520841"
81000,Opel,Corsa,Gasoline,Manual,Used,5100,"87,0",2013,"8,536995818712418",9,"8,7579371743291","-0,2209413556166826","0,2209413556166826"
100000,Opel,Corsa,Gasoline,Manual,Used,5799,"101,0",2012,"8,66544076787644",10,"8,690971993073644","-0,025531225197203966","0,025531225197203966"
11395,Renault,Kangoo,Diesel,Manual,Used,17791,"116,0",2020,"9,786447990434775",2,"9,99262076251047","-0,2061727720756945","0,2061727720756945"
1490,Renault,Megane,Electric/Gasoline,,Demonstration,21980,"158,0",2020,"9,997888227957612",2,"10,203841748686196","-0,20595352072858475","0,20595352072858475"
33120,Skoda,Citigo,Gasoline,Manual,Used,8450,"75,0",2017,"9,041921720351219",5,"9,096481127831721","-0,05455940748050203","0,05455940748050203"
198750,Volkswagen,Tiguan,Diesel,Manual,Used,9860,"170,0",2011,"9,19624144759668",11,"9,027608300621154","0,16863314697552667","0,16863314697552667"
111335,Ford,B-Max,Gasoline,Manual,Used,5990,"101,0",2013,"8,697846691109495",9,"8,762792331313827","-0,06494564020433202","0,06494564020433202"
1000,Opel,Mokka,Gasoline,Automatic,Used,25350,"131,0",2021,"10,14053400901933",1,"10,133649767320973","0,0068842416983567745","0,0068842416983567745"
11111,Opel,Corsa,Gasoline,Manual,Used,12580,"75,0",2019,"9,439863530254431",3,"9,34154283459856","0,09832069565587176","0,09832069565587176"
12308,Ford,Focus,Gasoline,Manual,Used,18490,"125,0",2019,"9,82498532438117",3,"9,773223479649054","0,0517618447321162","0,0517618447321162"
15745,Ford,Focus,Gasoline,Manual,Used,15290,"125,0",2019,"9,634954298923107",3,"9,765667675950622","-0,13071337702751507","0,13071337702751507"
55000,Ford,Fiesta,Gasoline,Manual,Used,4870,"60,0",2011,"8,490849216076635",11,"8,625348675195895","-0,13449945911925987","0,13449945911925987"
35701,Volkswagen,up!,Gasoline,Manual,Used,7670,"60,0",2018,"8,945071894361302",4,"8,976608607358923","-0,03153671299762095","0,03153671299762095"
91803,Skoda,Rapid/Spaceback,Gasoline,Manual,Used,9490,"90,0",2016,"9,157993891603974",6,"9,008343445977923","0,149650445626051","0,149650445626051"
166500,Ford,Galaxy,Diesel,Manual,Used,12290,"163,0",2012,"9,416541202560081",10,"9,042294990506958","0,3742462120531229","0,3742462120531229"
6000,Renault,Clio,Gasoline,Manual,Demonstration,18190,"91,0",2021,"9,808627271512169",1,"9,775062250952567","0,03356502055960142","0,03356502055960142"
1000,Opel,Crossland X,Gasoline,Automatic,Used,26450,"131,0",2021,"10,183011437286446",1,"10,133649767320973","0,04936166996547264","0,04936166996547264"
146463,Opel,Insignia,Diesel,Manual,Used,12400,"136,0",2017,"9,425451751593128",5,"9,122632395614914","0,3028193559782135","0,3028193559782135"
24134,Volkswagen,up!,Gasoline,Manual,Used,13980,"90,0",2018,"9,5453830157878",4,"9,263260989164865","0,28212202662293606","0,28212202662293606"
126000,Opel,Astra,Diesel,Manual,Used,5485,"95,0",2013,"8,609772372709331",9,"8,743511932717041","-0,1337395600077098","0,1337395600077098"
12760,Renault,Twingo,Gasoline,Manual,Used,10990,"92,0",2020,"9,304741047397666",2,"9,403621992567324","-0,09888094516965751","0,09888094516965751"
6900,Volkswagen,T-Roc,Gasoline,Manual,Used,23990,"150,0",2020,"10,08539235583374",2,"10,129416095869384","-0,044023740035644465","0,044023740035644465"
99000,Ford,Ka/Ka+,Gasoline,Manual,Used,4999,"69,0",2013,"8,51699317141357",9,"8,667183111420396","-0,1501899400068254","0,1501899400068254"
68000,Volkswagen,Passat Variant,Diesel,Automatic,Used,24950,"239,0",2015,"10,124629101179664",7,"10,152104088041659","-0,027474986861994566","0,027474986861994566"
88500,Ford,EcoSport,Diesel,Manual,Used,9399,"95,0",2016,"9,148358579620302",6,"9,085765043028752","0,06259353659154954","0,06259353659154954"
230000,Skoda,Octavia,Diesel,Manual,Used,6700,"105,0",2014,"8,809862805379057",8,"8,827494818257751","-0,017632012878694425","0,017632012878694425"
37330,Opel,Corsa,Gasoline,Manual,Used,8970,"90,0",2016,"9,101640955052842",6,"9,166268967795816","-0,0646280127429737","0,0646280127429737"
92000,Skoda,Fabia,Gasoline,Manual,Used,5300,"86,0",2014,"8,575462099540212",8,"8,905261238992473","-0,3297991394522608","0,3297991394522608"
159900,Volkswagen,T5 Multivan,Diesel,Automatic,Used,19999,"179,0",2013,"9,903437551286085",9,"9,777616485081445","0,12582106620464018","0,12582106620464018"
150500,Ford,Mondeo,Gasoline,Manual,Used,6399,"120,0",2011,"8,76389700713946",11,"8,60395054856843","0,1599464585710315","0,1599464585710315"
40000,Volkswagen,Polo,Gasoline,Manual,Used,7350,"60,0",2013,"8,902455592206882",9,"8,718873844694613","0,1835817475122692","0,1835817475122692"
61300,Skoda,Fabia,Gasoline,Manual,Used,4900,"69,0",2011,"8,496990484098719",11,"8,626777510605722","-0,12978702650700313","0,12978702650700313"
95200,Ford,Kuga,Diesel,Automatic,Used,16490,"150,0",2015,"9,710509415553645",7,"9,63150134101115","0,07900807454249481","0,07900807454249481"
11400,Ford,Fiesta,Gasoline,Manual,Demonstration,12400,"86,0",2019,"9,425451751593128",3,"9,470373936793893","-0,04492218520076463","0,04492218520076463"
107295,Volkswagen,Passat Variant,Diesel,Automatic,Used,13590,"120,0",2016,"9,51708950714519",6,"9,362255240211454","0,1548342669337366","0,1548342669337366"
175500,Volkswagen,Passat Variant,Diesel,Automatic,Used,10400,"177,0",2013,"9,249561085129464",9,"9,36020820913101","-0,1106471240015452","0,1106471240015452"
109927,Ford,Fiesta,Gasoline,Manual,Used,5299,"82,0",2011,"8,575273402492762",11,"8,628873642708745","-0,05360024021598342","0,05360024021598342"
16022,Renault,Clio,Gasoline,Manual,Used,9990,"90,0",2019,"9,2093398716426",3,"9,38599834638068","-0,17665847473807972","0,17665847473807972"
99295,Volkswagen,Passat Variant,Diesel,Manual,Used,9999,"140,0",2012,"9,21024036697585",10,"9,274137630628166","-0,06389726365231674","0,06389726365231674"
52736,Volkswagen,Tiguan,Diesel,Automatic,Used,24425,"150,0",2017,"10,103362476910984",5,"10,012563025833298","0,09079945107768594","0,09079945107768594"
138000,Opel,Astra,Diesel,Manual,Used,4970,"110,0",2011,"8,511175119090675",11,"8,777233603638317","-0,26605848454764214","0,26605848454764214"
99780,Ford,C-Max,Gasoline,Manual,Used,8990,"105,0",2012,"9,103868127465667",10,"8,960387754736036","0,14348037272963055","0,14348037272963055"
175000,Opel,Astra,Diesel,Manual,Used,7900,"136,0",2017,"8,974618038455112",5,"9,057621623365183","-0,08300358491007032","0,08300358491007032"
321000,Volkswagen,T5 Transporter,Diesel,Manual,Used,9990,"140,0",2013,"9,2093398716426",9,"8,915844390308157","0,2934954813344426","0,2934954813344426"
12636,Ford,Focus,Gasoline,Manual,Used,19490,"125,0",2019,"9,877656792501606",3,"9,773223479649054","0,1044333128525512","0,1044333128525512"
2500,Volkswagen,Polo,Gasoline,Manual,Demonstration,18980,"80,0",2021,"9,85114107216392",1,"9,661644070668913","0,18949700149500615","0,18949700149500615"
42906,Renault,Captur,Gasoline,Automatic,Used,11775,"120,0",2014,"9,373733918884618",8,"9,310402432412342","0,0633314864722756","0,0633314864722756"
123000,Ford,Focus,Diesel,Automatic,Used,8990,"120,0",2015,"9,103868127465667",7,"9,21069883346026","-0,10683070599459299","0,10683070599459299"
1000,Renault,ZOE,Electric,Automatic,Demonstration,29490,"69,0",2020,"10,291806501809322",2,"9,851820691839167","0,439985809970155","0,439985809970155"
147000,Volkswagen,Passat Variant,Diesel,Manual,Used,10750,"140,0",2013,"9,28266103355581",9,"9,183815367614947","0,0988456659408623","0,0988456659408623"
41593,Renault,ZOE,Electric,Automatic,Used,6900,"58,0",2014,"8,83927669058535",8,"8,854382127693187","-0,015105437107836295","0,015105437107836295"
106666,Ford,Focus,Gasoline,Manual,Used,7600,"101,0",2014,"8,935903526274423",8,"8,84185382165558","0,09404970461884332","0,09404970461884332"
75240,Volkswagen,up!,Gasoline,Manual,Used,5399,"60,0",2014,"8,593969030218288",8,"8,694202193709526","-0,10023316349123768","0,10023316349123768"
53900,Opel,Corsa,Gasoline,Manual,Used,8900,"90,0",2015,"9,093806555720231",7,"9,053490787361106","0,040315768359125315","0,040315768359125315"
79500,Ford,Edge,Diesel,Automatic,Used,28740,"209,0",2017,"10,266045159633016",5,"10,106539478777133","0,15950568085588301","0,15950568085588301"
71993,Volkswagen,Polo,Gasoline,Manual,Used,7790,"60,0",2016,"8,960596138864794",6,"8,811637723211652","0,1489584156531425","0,1489584156531425"
27325,Volkswagen,Polo,Gasoline,Manual,Used,10490,"60,0",2017,"9,258177701390343",5,"9,017073379660529","0,24110432172981433","0,24110432172981433"
50000,Skoda,Karoq,Gasoline,Automatic,Used,22960,"150,0",2017,"10,041508850433503",5,"9,884612010939977","0,15689683949352684","0,15689683949352684"
10184,Opel,Karl,Gasoline,Manual,Used,9490,"73,0",2019,"9,157993891603974",3,"9,238843661861628","-0,08084977025765383","0,08084977025765383"
64915,Opel,Astra,Diesel,Manual,Used,10990,"110,0",2018,"9,304741047397666",4,"9,423083301669214","-0,11834225427154799","0,11834225427154799"
26847,Volkswagen,Golf,Gasoline,Manual,Used,17650,"110,0",2018,"9,778491062361443",4,"9,583168183879796","0,19532287848164742","0,19532287848164742"
77980,Ford,Focus,Diesel,Manual,Used,14470,"95,0",2019,"9,57983281962553",3,"9,365462249181492","0,2143705704440375","0,2143705704440375"
12564,Volkswagen,Golf,Gasoline,Automatic,Employee's car,26490,"150,0",2020,"10,184522582266116",2,"10,168211095501988","0,016311486764127636","0,016311486764127636"
331126,Ford,S-Max,Diesel,Automatic,Used,5400,"200,0",2011,"8,594154232552366",11,"8,657377016142236","-0,06322278358986999","0,06322278358986999"
53050,Opel,Mokka,Gasoline,Manual,Used,13480,"140,0",2015,"9,508962384466297",7,"9,373990306872859","0,13497207759343866","0,13497207759343866"
16150,Opel,Corsa,Gasoline,Automatic,Used,13290,"90,0",2019,"9,494767151707292",3,"9,524391274139838","-0,029624122432545974","0,029624122432545974"
10,Volkswagen,T-Cross,Gasoline,Manual,Pre-registered,19899,"110,0",2021,"9,898424758193666",1,"9,93966754135845","-0,04124278316478325","0,04124278316478325"
3100,Volkswagen,Polo,Gasoline,Automatic,Demonstration,24400,"116,0",2021,"10,102338411281293",1,"10,11636645053991","-0,014028039258617397","0,014028039258617397"
99300,Volkswagen,Arteon,Diesel,Automatic,Used,24276,"150,0",2017,"10,097243486955746",5,"9,783708287041515","0,31353519991423084","0,31353519991423084"
50,Renault,Clio,Gasoline,Manual,Demonstration,16290,"101,0",2021,"9,69830670159609",1,"9,752865671152403","-0,054558969556312675","0,054558969556312675"
34235,Ford,Fiesta,Gasoline,Manual,Used,9440,"71,0",2018,"9,152711259139547",4,"9,085873948104823","0,06683731103472468","0,06683731103472468"
36883,Ford,Fiesta,Diesel,Manual,Used,11490,"86,0",2019,"9,3492323708428",3,"9,414416919607733","-0,06518454876493252","0,06518454876493252"
8057,Volkswagen,T-Roc,Gasoline,Automatic,Used,28680,"150,0",2019,"10,263955294713556",3,"10,119264883575758","0,14469041113779824","0,14469041113779824"
130000,Renault,Kangoo,Diesel,Manual,Used,6490,"90,0",2014,"8,778017809698136",8,"8,833576019786433","-0,055558210088296534","0,055558210088296534"
85000,Skoda,Roomster,Gasoline,Manual,Used,6490,"105,0",2012,"8,778017809698136",10,"8,99029042526037","-0,21227261556223453","0,21227261556223453"
89000,Opel,Astra,Diesel,Automatic,Used,10950,"136,0",2016,"9,301094735244646",6,"9,39271776380586","-0,09162302856121407","0,09162302856121407"
53433,Volkswagen,Polo,Gasoline,Automatic,Used,10800,"90,0",2014,"9,287301413112312",8,"9,12128664508357","0,1660147680287416","0,1660147680287416"
2976,Ford,Focus,Gasoline,Manual,Used,14470,"101,0",2017,"9,57983281962553",5,"9,616799715747634","-0,03696689612210413","0,03696689612210413"
135000,Volkswagen,Touran,Diesel,Manual,Used,8370,"105,0",2013,"9,032409163483521",9,"8,981938344235255","0,05047081924826635","0,05047081924826635"
18250,Ford,EcoSport,Gasoline,Manual,Used,16990,"101,0",2020,"9,740380214665977",2,"9,602311433587074","0,1380687810789034","0,1380687810789034"
27400,Volkswagen,up!,Gasoline,Manual,Used,7790,"60,0",2018,"8,960596138864794",4,"9,033655312896112","-0,07305917403131801","0,07305917403131801"
139561,Renault,Megane,Diesel,Manual,Used,7490,"110,0",2016,"8,921324076511265",6,"9,031829992108603","-0,11050591559733824","0,11050591559733824"
50,Skoda,Kamiq,Gasoline,Automatic,Pre-registered,23675,"110,0",2021,"10,072174918054278",1,"10,063028345908133","0,009146572146145004","0,009146572146145004"
54500,Volkswagen,up!,CNG,Manual,Used,6500,"68,0",2013,"8,779557455883728",9,"8,701866893882967","0,07769056200076108","0,07769056200076108"
115000,Opel,Corsa,Diesel,Manual,Used,6990,"75,0",2017,"8,852235835227855",5,"8,936761091407343","-0,08452525617948758","0,08452525617948758"
19800,Renault,Kadjar,Gasoline,Automatic,Used,16890,"131,0",2018,"9,734477009801846",4,"9,81312382353676","-0,07864681373491322","0,07864681373491322"
17543,Opel,Grandland X,Gasoline,Manual,Used,18800,"131,0",2019,"9,84161214881804",3,"9,823080109323278","0,018532039494761676","0,018532039494761676"
133000,Volkswagen,Caddy,Diesel,Manual,Used,10980,"75,0",2016,"9,30383071506352",6,"8,811773190727038","0,49205752433648264","0,49205752433648264"
70319,Volkswagen,up!,Gasoline,Manual,Used,6330,"90,0",2016,"8,753055515138222",6,"9,059124697167308","-0,30606918202908595","0,30606918202908595"
98424,Volkswagen,Golf Sportsvan,Diesel,Automatic,Used,13890,"150,0",2014,"9,53892443574839",8,"9,539015158596671","-9,072284828093302e-05","9,072284828093302e-05"
189000,Ford,Mondeo,Diesel,Automatic,Used,8499,"163,0",2012,"9,047703788498627",10,"8,928527994796157","0,11917579370246933","0,11917579370246933"
13896,Volkswagen,T-Roc,Diesel,Automatic,Used,26440,"150,0",2019,"10,182633293965623",3,"10,253972337334547","-0,07133904336892449","0,07133904336892449"
50,Skoda,Kamiq,Gasoline,Manual,Pre-registered,19460,"110,0",2021,"9,876116355739995",1,"9,925356407023447","-0,049240051283451436","0,049240051283451436"
21000,Opel,Corsa,Gasoline,Manual,Used,11270,"90,0",2018,"9,329899607033822",4,"9,295148603690002","0,03475100334381942","0,03475100334381942"
80000,Volkswagen,Golf,Gasoline,Automatic,Used,12000,"105,0",2011,"9,392661928770137",11,"9,014163962221215","0,3784979665489221","0,3784979665489221"
50143,Skoda,Kodiaq,Gasoline,Automatic,Used,35824,"179,0",2018,"10,486373338838536",4,"10,152039753021198","0,33433358581733863","0,33433358581733863"
106373,Ford,C-Max,Diesel,Manual,Used,7850,"95,0",2012,"8,968268810776454",10,"8,76018361248534","0,20808519829111383","0,20808519829111383"
55980,Opel,Corsa,Gasoline,Manual,Used,8199,"90,0",2016,"9,011767474596178",6,"9,11142733735769","-0,09965986276151106","0,09965986276151106"
10,Volkswagen,Polo,Gasoline,Manual,Employee's car,17333,"95,0",2021,"9,76036747794131",1,"9,713888503814639","0,046478974126671346","0,046478974126671346"
14650,Skoda,Octavia,Gasoline,Manual,Used,21890,"150,0",2020,"9,993785190516908",2,"10,068923603418995","-0,07513841290208667","0,07513841290208667"
157000,Ford,Focus,Diesel,Automatic,Used,6500,"116,0",2012,"8,779557455883728",10,"8,729692857689441","0,04986459819428646","0,04986459819428646"
177000,Opel,Zafira Tourer,Diesel,Manual,Used,9600,"136,0",2015,"9,169518377455928",7,"8,995290599781447","0,1742277776744814","0,1742277776744814"
64100,Ford,B-Max,Gasoline,Manual,Used,11500,"125,0",2017,"9,350102314351341",5,"9,474544657978763","-0,12444234362742179","0,12444234362742179"
5,Ford,Fiesta,Gasoline,Manual,Pre-registered,15990,"101,0",2020,"9,679718805828",2,"9,67608611398306","0,0036326918449400836","0,0036326918449400836"
46000,Renault,Megane,Gasoline,Manual,Used,12980,"132,0",2016,"9,471164990258082",6,"9,432060240773716","0,03910474948436615","0,03910474948436615"
16818,Opel,Adam,Gasoline,Manual,Used,9590,"69,0",2018,"9,168476167877484",4,"9,148306833051587","0,020169334825897778","0,020169334825897778"
48700,Skoda,Citigo,Gasoline,Manual,Used,7430,"75,0",2014,"8,913281137711804",8,"8,794561775827475","0,11871936188432919","0,11871936188432919"
71879,Volkswagen,Polo,Gasoline,Manual,Used,5499,"60,0",2012,"8,612321536507814",10,"8,636238999814639","-0,02391746330682487","0,02391746330682487"
13040,Volkswagen,Tiguan,Gasoline,Automatic,Used,35990,"190,0",2020,"10,490996401073076",2,"10,391876896330816","0,09911950474226039","0,09911950474226039"
70700,Volkswagen,Golf Sportsvan,Gasoline,Manual,Used,10900,"110,0",2014,"9,296518068217235",8,"9,183683172407871","0,1128348958093639","0,1128348958093639"
77000,Opel,Mokka,Gasoline,Manual,Used,8950,"116,0",2013,"9,099408811268901",9,"8,942170988158097","0,1572378231108047","0,1572378231108047"
104901,Renault,Megane,Diesel,Manual,Used,9980,"110,0",2018,"9,20833836930551",4,"9,214281295470096","-0,0059429261645860265","0,0059429261645860265"
16849,Ford,Tourneo Connect,Diesel,Automatic,Used,24650,"120,0",2019,"10,112532179470836",3,"10,00862710199169","0,1039050774791459","0,1039050774791459"
75941,Volkswagen,Golf,Gasoline,Manual,Used,10490,"86,0",2015,"9,258177701390343",7,"9,125275728330362","0,13290197305998142","0,13290197305998142"
50,Opel,Combo,Gasoline,Manual,Pre-registered,19789,"110,0",2021,"9,892881506748903",1,"9,925356407023447","-0,03247490027454347","0,03247490027454347"
183000,Volkswagen,Passat Variant,Diesel,Automatic,Used,13600,"190,0",2015,"9,517825071724143",7,"9,48750610424725","0,030318967476892666","0,030318967476892666"
280000,Volkswagen,Golf,Diesel,Manual,Used,5470,"140,0",2011,"8,607033895416027",11,"8,857307021283242","-0,2502731258672153","0,2502731258672153"
122300,Volkswagen,Golf,Diesel,Manual,Used,12890,"170,0",2012,"9,464207095933233",10,"9,296369650097938","0,16783744583529447","0,16783744583529447"
14244,Volkswagen,up!,Gasoline,Manual,Used,10750,"60,0",2018,"9,28266103355581",4,"9,095283429761727","0,18737760379408286","0,18737760379408286"
10,Opel,Corsa,Gasoline,Manual,Pre-registered,11877,"75,0",2021,"9,38235903577424",1,"9,546698029367429","-0,16433899359318893","0,16433899359318893"
18920,Volkswagen,Sharan,Diesel,Automatic,Used,29740,"150,0",2020,"10,300248220014145",2,"10,238267873218023","0,06198034679612263","0,06198034679612263"
27688,Renault,Twingo,Gasoline,Manual,Used,7550,"69,0",2017,"8,92930284224307",5,"9,041975935110804","-0,11267309286773397","0,11267309286773397"
15988,Ford,Focus,Gasoline,Manual,Used,17450,"101,0",2020,"9,767094927630573",2,"9,627081102130461","0,14001382550011243","0,14001382550011243"
50410,Opel,Meriva,Gasoline,Manual,Used,9990,"140,0",2015,"9,2093398716426",7,"9,370679432473374","-0,16133956083077372","0,16133956083077372"
63550,Renault,Megane,Gasoline,Manual,Used,6990,"110,0",2015,"8,852235835227855",7,"9,25809376915274","-0,4058579339248851","0,4058579339248851"
20149,Volkswagen,Golf,Diesel,Manual,Used,19250,"150,0",2019,"9,86526633971593",3,"10,102210758564556","-0,23694441884862627","0,23694441884862627"
72777,Ford,Focus,Gasoline,Manual,Used,9640,"101,0",2017,"9,17367638760459",5,"9,192922031118782","-0,019245643514191002","0,019245643514191002"
12500,Opel,Vivaro,Diesel,Manual,Used,25750,"120,0",2020,"10,156189906091882",2,"10,006630795285469","0,14955911080641293","0,14955911080641293"
118579,Opel,Insignia,Diesel,Automatic,Used,9880,"194,0",2014,"9,198267790741914",8,"9,381684151064606","-0,18341636032269193","0,18341636032269193"
2000,Volkswagen,T-Roc,Gasoline,Automatic,Demonstration,41975,"150,0",2021,"10,644829481945742",1,"10,3750984984353","0,269730983510442","0,269730983510442"
60111,Volkswagen,Golf,Gasoline,Manual,Used,12780,"125,0",2015,"9,455636727931525",7,"9,343067328530209","0,11256939940131616","0,11256939940131616"
69990,Ford,Fiesta,Diesel,Manual,Used,7888,"95,0",2017,"8,973097896282471",5,"9,220060567459274","-0,24696267117680293","0,24696267117680293"
154850,Volkswagen,Tiguan,Diesel,Automatic,Used,18980,"150,0",2018,"9,85114107216392",4,"9,504046133297857","0,34709493886606246","0,34709493886606246"
4799,Volkswagen,Tiguan,Diesel,Automatic,Used,38850,"150,0",2019,"10,567463355795793",3,"10,301751588584212","0,26571176721158096","0,26571176721158096"
636,Opel,Grandland X,Gasoline,Automatic,Used,30900,"181,0",2019,"10,338511462885837",3,"10,301655980917827","0,036855481968009585","0,036855481968009585"
142125,Opel,Astra,Gasoline,Manual,Used,5990,"120,0",2012,"8,697846691109495",10,"8,680838989308791","0,01700770180070421","0,01700770180070421"
41766,Opel,Astra,Gasoline,Manual,Used,13940,"105,0",2018,"9,542517684314515",4,"9,458355488511883","0,08416219580263196","0,08416219580263196"
22000,Renault,Clio,Gasoline,Manual,Used,6900,"73,0",2016,"8,83927669058535",6,"9,035676950207","-0,1964002596216492","0,1964002596216492"
10,Volkswagen,Polo,Gasoline,Manual,Employee's car,17333,"95,0",2021,"9,76036747794131",1,"9,713888503814639","0,046478974126671346","0,046478974126671346"
43160,Skoda,Citigo,Gasoline,Manual,Used,6599,"75,0",2017,"8,794673401383422",5,"9,089061205512559","-0,294387804129137","0,294387804129137"
12,Opel,Karl,Gasoline,Manual,Pre-registered,11955,"73,0",2019,"9,388904879892426",3,"9,330214207037661","0,05869067285476426","0,05869067285476426"
125000,Skoda,Fabia,Diesel,Manual,Used,5700,"75,0",2014,"8,648221453822641",8,"8,712321087958387","-0,06409963413574538","0,06409963413574538"
18966,Renault,Twingo,Gasoline,Manual,Used,7280,"71,0",2015,"8,892886141190731",7,"8,869840392548772","0,023045748641958852","0,023045748641958852"
95280,Ford,Fiesta,Gasoline,Manual,Used,6700,"82,0",2012,"8,809862805379057",10,"8,66916934164317","0,14069346373588587","0,14069346373588587"
51190,Volkswagen,Polo,Gasoline,Manual,Used,6990,"60,0",2015,"8,852235835227855",7,"8,807407620919165","0,04482821430869066","0,04482821430869066"
31817,Volkswagen,Sharan,Gasoline,Automatic,Used,26489,"150,0",2019,"10,184484831459187",3,"10,055321126338068","0,12916370512111897","0,12916370512111897"
68700,Volkswagen,Golf Sportsvan,Diesel,Manual,Used,12500,"110,0",2015,"9,433483923290392",7,"9,298232276237052","0,13525164705334092","0,13525164705334092"
49987,Skoda,Octavia,Gasoline,Automatic,Used,18900,"150,0",2018,"9,846917201047734",4,"9,977964215112076","-0,13104701406434138","0,13104701406434138"
126111,Volkswagen,Golf,Diesel,Manual,Used,11680,"116,0",2018,"9,365633256382218",4,"9,345408406788856","0,020224849593361682","0,020224849593361682"
48200,Ford,Fiesta,Gasoline,Manual,Used,8450,"60,0",2017,"9,041921720351219",5,"8,940795998294345","0,10112572205687442","0,10112572205687442"
21965,Opel,Corsa,Gasoline,Manual,Used,9255,"69,0",2017,"9,132919225007598",5,"9,048310553297307","0,0846086717102903","0,0846086717102903"
35000,Opel,Corsa,Gasoline,Manual,Used,7300,"69,0",2017,"8,895629627136483",5,"9,000308653566472","-0,10467902642998972","0,10467902642998972"
8398,Volkswagen,Polo,Diesel,Manual,Used,16950,"95,0",2019,"9,738023112808596",3,"9,678256592167921","0,059766520640675225","0,059766520640675225"
123000,Renault,Laguna,Diesel,Manual,Used,5299,"110,0",2011,"8,575273402492762",11,"8,751556717708949","-0,17628331521618712","0,17628331521618712"
15334,Opel,Adam,Gasoline,Manual,Used,8390,"69,0",2015,"9,034795799461252",7,"8,923026893478376","0,11176890598287592","0,11176890598287592"
194000,Volkswagen,Passat Variant,Diesel,Manual,Used,6299,"105,0",2013,"8,74814616962193",9,"8,785547555866014","-0,03740138624408473","0,03740138624408473"
109850,Volkswagen,Golf,Diesel,Automatic,Used,10990,"150,0",2015,"9,304741047397666",7,"9,571713007452342","-0,2669719600546756","0,2669719600546756"
113090,Volkswagen,Polo,Gasoline,Manual,Used,6950,"86,0",2012,"8,846496938558838",10,"8,711915890226466","0,13458104833237172","0,13458104833237172"
101,Skoda,Kamiq,Gasoline,Manual,Used,17695,"95,0",2021,"9,781037392779563",1,"9,73442442279029","0,04661296998927256","0,04661296998927256"
12000,Opel,Combo,Gasoline,Manual,Used,10999,"95,0",2018,"9,305559638557117",4,"9,460950048454745","-0,15539040989762753","0,15539040989762753"
150000,Renault,Megane,Diesel,Manual,Used,5500,"110,0",2011,"8,612503371220562",11,"8,69519142791416","-0,08268805669359836","0,08268805669359836"
111300,Volkswagen,Golf,Gasoline,Manual,Used,12900,"150,0",2017,"9,464982590349763",5,"9,468429662321618","-0,0034470719718555642","0,0034470719718555642"
63112,Volkswagen,up!,Gasoline,Manual,Used,9725,"90,0",2017,"9,182455168486648",5,"9,161145096680693","0,021310071805954678","0,021310071805954678"
47592,Opel,Corsa,Gasoline,Manual,Used,8450,"101,0",2016,"9,041921720351219",6,"9,193768109898082","-0,15184638954686314","0,15184638954686314"
238000,Skoda,Superb,Diesel,Manual,Used,6300,"140,0",2014,"8,748304912379623",8,"9,094450530718067","-0,3461456183384435","0,3461456183384435"
50,Skoda,Octavia,Diesel,Automatic,Used,33900,"200,0",2021,"10,431170293368542",1,"10,557187955982064","-0,12601766261352232","0,12601766261352232"
68671,Volkswagen,Polo,Gasoline,Manual,Used,7890,"60,0",2016,"8,97335141383992",6,"8,816898466984322","0,15645294685559819","0,15645294685559819"
89800,Skoda,Octavia,Diesel,Automatic,Used,21790,"184,0",2018,"9,989206427938665",4,"10,058797059716746","-0,06959063177808034","0,06959063177808034"
58390,Renault,ZOE,Electric,Automatic,Used,6888,"92,0",2016,"8,837536046107568",6,"8,977617547255587","-0,14008150114801943","0,14008150114801943"
142000,Volkswagen,Golf,Gasoline,Manual,Used,5750,"105,0",2011,"8,656955133791396",11,"8,766479256739107","-0,10952412294771108","0,10952412294771108"
150000,Opel,Astra,Diesel,Manual,Used,6600,"110,0",2015,"8,794824928014517",7,"8,954651285725886","-0,15982635771136877","0,15982635771136877"
9805,Ford,Fiesta,Gasoline,Manual,Used,14140,"101,0",2019,"9,556762939450564",3,"9,572385690274366","-0,015622750823801823","0,015622750823801823"
5000,Skoda,Karoq,Diesel,Manual,Demonstration,19870,"116,0",2020,"9,896966335545862",2,"10,03259995830179","-0,13563362275592716","0,13563362275592716"
98700,Renault,Megane,Diesel,Manual,Used,10686,"110,0",2015,"9,276689752517717",7,"9,141566681962164","0,13512307055555262","0,13512307055555262"
65053,Opel,Insignia,Gasoline,Automatic,Used,18990,"325,0",2014,"9,85166780380633",8,"9,988917290003426","-0,13724948619709565","0,13724948619709565"
107000,Opel,Adam,Gasoline,Manual,Used,6900,"87,0",2014,"8,83927669058535",8,"8,754721677538228","0,08455501304712243","0,08455501304712243"
25190,Ford,Focus,Gasoline,Manual,Used,16380,"125,0",2019,"9,70381635740706",3,"9,721101165259515","-0,01728480785245523","0,01728480785245523"
20000,Ford,Fiesta,Gasoline,Manual,Used,13190,"101,0",2019,"9,48721424571136",3,"9,490769817516904","-0,003555571805543778","0,003555571805543778"
20,Skoda,Fabia,Gasoline,Manual,Pre-registered,15250,"95,0",2021,"9,632334782035558",1,"9,717721023967137","-0,08538624193157851","0,08538624193157851"
76150,Skoda,Octavia,Gasoline,Manual,Used,13751,"150,0",2015,"9,528866827722945",7,"9,466051992195368","0,06281483552757727","0,06281483552757727"
191746,Ford,S-Max,Diesel,Automatic,Used,7390,"140,0",2014,"8,907883013942248",8,"9,149299375988708","-0,24141636204645955","0,24141636204645955"
222295,Ford,Focus,Diesel,Manual,Used,5750,"140,0",2012,"8,656955133791396",10,"8,951955258572749","-0,2950001247813532","0,2950001247813532"
127398,Ford,Kuga,Diesel,Automatic,Used,12990,"179,0",2015,"9,471935109664646",7,"9,655210515065164","-0,18327540540051857","0,18327540540051857"
145864,Opel,Astra,Diesel,Manual,Used,6500,"165,0",2011,"8,779557455883728",11,"8,923865445708236","-0,1443079898245081","0,1443079898245081"
66500,Skoda,Citigo,Gasoline,Automatic,Used,6600,"60,0",2014,"8,794824928014517",8,"8,911697467374289","-0,11687253935977182","0,11687253935977182"
211000,Volkswagen,Passat Variant,Diesel,Automatic,Used,9999,"150,0",2017,"9,21024036697585",5,"9,277158648540102","-0,06691828156425217","0,06691828156425217"
182000,Ford,Focus,Diesel,Manual,Used,5150,"105,0",2014,"8,546751993657782",8,"8,889629106946611","-0,34287711328882864","0,34287711328882864"
50,Volkswagen,T-Roc,Gasoline,Automatic,Used,26855,"150,0",2021,"10,19820730233956",1,"10,28141471518612","-0,0832074128465603","0,0832074128465603"
15383,Skoda,Karoq,Diesel,Manual,Used,21980,"116,0",2019,"9,997888227957612",3,"9,895383888937104","0,10250433902050737","0,10250433902050737"
96899,Volkswagen,Polo,Diesel,Manual,Used,7890,"75,0",2016,"8,97335141383992",6,"8,965630550796947","0,007720863042973036","0,007720863042973036"
8500,Volkswagen,Caddy,Diesel,Automatic,Demonstration,38970,"122,0",2021,"10,570547398332755",1,"10,472546490295745","0,09800090803700989","0,09800090803700989"
31742,Opel,Corsa,Gasoline,Manual,Used,9750,"101,0",2016,"9,185022563991893",6,"9,228330950641865","-0,043308386649972164","0,043308386649972164"
56061,Ford,Ka/Ka+,Gasoline,Manual,Used,5398,"69,0",2015,"8,59378379357795",7,"8,832100026335846","-0,23831623275789582","0,23831623275789582"
25219,Skoda,Citigo,Gasoline,Manual,Used,8350,"60,0",2018,"9,030016817844901",4,"9,020188337984484","0,009828479860416905","0,009828479860416905"
87337,Volkswagen,New Beetle,Gasoline,Manual,Used,21450,"105,0",2018,"9,973479924356162",4,"9,461804710619687","0,511675213736476","0,511675213736476"
8800,Renault,Kadjar,Gasoline,Manual,Demonstration,21781,"140,0",2019,"9,988793309115229",3,"9,841309553189113","0,14748375592611573","0,14748375592611573"
125,Volkswagen,Tiguan,Diesel,Automatic,Employee's car,37980,"150,0",2021,"10,544814984366276",1,"10,454102364182011","0,09071262018426474","0,09071262018426474"
110000,Ford,C-Max,Gasoline,Manual,Used,9900,"150,0",2014,"9,20029003612268",8,"9,271826374181089","-0,07153633805840798","0,07153633805840798"
29460,Volkswagen,up!,Gasoline,Manual,Used,7490,"60,0",2015,"8,921324076511265",7,"8,86715468141241","0,05416939509885488","0,05416939509885488"
45650,Volkswagen,Polo,Gasoline,Manual,Used,9550,"75,0",2017,"9,164296433474776",5,"9,098592709656335","0,0657037238184408","0,0657037238184408"
10000,Volkswagen,Golf Sportsvan,Diesel,Automatic,Used,30397,"150,0",2020,"10,322099198314179",2,"10,295559909972715","0,02653928834146413","0,02653928834146413"
89000,Opel,Corsa,Gasoline,Manual,Used,6870,"87,0",2014,"8,834919385216395",8,"8,80406666006669","0,03085272514970505","0,03085272514970505"
51700,Opel,Corsa,Gasoline,Manual,Used,7470,"69,0",2016,"8,918650278126863",6,"8,903812227686462","0,014838050440401318","0,014838050440401318"
50447,Ford,Focus,Gasoline,Manual,Used,10950,"101,0",2016,"9,301094735244646",6,"9,19365368458424","0,1074410506604071","0,1074410506604071"
94000,Opel,Corsa,Gasoline,Manual,Used,4800,"87,0",2011,"8,476371196895983",11,"8,589686590525455","-0,11331539362947218","0,11331539362947218"
20,Renault,Kangoo,Gasoline,Automatic,Used,15070,"114,0",2019,"9,620461291620542",3,"9,776347621939346","-0,15588633031880406","0,15588633031880406"
12255,Volkswagen,T6 Caravelle,Diesel,Automatic,Used,37900,"150,0",2020,"10,542706391070517",2,"10,277269904398922","0,2654364866715948","0,2654364866715948"
86000,Ford,Fiesta,Gasoline,Manual,Used,5390,"60,0",2011,"8,592300663903043",11,"8,623071098934115","-0,030770435031072907","0,030770435031072907"
17349,Opel,Grandland X,Diesel,Manual,Used,22450,"131,0",2019,"10,0190458931704",3,"10,006402059866602","0,012643833303798147","0,012643833303798147"
129378,Opel,Zafira,Gasoline,Manual,Used,7799,"140,0",2012,"8,961750799330497",10,"8,873771474260451","0,08797932507004624","0,08797932507004624"
85000,Volkswagen,up!,Gasoline,Manual,Used,5950,"60,0",2018,"8,691146498539675",4,"8,857027656142995","-0,16588115760331945","0,16588115760331945"
84910,Renault,Espace,Diesel,Automatic,Used,23890,"160,0",2017,"10,081215240319855",5,"9,767077934484911","0,3141373058349437","0,3141373058349437"
15940,Ford,Ranger,Diesel,Automatic,Used,36500,"200,0",2017,"10,505067539570582",5,"10,313165555961724","0,19190198360885802","0,19190198360885802"
110000,Ford,Fiesta,Gasoline,Manual,Used,5350,"60,0",2014,"8,584851839890053",8,"8,62803112482349","-0,043179284933437145","0,043179284933437145"
122700,Opel,Adam,Gasoline,Manual,Used,7880,"116,0",2015,"8,972083182851925",7,"8,921075310361221","0,05100787249070393","0,05100787249070393"
127500,Skoda,Superb,Gasoline,Manual,Used,9690,"125,0",2013,"9,178849704884811",9,"8,878800692218366","0,30004901266644524","0,30004901266644524"
7971,Volkswagen,Golf Variant,Gasoline,Automatic,Employee's car,28333,"150,0",2020,"10,251782482029256",2,"10,201854850853435","0,04992763117582122","0,04992763117582122"
32363,Volkswagen,Polo,Gasoline,Manual,Used,10930,"75,0",2017,"9,299266581170585",5,"9,099727796765412","0,19953878440517236","0,19953878440517236"
70000,Skoda,Citigo,Gasoline,Manual,Used,6680,"60,0",2018,"8,806873266530692",4,"8,91314006906753","-0,10626680253683851","0,10626680253683851"
68243,Opel,Corsa,Gasoline,Manual,Used,6890,"87,0",2013,"8,837826364007704",9,"8,785884591690053","0,05194177231765096","0,05194177231765096"
199999,Opel,Insignia,Diesel,Manual,Used,7700,"136,0",2017,"8,948975607841776",5,"8,99453454401929","-0,04555893617751394","0,04555893617751394"
87577,Opel,Antara,Diesel,Automatic,Used,12500,"184,0",2014,"9,433483923290392",8,"9,768653991165122","-0,3351700678747296","0,3351700678747296"
19725,Volkswagen,up!,Gasoline,Automatic,Used,12999,"75,0",2017,"9,47262771040802",5,"9,3299609674123","0,14266674299572024","0,14266674299572024"
8950,Opel,Corsa,Gasoline,Manual,Used,9499,"69,0",2018,"9,158941808890182",4,"9,182297234870761","-0,02335542598057927","0,02335542598057927"
79800,Skoda,Octavia,Diesel,Automatic,Used,19980,"150,0",2018,"9,902487052202545",4,"9,969991209266855","-0,06750415706430957","0,06750415706430957"
1000,Opel,Mokka,Electric,Automatic,Demonstration,31980,"136,0",2021,"10,372865986387945",1,"10,27921817423827","0,09364781214967444","0,09364781214967444"
10780,Opel,Corsa,Gasoline,Manual,Used,7950,"69,0",2017,"8,980927207648378",5,"9,085199006299497","-0,10427179865111924","0,10427179865111924"
48757,Volkswagen,up!,Gasoline,Manual,Used,7595,"60,0",2016,"8,935245415029874",6,"8,876171265305569","0,0590741497243048","0,0590741497243048"
135000,Skoda,Fabia,Gasoline,Manual,Used,5650,"86,0",2014,"8,639410824140487",8,"8,780410847624434","-0,14100002348394725","0,14100002348394725"
14920,Volkswagen,T-Roc,Gasoline,Automatic,Used,23440,"150,0",2019,"10,06219924369095",3,"10,099347978485673","-0,037148734794723026","0,037148734794723026"
56000,Volkswagen,up!,Gasoline,Manual,Used,9490,"75,0",2018,"9,157993891603974",4,"9,134373681428409","0,02362021017556515","0,02362021017556515"
58350,Renault,Clio,Gasoline,Manual,Used,7799,"73,0",2016,"8,961750799330497",6,"8,941020103299927","0,020730696030570428","0,020730696030570428"
22800,Skoda,Citigo,Gasoline,Manual,Used,7480,"60,0",2016,"8,919988070968524",6,"8,942731009625943","-0,022742938657419387","0,022742938657419387"
19800,Volkswagen,T-Roc,Gasoline,Automatic,Used,27950,"150,0",2019,"10,238172478583245",3,"10,075576322663856","0,16259615591938825","0,16259615591938825"
60834,Volkswagen,Tiguan,Gasoline,Manual,Used,19430,"125,0",2018,"9,874573542371486",4,"9,614746446533488","0,25982709583799846","0,25982709583799846"
107964,Volkswagen,Passat Variant,Diesel,Manual,Used,16490,"190,0",2017,"9,710509415553645",5,"9,856144636233527","-0,14563522067988188","0,14563522067988188"
94500,Volkswagen,Golf,Diesel,Manual,Used,13900,"116,0",2018,"9,539644119118783",4,"9,45353842602864","0,08610569309014338","0,08610569309014338"
112900,Volkswagen,Polo,Gasoline,Manual,Used,7000,"90,0",2013,"8,85366542803745",9,"8,77312679206899","0,08053863596846078","0,08053863596846078"
106642,Opel,Adam,Gasoline,Manual,Used,6890,"87,0",2013,"8,837826364007704",9,"8,666573252493345","0,17125311151435874","0,17125311151435874"
12,Opel,Astra,Gasoline,Manual,Pre-registered,21680,"145,0",2020,"9,984145455553582",2,"10,027009815031487","-0,04286435947790501","0,04286435947790501"
74899,Volkswagen,Golf Variant,Diesel,Manual,Used,11960,"116,0",2017,"9,389323027504624",5,"9,447589409876768","-0,05826638237214432","0,05826638237214432"
114200,Ford,Focus,Diesel,Manual,Used,10900,"150,0",2016,"9,296518068217235",6,"9,548252470025071","-0,2517344018078358","0,2517344018078358"
12565,Ford,Kuga,Gasoline,Automatic,Used,24590,"175,0",2020,"10,110095135210239",2,"10,250582912706852","-0,14048777749661312","0,14048777749661312"
75185,Skoda,Roomster,Gasoline,Manual,Used,8490,"69,0",2014,"9,046644279305394",8,"8,718333292173947","0,3283109871314469","0,3283109871314469"
8600,Ford,Fiesta,Gasoline,Automatic,Used,16500,"101,0",2019,"9,711115659888671",3,"9,707675055124716","0,0034406047639556903","0,0034406047639556903"
20085,Volkswagen,Tiguan,Gasoline,Manual,Used,24450,"131,0",2020,"10,104385494903019",2,"9,878796536919605","0,2255889579834136","0,2255889579834136"
17831,Ford,Kuga,Gasoline,Manual,Demonstration,18880,"150,0",2019,"9,84585843969949",3,"9,983462961174073","-0,13760452147458224","0,13760452147458224"
49596,Volkswagen,up!,Gasoline,Manual,Used,7195,"60,0",2018,"8,881141619321468",4,"8,972683905716847","-0,09154228639537898","0,09154228639537898"
102000,Opel,Astra,Gasoline,Manual,Used,7990,"179,0",2012,"8,98594603876032",10,"9,093447224385383","-0,10750118562506294","0,10750118562506294"
1950,Renault,Talisman,Diesel,Automatic,Demonstration,40580,"189,0",2021,"10,611030613379805",1,"10,577939009449507","0,03309160393029842","0,03309160393029842"
1250,Volkswagen,Tiguan,Gasoline,Automatic,Employee's car,32989,"150,0",2021,"10,403929451547379",1,"10,360213573898916","0,043715877648462964","0,043715877648462964"
59446,Volkswagen,Golf Sportsvan,Diesel,Manual,Used,12449,"110,0",2014,"9,429395577381786",8,"9,270956061238607","0,1584395161431793","0,1584395161431793"
50000,Skoda,Fabia,Gasoline,Automatic,Used,9800,"105,0",2013,"9,190137664658664",9,"9,247093418847411","-0,05695575418874732","0,05695575418874732"
98000,Opel,Meriva,Gasoline,Manual,Used,7800,"120,0",2013,"8,961879012677683",9,"8,951226558448457","0,010652454229225228","0,010652454229225228"
103581,Volkswagen,up!,Gasoline,Manual,Used,6690,"75,0",2016,"8,808369153122275",6,"8,79846687958532","0,009902273536955164","0,009902273536955164"
109251,Volkswagen,Passat Variant,Diesel,Automatic,Used,10940,"140,0",2014,"9,300181075975972",8,"9,403132153055223","-0,10295107707925055","0,10295107707925055"
124056,Ford,Transit,Diesel,Manual,Used,9990,"125,0",2014,"9,2093398716426",8,"9,19196179675908","0,01737807488352061","0,01737807488352061"
8954,Renault,ZOE,Electric,Automatic,Used,12775,"92,0",2020,"9,455245415071905",2,"9,562793873637702","-0,10754845856579642","0,10754845856579642"
59148,Skoda,Octavia,Diesel,Automatic,Used,19900,"150,0",2019,"9,898475010712584",3,"10,053572429541248","-0,1550974188286638","0,1550974188286638"
58976,Ford,Fiesta,Gasoline,Manual,Used,7980,"80,0",2015,"8,984693690443855",7,"8,984068480044305","0,0006252103995496583","0,0006252103995496583"
59660,Renault,Clio,Diesel,Manual,Used,10790,"90,0",2018,"9,28637505825218",4,"9,28335785864262","0,0030171996095589293","0,0030171996095589293"
9900,Opel,Astra,Gasoline,Manual,Used,12990,"105,0",2019,"9,471935109664646",3,"9,60595776320393","-0,13402265353928478","0,13402265353928478"
55000,Opel,Corsa,Gasoline,Manual,Used,6400,"69,0",2016,"8,764053269347762",6,"8,890529885026702","-0,1264766156789392","0,1264766156789392"
55300,Ford,Fiesta,Gasoline,Manual,Used,7950,"71,0",2017,"8,980927207648378",5,"9,015360749790101","-0,03443354214172345","0,03443354214172345"
2000,Opel,Mokka,Electric,Automatic,Used,32790,"136,0",2021,"10,397878869838694",1,"10,281258243004489","0,11662062683420515","0,11662062683420515"
4990,Volkswagen,Caddy,Gasoline,Manual,Used,25995,"114,0",2021,"10,165659490817816",1,"10,104181797271563","0,06147769354625332","0,06147769354625332"
30133,Ford,Fiesta,Diesel,Manual,Used,12770,"86,0",2019,"9,454853949026585",3,"9,426225987064937","0,028627961961648296","0,028627961961648296"
15963,Renault,Kadjar,Gasoline,Automatic,Used,23491,"160,0",2020,"10,064372648053766",2,"10,135060201293463","-0,07068755323969711","0,07068755323969711"
265570,Volkswagen,Golf,Diesel,Manual,Used,7490,"110,0",2015,"8,921324076511265",7,"8,805785716400067","0,11553836011119856","0,11553836011119856"
70000,Volkswagen,Polo,Gasoline,Manual,Used,5990,"60,0",2012,"8,697846691109495",10,"8,634538263395703","0,06330842771379253","0,06330842771379253"
96439,Opel,Zafira,Diesel,Automatic,Used,8599,"165,0",2012,"9,059401196410896",10,"9,179545947822104","-0,12014475141120862","0,12014475141120862"
163444,Skoda,Octavia,Diesel,Manual,Used,6700,"105,0",2012,"8,809862805379057",10,"8,832597050419386","-0,02273424504032917","0,02273424504032917"
225000,Ford,Mondeo,Diesel,Manual,Used,4650,"116,0",2011,"8,444622498581403",11,"8,562675195223468","-0,11805269664206541","0,11805269664206541"
15200,Volkswagen,up!,CNG,Manual,Used,8400,"68,0",2017,"9,035986984831405",5,"9,101806403477635","-0,06581941864622998","0,06581941864622998"
114044,Volkswagen,Tiguan,Diesel,Automatic,Used,14440,"140,0",2014,"9,577757412446818",8,"9,437857328311908","0,13990008413490962","0,13990008413490962"
86000,Volkswagen,up!,Gasoline,Manual,Used,5700,"60,0",2016,"8,648221453822641",6,"8,754265576715357","-0,10604412289271536","0,10604412289271536"
98850,Opel,Insignia,Diesel,Automatic,Used,14880,"170,0",2015,"9,607773308387083",7,"9,471584233747432","0,1361890746396508","0,1361890746396508"
93000,Opel,Corsa,Gasoline,Manual,Used,5450,"101,0",2012,"8,60337088765729",10,"8,737307171872557","-0,1339362842152667","0,1339362842152667"
100000,Renault,Megane,Diesel,Manual,Used,7850,"110,0",2016,"8,968268810776454",6,"9,178995086231572","-0,21072627545511757","0,21072627545511757"
10,Ford,Fiesta,Gasoline,Manual,Pre-registered,17690,"125,0",2021,"9,780754787153832",1,"9,984552876152263","-0,20379808899843077","0,20379808899843077"
16516,Opel,Corsa,Gasoline,Manual,Used,8900,"90,0",2017,"9,093806555720231",5,"9,277039818674954","-0,18323326295472242","0,18323326295472242"
46700,Skoda,Yeti,Gasoline,Automatic,Used,15490,"122,0",2015,"9,647949933410914",7,"9,556696760273022","0,09125317313789161","0,09125317313789161"
195000,Volkswagen,Passat Variant,Diesel,Manual,Used,8450,"177,0",2013,"9,041921720351219",9,"9,229820369932655","-0,18789864958143632","0,18789864958143632"
98184,Opel,Insignia,Gasoline,Manual,Used,15450,"140,0",2018,"9,645364282325891",4,"9,525295748537907","0,12006853378798432","0,12006853378798432"
94872,Skoda,Octavia,Gasoline,Manual,Used,12900,"140,0",2013,"9,464982590349763",9,"9,117657820048228","0,34732477030153497","0,34732477030153497"
28713,Opel,Astra,Gasoline,Manual,Used,13590,"105,0",2019,"9,51708950714519",3,"9,539183396559057","-0,02209388941386692","0,02209388941386692"
41400,Renault,Kadjar,Gasoline,Automatic,Used,17999,"131,0",2017,"9,798071479779479",5,"9,683902819051612","0,11416866072786647","0,11416866072786647"
56617,Volkswagen,up!,Gasoline,Manual,Used,9440,"90,0",2016,"9,152711259139547",6,"9,106910827494346","0,0458004316452012","0,0458004316452012"
297490,Volkswagen,Touran,Diesel,Manual,Used,4950,"105,0",2011,"8,507142855562735",11,"8,646823029462373","-0,13968017389963805","0,13968017389963805"
124000,Ford,Kuga,Diesel,Automatic,Used,8999,"140,0",2011,"9,104868739033948",11,"9,171852746817548","-0,06698400778359925","0,06698400778359925"
254000,Volkswagen,Passat Variant,Diesel,Manual,Used,6450,"140,0",2011,"8,771835409789817",11,"8,990353503105592","-0,2185180933157742","0,2185180933157742"
100,Skoda,Fabia,Gasoline,Manual,Pre-registered,12890,"60,0",2021,"9,464207095933233",1,"9,532040413074462","-0,06783331714122909","0,06783331714122909"
188590,Volkswagen,T6 Multivan,Diesel,Manual,Used,23900,"150,0",2015,"10,081633737919603",7,"9,170382439169801","0,9112512987498018","0,9112512987498018"
117350,Volkswagen,Passat Variant,Diesel,Manual,Used,16480,"150,0",2018,"9,709902803463462",4,"9,721883554109322","-0,011980750645859573","0,011980750645859573"
55000,Volkswagen,up!,Gasoline,Manual,Used,7990,"60,0",2017,"8,98594603876032",5,"8,919480028934368","0,06646600982595174","0,06646600982595174"
89675,Ford,Fiesta,Gasoline,Manual,Used,4990,"60,0",2012,"8,515191188745565",10,"8,613085773007237","-0,09789458426167208","0,09789458426167208"
75091,Volkswagen,Polo,Gasoline,Manual,Used,6950,"69,0",2013,"8,846496938558838",9,"8,712187976655393","0,13430896190344477","0,13430896190344477"
19038,Volkswagen,Golf,Gasoline,Manual,Used,17250,"116,0",2018,"9,755567422459507",4,"9,646606273759872","0,10896114869963469","0,10896114869963469"
81927,Renault,Megane,Gasoline,Manual,Used,6480,"101,0",2012,"8,776475789346321",10,"8,765320951820325","0,011154837525996442","0,011154837525996442"
82220,Volkswagen,Golf Variant,Gasoline,Automatic,Used,8900,"122,0",2012,"9,093806555720231",10,"9,23213721246195","-0,13833065674171863","0,13833065674171863"
148107,Ford,Focus,Gasoline,Manual,Used,6990,"105,0",2012,"8,852235835227855",10,"8,801519062234348","0,050716772993506964","0,050716772993506964"
85000,Opel,Astra,Diesel,Manual,Used,10400,"110,0",2016,"9,249561085129464",6,"9,268417930260986","-0,018856845131521638","0,018856845131521638"
80437,Skoda,Octavia,Diesel,Automatic,Used,19900,"184,0",2016,"9,898475010712584",6,"9,946753615282518","-0,04827860456993349","0,04827860456993349"
106000,Volkswagen,up!,Gasoline,Manual,Used,5500,"75,0",2012,"8,612503371220562",10,"8,589173507571706","0,02332986364885592","0,02332986364885592"
207000,Volkswagen,Golf Variant,Diesel,Manual,Used,5900,"105,0",2012,"8,68270762989381",10,"8,69600008665048","-0,01329245675666968","0,01329245675666968"
169990,Opel,Astra,Diesel,Manual,Used,7990,"165,0",2014,"8,98594603876032",8,"8,965994476848499","0,019951561911820903","0,019951561911820903"
120000,Opel,Adam,Gasoline,Manual,Used,6799,"69,0",2014,"8,82453082152646",8,"8,64908693152653","0,1754438899999311","0,1754438899999311"
2511,Opel,Corsa,Gasoline,Manual,Used,14250,"101,0",2020,"9,564512185696797",2,"9,680880462752011","-0,11636827705521391","0,11636827705521391"
54000,Ford,Focus,Diesel,Manual,Used,11990,"120,0",2015,"9,39182824802156",7,"9,389094940824553","0,002733307197006596","0,002733307197006596"
98117,Volkswagen,CC,Gasoline,Automatic,Used,13990,"211,0",2012,"9,546098067659527",10,"9,499263067284843","0,04683500037468313","0,04683500037468313"
16196,Renault,Clio,Gasoline,Manual,Used,14200,"101,0",2020,"9,560997243589352",2,"9,626887070860848","-0,06588982727149606","0,06588982727149606"
17061,Ford,Focus,Gasoline,Automatic,Used,23990,"182,0",2020,"10,08539235583374",2,"10,141961407210864","-0,056569051377124424","0,056569051377124424"
148000,Opel,Astra,Diesel,Manual,Used,6890,"125,0",2012,"8,837826364007704",10,"8,834966693290891","0,002859670716812701","0,002859670716812701"
103048,Renault,Megane,Diesel,Manual,Used,9980,"110,0",2018,"9,20833836930551",4,"9,213557475987523","-0,005219106682012864","0,005219106682012864"
5300,Opel,Corsa,Gasoline,Manual,Used,13250,"101,0",2020,"9,491752831414368",2,"9,6771899862673","-0,18543715485293077","0,18543715485293077"
10613,Volkswagen,Polo,Gasoline,Automatic,Used,16440,"95,0",2018,"9,70747266861017",4,"9,608899867122021","0,09857280148814951","0,09857280148814951"
278,Renault,Arkana,Gasoline,Automatic,Demonstration,26980,"140,0",2021,"10,202851129761747",1,"10,175324538163515","0,027526591598231676","0,027526591598231676"
97000,Volkswagen,Golf Cabriolet,Gasoline,Automatic,Used,14200,"211,0",2012,"9,560997243589352",10,"9,493521690501789","0,06747555308756326","0,06747555308756326"
67000,Skoda,Rapid/Spaceback,Gasoline,Manual,Used,7750,"105,0",2013,"8,955448122347393",9,"9,146820732767736","-0,19137261042034304","0,19137261042034304"
76730,Opel,Astra,Diesel,Manual,Used,10490,"110,0",2018,"9,258177701390343",4,"9,3848180157812","-0,12664031439085655","0,12664031439085655"
177474,Opel,Insignia,Diesel,Automatic,Used,9880,"163,0",2015,"9,198267790741914",7,"9,111771722009497","0,08649606873241744","0,08649606873241744"
40000,Volkswagen,up!,Gasoline,Manual,Used,10985,"90,0",2017,"9,30428598481871",5,"9,184503883410292","0,11978210140841838","0,11978210140841838"
149433,Opel,Insignia,Diesel,Manual,Used,9680,"140,0",2015,"9,177817180270623",7,"9,282110325155513","-0,10429314488489005","0,10429314488489005"
136144,Volkswagen,Golf,Diesel,Manual,Used,10980,"110,0",2015,"9,30383071506352",7,"9,000518253183833","0,3033124618796883","0,3033124618796883"
45000,Volkswagen,Touran,Gasoline,Manual,Used,9900,"105,0",2011,"9,20029003612268",11,"9,075394103257693","0,12489593286498746","0,12489593286498746"
10,Ford,EcoSport,Gasoline,Manual,Pre-registered,17650,"101,0",2021,"9,778491062361443",1,"9,747550717051865","0,030940345309577566","0,030940345309577566"
122000,Opel,Astra,Gasoline,Manual,Used,4990,"87,0",2012,"8,515191188745565",10,"8,577173378554424","-0,061982189808858834","0,061982189808858834"
38500,Renault,Twingo,Gasoline,Manual,Used,7399,"71,0",2016,"8,90910013492555",6,"8,858468688828577","0,050631446096973676","0,050631446096973676"
25500,Volkswagen,Polo,Gasoline,Manual,Used,11999,"90,0",2017,"9,392578591964389",5,"9,253169990459314","0,13940860150507461","0,13940860150507461"
71500,Skoda,Rapid/Spaceback,Gasoline,Manual,Used,8990,"90,0",2017,"9,103868127465667",5,"9,12935862525167","-0,025490497786003985","0,025490497786003985"
46540,Ford,Transit,Diesel,Automatic,Used,16990,"101,0",2019,"9,740380214665977",3,"9,71883197299146","0,021548241674517854","0,021548241674517854"
12786,Renault,Duster,Gasoline,Manual,Used,11890,"114,0",2018,"9,383452989684827",4,"9,670044899658832","-0,2865919099740051","0,2865919099740051"
180000,Volkswagen,Passat Variant,Diesel,Manual,Used,6490,"105,0",2012,"8,778017809698136",10,"8,756199575080949","0,02181823461718757","0,02181823461718757"
66033,Renault,Clio,Gasoline,Automatic,Used,8499,"120,0",2015,"9,047703788498627",7,"9,328797350314945","-0,28109356181631817","0,28109356181631817"
10,Renault,Clio,Gasoline,Automatic,Used,19990,"131,0",2021,"9,902987427494446",1,"10,072729591623522","-0,16974216412907595","0,16974216412907595"
25250,Volkswagen,Passat,Gasoline,Manual,Used,22480,"150,0",2020,"10,020381304007627",2,"10,029296260991352","-0,00891495698372502","0,00891495698372502"
80200,Volkswagen,Polo,Gasoline,Manual,Used,5999,"86,0",2011,"8,699348067653093",11,"8,783081688645161","-0,08373362099206894","0,08373362099206894"
64335,Volkswagen,Golf Sportsvan,Gasoline,Manual,Used,15930,"125,0",2017,"9,675959402904095",5,"9,474544657978763","0,20141474492533185","0,20141474492533185"
222900,Volkswagen,Tiguan,Diesel,Automatic,Used,18879,"150,0",2017,"9,845805472195043",5,"9,364788200243442","0,4810172719516004","0,4810172719516004"
84445,Skoda,Octavia,Gasoline,Manual,Used,13490,"200,0",2012,"9,509703949201802",10,"9,412341900103572","0,09736204909822987","0,09736204909822987"
60000,Renault,Clio,Gasoline,Manual,Used,4700,"75,0",2012,"8,45531778769815",10,"8,642041431895109","-0,18672364419695953","0,18672364419695953"
22170,Ford,Fiesta,Gasoline,Manual,Used,11950,"86,0",2019,"9,388486557359657",3,"9,429344967594005","-0,040858410234347886","0,040858410234347886"
33058,Volkswagen,T6 Caravelle,Diesel,Automatic,Used,33550,"150,0",2019,"10,420792142399828",3,"10,176649473277683","0,24414266912214444","0,24414266912214444"
15500,Ford,B-Max,Gasoline,Automatic,Used,11690,"105,0",2013,"9,366489054466115",9,"9,324392255501529","0,04209679896458596","0,04209679896458596"
95000,Ford,C-Max,Gasoline,Manual,Used,6950,"101,0",2013,"8,846496938558838",9,"8,814239418887151","0,03225751967168655","0,03225751967168655"
4000,Renault,Clio,Gasoline,Manual,Demonstration,18143,"101,0",2019,"9,806040090370162",3,"9,595284792459875","0,21075529791028735","0,21075529791028735"
43890,Renault,Captur,Gasoline,Manual,Used,8990,"90,0",2017,"9,103868127465667",5,"9,205940552662748","-0,10207242519708082","0,10207242519708082"
7,Skoda,Fabia,Gasoline,Manual,Pre-registered,16590,"95,0",2021,"9,71655538318449",1,"9,731466140914097","-0,014910757729607482","0,014910757729607482"
100,Opel,Astra,Gasoline,Manual,Employee's car,16490,"131,0",2020,"9,710509415553645",2,"9,992440486465608","-0,2819310709119627","0,2819310709119627"
157603,Opel,Zafira,Diesel,Automatic,Used,11480,"131,0",2018,"9,348361669873558",4,"9,281117591215","0,06724407865855753","0,06724407865855753"
56425,Skoda,Citigo,Gasoline,Manual,Used,5490,"60,0",2014,"8,610683534503575",8,"8,714326475260677","-0,10364294075710134","0,10364294075710134"
18365,Opel,Astra,Diesel,Automatic,Used,17980,"136,0",2019,"9,79701530802561",3,"10,007944461995695","-0,21092915397008483","0,21092915397008483"
155000,Opel,Astra,Diesel,Manual,Used,4900,"110,0",2011,"8,496990484098719",11,"8,68783326986654","-0,19084278576782054","0,19084278576782054"
19945,Renault,Koleos,Diesel,Automatic,Used,26990,"150,0",2019,"10,20322170601205",3,"10,219337786134425","-0,016116080122374754","0,016116080122374754"
112750,Volkswagen,Amarok,Diesel,Automatic,Used,27781,"204,0",2017,"10,232107612780684",5,"10,27859793934093","-0,046490326560245876","0,046490326560245876"
57722,Ford,Focus,Gasoline,Manual,Used,10900,"125,0",2017,"9,296518068217235",5,"9,500370602703814","-0,20385253448657892","0,20385253448657892"
121000,Ford,Focus,Gasoline,Automatic,Used,8999,"125,0",2011,"9,104868739033948",11,"8,867974933722166","0,23689380531178195","0,23689380531178195"
100000,Renault,Megane,Diesel,Manual,Used,7750,"110,0",2016,"8,955448122347393",6,"9,178995086231572","-0,2235469638841785","0,2235469638841785"
94000,Opel,Astra,Gasoline,Manual,Used,5399,"120,0",2012,"8,593969030218288",10,"8,85784466577396","-0,2638756355556726","0,2638756355556726"
16831,Ford,EcoSport,Gasoline,Manual,Employee's car,15996,"101,0",2020,"9,680093969966709",2,"9,625544633117865","0,054549336848843666","0,054549336848843666"
19270,Volkswagen,Golf Variant,Gasoline,Automatic,Used,31986,"300,0",2019,"10,373053586050816",3,"10,470789953002859","-0,09773636695204324","0,09773636695204324"
8427,Ford,Focus,Electric/Gasoline,Manual,Used,20480,"125,0",2020,"9,927204079153444",2,"9,890704801505695","0,036499277647749295","0,036499277647749295"
63900,Volkswagen,Golf,Gasoline,Manual,Used,11390,"86,0",2018,"9,340491056441229",4,"9,254456629095063","0,08603442734616529","0,08603442734616529"
68000,Volkswagen,up!,Gasoline,Manual,Used,4999,"60,0",2014,"8,51699317141357",8,"8,703875152656744","-0,18688198124317346","0,18688198124317346"
15,Skoda,Fabia,Gasoline,Manual,Demonstration,14980,"95,0",2020,"9,61447125707121",2,"9,65427231148915","-0,03980105441793924","0,03980105441793924"
78410,Ford,C-Max,Gasoline,Manual,Used,9300,"150,0",2013,"9,137769679141348",9,"9,321006856577151","-0,18323717743580303","0,18323717743580303"
140000,Opel,Astra,Gasoline,Manual,Used,7500,"179,0",2011,"8,922658299524402",11,"8,929648190113097","-0,006989890588695147","0,006989890588695147"
8600,Ford,Focus,Gasoline,Automatic,Used,29890,"280,0",2020,"10,305279255277984",2,"10,53729781685459","-0,23201856157660572","0,23201856157660572"
199000,Volkswagen,Golf,Diesel,Manual,Used,8990,"110,0",2015,"9,103868127465667",7,"8,86057846441621","0,2432896630494561","0,2432896630494561"
73000,Opel,Astra,Gasoline,Manual,Used,7900,"116,0",2014,"8,974618038455112",8,"9,05038048758929","-0,07576244913417796","0,07576244913417796"
4764,Renault,Scenic,Gasoline,Automatic,Used,24440,"159,0",2019,"10,103976413285531",3,"10,098754068095596","0,00522234518993514","0,00522234518993514"
64890,Ford,Fiesta,Gasoline,Manual,Used,6500,"60,0",2013,"8,779557455883728",9,"8,684111925258556","0,09544553062517203","0,09544553062517203"
75900,Opel,Astra,Gasoline,Automatic,Used,12880,"150,0",2016,"9,463430999658344",6,"9,735244211496054","-0,2718132118377099","0,2718132118377099"
9810,Ford,Kuga,Gasoline,Manual,Employee's car,24470,"150,0",2020,"10,105203156436717",2,"10,106165293974978","-0,0009621375382611319","0,0009621375382611319"
137000,Volkswagen,Golf,Diesel,Manual,Used,9800,"150,0",2013,"9,190137664658664",9,"9,254774447074194","-0,06463678241552984","0,06463678241552984"
125000,Ford,Focus,Diesel,Manual,Used,8890,"120,0",2018,"9,09268232850795",4,"9,342304242825477","-0,24962191431752778","0,24962191431752778"
111480,Volkswagen,Passat Variant,Diesel,Manual,Used,13980,"150,0",2017,"9,5453830157878",5,"9,631195882563585","-0,08581286677578426","0,08581286677578426"
10300,Volkswagen,Polo,Gasoline,Automatic,Used,19440,"95,0",2020,"9,87508807801443",2,"9,776023046268563","0,09906503174586767","0,09906503174586767"
17800,Opel,Adam,Gasoline,Manual,Used,10980,"87,0",2018,"9,30383071506352",4,"9,340838316490467","-0,03700760142694648","0,03700760142694648"
131000,Renault,Clio,Diesel,Manual,Used,5980,"90,0",2013,"8,696175846944678",9,"8,785694708990565","-0,0895188620458871","0,0895188620458871"
108456,Opel,Mokka,Diesel,Manual,Used,10880,"131,0",2014,"9,294681520409934",8,"9,109704849357774","0,1849766710521603","0,1849766710521603"
96000,Skoda,Rapid/Spaceback,Diesel,Automatic,Used,7100,"90,0",2014,"8,867850063029406",8,"9,069000034072133","-0,20114997104272625","0,20114997104272625"
160000,Ford,Focus,Diesel,Manual,Used,7999,"120,0",2017,"8,987071812848821",5,"9,077545248323945","-0,09047343547512376","0,09047343547512376"
106500,Volkswagen,Golf,Diesel,Manual,Used,10995,"110,0",2015,"9,305195902988862",7,"9,134130551156078","0,17106535183278382","0,17106535183278382"
120800,Volkswagen,Touran,Diesel,Manual,Used,8500,"105,0",2012,"9,047821442478408",10,"8,94884251164622","0,0989789308321889","0,0989789308321889"
27740,Ford,Ka/Ka+,Gasoline,Manual,Used,8490,"69,0",2017,"9,046644279305394",5,"9,041975935110804","0,004668344194589835","0,004668344194589835"
28000,Opel,Meriva,Gasoline,Automatic,Used,13980,"140,0",2015,"9,5453830157878",7,"9,553994068029901","-0,00861105224210057","0,00861105224210057"
23900,Renault,Kadjar,Diesel,Manual,Used,21990,"116,0",2019,"9,998343083548807",3,"9,837872552682976","0,1604705308658314","0,1604705308658314"
79985,Volkswagen,Beetle,Gasoline,Manual,Used,11970,"105,0",2016,"9,390158798552019",6,"9,231603974845957","0,1585548237060621","0,1585548237060621"
66500,Opel,Corsa,Gasoline,Manual,Used,7330,"120,0",2013,"8,899730794880696",9,"9,011283300282736","-0,11155250540203987","0,11155250540203987"
99834,Opel,Mokka X,Diesel,Automatic,Used,15450,"136,0",2018,"9,645364282325891",4,"9,515980761949278","0,1293835203766136","0,1293835203766136"
11700,Ford,Focus,Gasoline,Manual,Employee's car,18950,"125,0",2020,"9,849559210510572",2,"9,866008890076762","-0,0164496795661897","0,0164496795661897"
23220,Renault,ZOE,Electric,Automatic,Used,12590,"58,0",2017,"9,440658127038393",5,"9,155496439888799","0,28516168714959456","0,28516168714959456"
9077,Renault,Captur,Gasoline,Manual,Used,10999,"90,0",2019,"9,305559638557117",3,"9,425331135357869","-0,11977149680075172","0,11977149680075172"
20,Renault,Kangoo,Gasoline,Automatic,Used,14890,"114,0",2019,"9,608445125678054",3,"9,776347621939346","-0,1679024962612914","0,1679024962612914"
94280,Volkswagen,Golf,Diesel,Manual,Used,6600,"105,0",2012,"8,794824928014517",10,"9,039735278222238","-0,24491035020772145","0,24491035020772145"
10701,Ford,C-Max,Gasoline,Manual,Used,17686,"125,0",2019,"9,78052864513568",3,"9,786815883403033","-0,00628723826735289","0,00628723826735289"
11800,Opel,Corsa,Gasoline,Manual,Used,11450,"101,0",2019,"9,345745008982385",3,"9,538544661525556","-0,19279965254317055","0,19279965254317055"
7900,Skoda,Scala,Gasoline,Manual,Demonstration,16449,"116,0",2020,"9,708019964072157",2,"9,893305729381137","-0,18528576530897922","0,18528576530897922"
167000,Renault,Scenic,LPG,Manual,Used,4650,"131,0",2011,"8,444622498581403",11,"8,46897116587341","-0,02434866729200813","0,02434866729200813"
56000,Opel,Corsa,Gasoline,Manual,Used,6200,"86,0",2014,"8,732304571033183",8,"8,987267747913473","-0,25496317688029","0,25496317688029"
51300,Renault,ZOE,Electric,Automatic,Used,8990,"58,0",2017,"9,103868127465667",5,"9,157777961306165","-0,05390983384049797","0,05390983384049797"
106719,Ford,Focus,Diesel,Manual,Used,7990,"105,0",2014,"8,98594603876032",8,"9,148193640391785","-0,16224760163146534","0,16224760163146534"
85827,Ford,B-Max,Gasoline,Manual,Used,10880,"101,0",2015,"9,294681520409934",7,"8,983161304955043","0,31152021545489106","0,31152021545489106"
60000,Skoda,Citigo,Gasoline,Manual,Used,5490,"60,0",2015,"8,610683534503575",7,"8,78864398000767","-0,17796044550409462","0,17796044550409462"
95297,Ford,B-Max,Gasoline,Manual,Used,6900,"101,0",2013,"8,83927669058535",9,"8,814239418887151","0,025037271698199248","0,025037271698199248"
7129,Volkswagen,Passat,Diesel,Automatic,Used,39870,"190,0",2020,"10,5933794403754",2,"10,469243915954278","0,12413552442112241","0,12413552442112241"
35999,Volkswagen,up!,Gasoline,Manual,Used,7490,"60,0",2017,"8,921324076511265",5,"8,954106272943061","-0,03278219643179625","0,03278219643179625"
61060,Volkswagen,Golf,Diesel,Automatic,Used,25900,"184,0",2017,"10,16199824768763",5,"10,107727010453765","0,05427123723386451","0,05427123723386451"
51920,Opel,Meriva,Gasoline,Manual,Used,10950,"140,0",2016,"9,301094735244646",6,"9,43339117150476","-0,13229643626011267","0,13229643626011267"
506,Ford,Tourneo Courier,Diesel,Manual,Demonstration,17950,"101,0",2021,"9,795345393916424",1,"10,004008586645178","-0,20866319272875344","0,20866319272875344"
5005,Volkswagen,T-Cross,Gasoline,Automatic,Used,23970,"116,0",2020,"10,08455832742843",2,"10,017530604379779","0,06702772304865157","0,06702772304865157"
141829,Ford,Focus,Diesel,Manual,Used,6500,"163,0",2012,"8,779557455883728",10,"9,057651691140887","-0,27809423525715893","0,27809423525715893"
81000,Volkswagen,Polo,Gasoline,Manual,Used,7499,"90,0",2014,"8,92252495730139",8,"8,931212115781262","-0,008687158479872892","0,008687158479872892"
61621,Skoda,Octavia,Diesel,Manual,Used,11400,"150,0",2016,"9,341368634382587",6,"9,714917333048462","-0,3735486986658749","0,3735486986658749"
111000,Volkswagen,Golf,Gasoline,Manual,Used,6500,"86,0",2011,"8,779557455883728",11,"8,716131189689946","0,06342626619378144","0,06342626619378144"
127500,Opel,Zafira,Gasoline,Manual,Used,6972,"116,0",2011,"8,849657406639912",11,"8,631153997645754","0,21850340899415777","0,21850340899415777"
88197,Skoda,Octavia,Diesel,Automatic,Used,10470,"105,0",2014,"9,256269303864583",8,"9,349543981811523","-0,09327467794694044","0,09327467794694044"
34500,Opel,Corsa,Gasoline,Manual,Used,10400,"101,0",2019,"9,249561085129464",3,"9,42145997794488","-0,17189889281541504","0,17189889281541504"
285000,Ford,Galaxy,Diesel,Manual,Used,5999,"140,0",2011,"8,699348067653093",11,"8,857307021283242","-0,15795895363014978","0,15795895363014978"
120000,Skoda,Yeti,Gasoline,Manual,Used,12980,"160,0",2015,"9,471164990258082",7,"9,317809991372663","0,15335499888541904","0,15335499888541904"
106000,Volkswagen,Golf,Gasoline,Manual,Used,12500,"110,0",2017,"9,433483923290392",5,"9,226242269129155","0,20724165416123697","0,20724165416123697"
10,Skoda,Karoq,Gasoline,Automatic,Pre-registered,27290,"150,0",2020,"10,214275613702384",2,"10,23019118459592","-0,015915570893536568","0,015915570893536568"
19512,Ford,Fiesta,Gasoline,Manual,Used,13490,"86,0",2019,"9,509703949201802",3,"9,431804864337911","0,07789908486389052","0,07789908486389052"
120000,Opel,Corsa,Diesel,Manual,Used,6100,"95,0",2015,"8,716044050161402",7,"8,861820989332035","-0,1457769391706325","0,1457769391706325"
83465,Ford,B-Max,Gasoline,Manual,Used,9490,"125,0",2013,"9,157993891603974",9,"9,027074581779436","0,13091930982453803","0,13091930982453803"
9210,Volkswagen,Caddy,Gasoline,Automatic,Employee's car,28870,"131,0",2020,"10,27055827265698",2,"9,984386833399828","0,2861714392571528","0,2861714392571528"
54500,Renault,Clio,Gasoline,Manual,Used,8955,"90,0",2017,"9,099967314494812",5,"9,18560145870635","-0,08563414421153759","0,08563414421153759"
167285,Volkswagen,Golf,Diesel,Automatic,Used,11980,"116,0",2018,"9,39099387166944",4,"9,322019731319592","0,06897414034984806","0,06897414034984806"
130000,Volkswagen,Golf,Gasoline,Manual,Used,5899,"105,0",2012,"8,682538124003075",10,"8,825836132536061","-0,14329800853298558","0,14329800853298558"
31760,Renault,Twingo,Gasoline,Manual,Used,6999,"69,0",2016,"8,85352256068954",6,"8,924302545542258","-0,07077998485271841","0,07077998485271841"
94550,Volkswagen,Caddy,Diesel,Manual,Used,12830,"75,0",2018,"9,459541457609681",4,"9,069113311488023","0,39042814612165877","0,39042814612165877"
5,Opel,Astra,Gasoline,Manual,Used,17790,"145,0",2020,"9,786391780659882",2,"10,013487543623752","-0,22709576296387013","0,22709576296387013"
10000,Ford,Fiesta,Gasoline,Manual,Used,13795,"86,0",2019,"9,532061486651386",3,"9,482138808749257","0,049922677902129564","0,049922677902129564"
46420,Opel,Crossland X,Gasoline,Manual,Used,11990,"82,0",2018,"9,39182824802156",4,"9,256935618778165","0,13489262924339407","0,13489262924339407"
12500,Ford,EcoSport,Diesel,Manual,Used,19990,"120,0",2020,"9,902987427494446",2,"10,006630795285469","-0,10364336779102246","0,10364336779102246"
17500,Renault,Captur,Gasoline,Automatic,Demonstration,21960,"131,0",2020,"9,996977895623466",2,"9,930775258966523","0,06620263665694281","0,06620263665694281"
52450,Volkswagen,Golf,Diesel,Manual,Used,22989,"184,0",2018,"10,042771119638514",4,"10,094536466446014","-0,05176534680749967","0,05176534680749967"
10,Renault,Megane,Gasoline,Automatic,Used,20035,"159,0",2019,"9,905236023070245",3,"10,120497902372023","-0,21526187930177798","0,21526187930177798"
61000,Ford,Transit Custom,Diesel,Manual,Used,13990,"105,0",2017,"9,546098067659527",5,"9,438957616482757","0,10714045117676996","0,10714045117676996"
66250,Ford,Fiesta,Gasoline,Manual,Used,5950,"60,0",2012,"8,691146498539675",10,"8,644192761404888","0,04695373713478723","0,04695373713478723"
166000,Volkswagen,Golf Variant,Diesel,Automatic,Used,9400,"105,0",2014,"9,148464968258095",8,"9,04809591460041","0,10036905365768511","0,10036905365768511"
86000,Opel,Corsa,Gasoline,Manual,Used,6200,"87,0",2013,"8,732304571033183",9,"8,729040692970603","0,0032638780625795505","0,0032638780625795505"
114262,Volkswagen,up!,Gasoline,Automatic,Used,6490,"60,0",2014,"8,778017809698136",8,"8,788172516733557","-0,01015470703542043","0,01015470703542043"
20597,Ford,Fiesta,Gasoline,Manual,Used,10400,"101,0",2016,"9,249561085129464",6,"9,265838332108348","-0,016277246978884108","0,016277246978884108"
92200,Volkswagen,up!,Gasoline,Manual,Used,5897,"60,0",2018,"8,682199026000504",4,"8,846262688031771","-0,16406366203126765","0,16406366203126765"
56247,Skoda,Kodiaq,Gasoline,Manual,Used,21940,"150,0",2018,"9,99606673382922",4,"9,841463993482604","0,15460274034661659","0,15460274034661659"
15800,Opel,Astra,Gasoline,Automatic,Employee's car,20890,"150,0",2019,"9,947025854550612",3,"10,089106206438727","-0,14208035188811508","0,14208035188811508"
141900,Ford,Focus,Diesel,Manual,Used,7900,"120,0",2017,"8,974618038455112",5,"9,114427311089957","-0,1398092726348441","0,1398092726348441"
7058,Volkswagen,Golf,Gasoline,Automatic,Used,29990,"150,0",2020,"10,308619271743055",2,"10,219276906738125","0,08934236500492965","0,08934236500492965"
35501,Renault,ZOE,Electric,Manual,Used,7560,"58,0",2014,"8,930626469173578",8,"8,738122464283066","0,19250400489051245","0,19250400489051245"
139000,Opel,Astra,Diesel,Manual,Used,6999,"110,0",2016,"8,85352256068954",6,"9,031829992108603","-0,17830743141906424","0,17830743141906424"
100559,Volkswagen,Golf,Diesel,Automatic,Used,13750,"150,0",2017,"9,528794103094718",5,"9,727786647453494","-0,19899254435877545","0,19899254435877545"
54000,Ford,Transit,Diesel,Manual,Used,8490,"95,0",2017,"9,046644279305394",5,"9,300978677497955","-0,25433439819256165","0,25433439819256165"
63431,Opel,Zafira Tourer,Gasoline,Manual,Used,12490,"120,0",2015,"9,432683603119623",7,"9,188350661557962","0,24433294156166063","0,24433294156166063"
169000,Ford,Focus,Diesel,Manual,Used,5099,"95,0",2011,"8,536799721055155",11,"8,578694883982864","-0,041895162927708895","0,041895162927708895"
20,Renault,Espace,Gasoline,Automatic,Pre-registered,41900,"224,0",2021,"10,643041105910228",1,"10,475607218672959","0,16743388723726937","0,16743388723726937"
35155,Opel,Corsa,Gasoline,Manual,Used,7780,"90,0",2015,"8,959311617172437",7,"9,101209819341186","-0,1418982021687487","0,1418982021687487"
134000,Ford,Mondeo,Diesel,Manual,Used,9200,"140,0",2014,"9,126958763037132",8,"9,30198254600443","-0,1750237829672976","0,1750237829672976"
117974,Volkswagen,Golf Sportsvan,Diesel,Manual,Used,10470,"110,0",2014,"9,256269303864583",8,"9,037974884434298","0,2182944194302845","0,2182944194302845"
74600,Volkswagen,Scirocco,Gasoline,Manual,Used,16900,"220,0",2015,"9,735068900911164",7,"9,714955120673416","0,020113780237748458","0,020113780237748458"
66000,Renault,Twingo,Gasoline,Manual,Used,5990,"102,0",2013,"8,697846691109495",9,"8,994081591232188","-0,29623490012269293","0,29623490012269293"
87600,Volkswagen,Golf,Gasoline,Manual,Used,8444,"160,0",2011,"9,041211408968211",11,"9,248398199872527","-0,20718679090431635","0,20718679090431635"
70000,Opel,Adam,Gasoline,Manual,Used,6850,"69,0",2014,"8,83200393125627",8,"8,729197780072433","0,10280615118383807","0,10280615118383807"
14263,Opel,Corsa,Gasoline,Manual,Used,9970,"90,0",2018,"9,207335862955883",4,"9,334067039312844","-0,12673117635696052","0,12673117635696052"
59855,Opel,Mokka,Gasoline,Manual,Used,13490,"140,0",2015,"9,509703949201802",7,"9,349530264195387","0,1601736850064146","0,1601736850064146"
32100,Ford,C-Max,Gasoline,Manual,Used,14990,"125,0",2016,"9,615138591096644",6,"9,445608067905747","0,1695305231908968","0,1695305231908968"
150000,Volkswagen,Passat Variant,Diesel,Manual,Used,8450,"105,0",2012,"9,041921720351219",10,"8,865465654857621","0,17645606549359805","0,17645606549359805"
155319,Volkswagen,Golf Variant,Gasoline,Manual,Used,6350,"105,0",2011,"8,756210091886738",11,"8,704607821976959","0,0516022699097789","0,0516022699097789"
32500,Ford,Focus,Gasoline,Manual,Used,11000,"125,0",2013,"9,305650551780507",9,"9,156139496346782","0,14951105543372556","0,14951105543372556"
28238,Opel,Meriva,Gasoline,Manual,Used,10190,"140,0",2015,"9,229162126216771",7,"9,416376532953079","-0,18721440673630774","0,18721440673630774"
150,Skoda,Fabia,Gasoline,Manual,Pre-registered,18939,"95,0",2021,"9,848978567035735",1,"9,73442442279029","0,11455414424544408","0,11455414424544408"
119000,Ford,Fiesta,Gasoline,Manual,Used,5775,"82,0",2013,"8,661293535389994",9,"8,669264302995682","-0,007970767605687712","0,007970767605687712"
6300,Ford,Fiesta,Gasoline,Manual,Used,10900,"86,0",2018,"9,296518068217235",4,"9,416580130391546","-0,12006206217431092","0,12006206217431092"
110566,Volkswagen,Polo,Gasoline,Manual,Used,6900,"69,0",2013,"8,83927669058535",9,"8,649932106444258","0,189344584141093","0,189344584141093"
66364,Opel,Corsa,Gasoline,Manual,Used,7990,"69,0",2016,"8,98594603876032",6,"8,860990939382862","0,1249550993774573","0,1249550993774573"
10496,Ford,Focus,Gasoline,Manual,Demonstration,19990,"125,0",2019,"9,902987427494446",3,"9,786815883403033","0,11617154409141328","0,11617154409141328"
139061,Ford,Focus,Diesel,Manual,Used,7380,"105,0",2016,"8,906528917594517",6,"9,0588956308851","-0,15236671329058282","0,15236671329058282"
48643,Opel,Corsa,Gasoline,Manual,Used,5400,"69,0",2014,"8,594154232552366",8,"8,76562248910317","-0,17146825655080455","0,17146825655080455"
14900,Renault,Megane,Diesel,Automatic,Demonstration,25380,"150,0",2020,"10,141716741268379",2,"10,272473810050723","-0,13075706878234428","0,13075706878234428"
23155,Ford,C-Max,Gasoline,Manual,Employee's car,14980,"101,0",2019,"9,61447125707121",3,"9,490456149224459","0,12401510784675196","0,12401510784675196"
7300,Volkswagen,Golf,Gasoline,Manual,Employee's car,22490,"131,0",2020,"10,020826044953361",2,"9,964683429213435","0,05614261573992607","0,05614261573992607"
46246,Volkswagen,Golf GTI,Gasoline,Automatic,Used,25990,"245,0",2017,"10,165467127635536",5,"10,130421401023565","0,03504572661197081","0,03504572661197081"
78000,Ford,Fiesta,Gasoline,Manual,Used,6500,"80,0",2016,"8,779557455883728",6,"8,997173117179747","-0,21761566129601917","0,21761566129601917"
59000,Renault,Clio,Gasoline,Manual,Used,8495,"90,0",2015,"9,047233034106032",7,"9,031090756343351","0,016142277762680735","0,016142277762680735"
22789,Opel,Corsa,Gasoline,Manual,Used,11750,"90,0",2019,"9,371608519572305",3,"9,3609164037916","0,010692115780704725","0,010692115780704725"
12834,Volkswagen,T-Cross,Gasoline,Manual,Used,17990,"116,0",2020,"9,79757132694458",2,"9,859444348502446","-0,06187302155786689","0,06187302155786689"
47500,Renault,Kangoo,Diesel,Manual,Used,9980,"90,0",2016,"9,20833836930551",6,"9,245270026832475","-0,03693165752696537","0,03693165752696537"
23732,Opel,Crossland X,Gasoline,Manual,Used,14990,"110,0",2020,"9,615138591096644",2,"9,715918898189772","-0,10078030709312813","0,10078030709312813"
74900,Ford,Tourneo Courier,Gasoline,Manual,Used,9979,"101,0",2016,"9,208238163884312",6,"9,103072391452592","0,10516577243171987","0,10516577243171987"
72000,Renault,Twingo,Gasoline,Manual,Used,6200,"71,0",2016,"8,732304571033183",6,"8,779232155508295","-0,04692758447511203","0,04692758447511203"
84800,Opel,Meriva,Gasoline,Manual,Used,7190,"140,0",2011,"8,880446450715093",11,"9,011235978085544","-0,13078952737045135","0,13078952737045135"
200000,Ford,Mondeo,Diesel,Automatic,Used,5490,"140,0",2013,"8,610683534503575",9,"9,076924591441161","-0,46624105693758544","0,46624105693758544"
7889,Volkswagen,Touran,Gasoline,Manual,Employee's car,26450,"150,0",2020,"10,183011437286446",2,"10,112184634965944","0,07082680232050187","0,07082680232050187"
50,Skoda,Fabia,Gasoline,Automatic,Employee's car,18450,"95,0",2021,"9,822819649468673",1,"9,798632725734786","0,024186923733887866","0,024186923733887866"
75549,Ford,Kuga,Gasoline,Automatic,Used,21400,"182,0",2017,"9,971146201009942",5,"9,836193233482893","0,13495296752704888","0,13495296752704888"
17100,Ford,Fiesta,Gasoline,Manual,Employee's car,21440,"200,0",2020,"9,973013615184739",2,"10,070734352744426","-0,09772073755968691","0,09772073755968691"
85000,Volkswagen,Golf,Diesel,Manual,Used,12490,"110,0",2016,"9,432683603119623",6,"9,268417930260986","0,1642656728586367","0,1642656728586367"
23720,Volkswagen,T6 Kombi,Diesel,Manual,Used,31970,"110,0",2020,"10,372553242053888",2,"9,844388147932863","0,5281650941210252","0,5281650941210252"
89543,Volkswagen,Touran,CNG,Manual,Used,10400,"150,0",2012,"9,249561085129464",10,"9,15300819834256","0,09655288678690432","0,09655288678690432"
119400,Volkswagen,Golf Variant,Diesel,Automatic,Used,11590,"150,0",2015,"9,357897936333798",7,"9,514541923486151","-0,1566439871523535","0,1566439871523535"
84040,Ford,C-Max,Diesel,Manual,Used,9579,"120,0",2015,"9,167328481382892",7,"9,258381042342057","-0,09105256095916481","0,09105256095916481"
146653,Volkswagen,CC,Diesel,Manual,Used,13861,"150,0",2015,"9,536834420213353",7,"9,316827998003129","0,22000642221022382","0,22000642221022382"
54500,Opel,Meriva,Gasoline,Manual,Used,7390,"101,0",2011,"8,907883013942248",11,"8,766626981534575","0,14125603240767326","0,14125603240767326"
49000,Renault,Koleos,Diesel,Automatic,Used,23990,"177,0",2017,"10,08539235583374",5,"10,085938086648772","-0,0005457308150322859","0,0005457308150322859"
62175,Volkswagen,Polo,Gasoline,Manual,Used,9990,"90,0",2016,"9,2093398716426",6,"9,091099572987813","0,11824029865478636","0,11824029865478636"
67000,Volkswagen,Golf Sportsvan,Gasoline,Manual,Used,9500,"110,0",2015,"9,159047077588632",7,"9,257524613326154","-0,09847753573752271","0,09847753573752271"
125800,Volkswagen,Golf,Diesel,Manual,Used,12850,"150,0",2015,"9,461099090323366",7,"9,383195785597534","0,07790330472583129","0,07790330472583129"
97144,Opel,Adam,Gasoline,Manual,Used,7400,"101,0",2014,"8,909235279192261",8,"8,890245473765633","0,01898980542662798","0,01898980542662798"
139500,Opel,Astra,Gasoline,Manual,Used,5800,"101,0",2012,"8,66561319653451",10,"8,603965002175672","0,06164819435883828","0,06164819435883828"
24450,Volkswagen,Golf Sportsvan,Gasoline,Manual,Used,19480,"131,0",2020,"9,877143577196525",2,"9,866568805458849","0,010574771737676514","0,010574771737676514"
58000,Volkswagen,Polo,Gasoline,Manual,Used,7490,"60,0",2015,"8,921324076511265",7,"8,79501933672279","0,12630473978847512","0,12630473978847512"
50000,Volkswagen,Polo,Gasoline,Manual,Used,8700,"75,0",2016,"9,071078304642676",6,"8,986572924550105","0,0845053800925708","0,0845053800925708"
73557,Volkswagen,Golf Variant,Diesel,Manual,Used,14870,"116,0",2019,"9,6071010394542",3,"9,637465094848997","-0,030364055394796807","0,030364055394796807"
17000,Ford,Ka/Ka+,Gasoline,Manual,Used,8200,"86,0",2016,"9,011889433252344",6,"9,357361281847467","-0,3454718485951229","0,3454718485951229"
141320,Volkswagen,Passat,Diesel,Manual,Used,7500,"140,0",2011,"8,922658299524402",11,"9,083036926047452","-0,16037862652305002","0,16037862652305002"
98000,Opel,Astra,Gasoline,Manual,Used,5250,"101,0",2013,"8,565983355585669",9,"8,810272747688089","-0,24428939210242007","0,24428939210242007"
84701,Volkswagen,Polo,Gasoline,Manual,Used,7990,"105,0",2013,"8,98594603876032",9,"9,073274408228393","-0,08732836946807332","0,08732836946807332"
113400,Volkswagen,Golf,Diesel,Manual,Used,10900,"110,0",2015,"9,296518068217235",7,"9,102854447149554","0,19366362106768165","0,19366362106768165"
83118,Volkswagen,Golf Plus,Diesel,Manual,Used,6500,"105,0",2011,"8,779557455883728",11,"9,105666667205368","-0,32610921132163995","0,32610921132163995"
23050,Ford,Kuga,Gasoline,Automatic,Used,25585,"242,0",2018,"10,149761521239192",4,"10,263549746468858","-0,11378822522966558","0,11378822522966558"
10,Skoda,Fabia,Gasoline,Manual,Pre-registered,16480,"95,0",2021,"9,709902803463462",1,"9,713888503814639","-0,003985700351176291","0,003985700351176291"
86000,Opel,Astra,Diesel,Manual,Used,10580,"110,0",2017,"9,26672070541229",5,"9,290325297043807","-0,023604591631517735","0,023604591631517735"
68510,Opel,Mokka,Gasoline,Manual,Used,12497,"140,0",2016,"9,433243894485784",6,"9,375676496862456","0,05756739762332863","0,05756739762332863"
134000,Opel,Zafira,Gasoline,Manual,Used,6900,"140,0",2013,"8,83927669058535",9,"9,029232750133733","-0,18995605954838268","0,18995605954838268"
70500,Opel,Mokka,Gasoline,Automatic,Used,13440,"140,0",2015,"9,50599061407714",7,"9,450377742701043","0,055612871376096606","0,055612871376096606"
118241,Volkswagen,Polo,Gasoline,Manual,Used,9496,"110,0",2016,"9,158625936289503",6,"9,13302685396706","0,025599082322443678","0,025599082322443678"
10,Skoda,Fabia,Gasoline,Manual,Employee's car,13890,"95,0",2021,"9,53892443574839",1,"9,713888503814639","-0,17496406806624876","0,17496406806624876"
36240,Ford,Focus,Gasoline,Manual,Used,10950,"125,0",2014,"9,301094735244646",8,"9,283908779541937","0,01718595570270942","0,01718595570270942"
61695,Skoda,Fabia,Gasoline,Manual,Used,8480,"90,0",2015,"9,045465728785949",7,"9,030094984776905","0,015370744009043591","0,015370744009043591"
15,Skoda,Kamiq,Gasoline,Manual,Pre-registered,17750,"95,0",2021,"9,784140794903562",1,"9,717721023967137","0,06641977093642559","0,06641977093642559"
36808,Skoda,Octavia,Gasoline,Manual,Used,23440,"245,0",2018,"10,06219924369095",4,"10,043116857571386","0,01908238611956392","0,01908238611956392"
91000,Renault,Scenic,Gasoline,Automatic,Used,9790,"140,0",2013,"9,189116735524555",9,"9,307028304611856","-0,11791156908730116","0,11791156908730116"
47500,Renault,Kangoo,Diesel,Manual,Used,8650,"90,0",2015,"9,065314599925925",7,"9,174439622252542","-0,10912502232661758","0,10912502232661758"
75000,Renault,Clio,Diesel,Automatic,Used,9500,"90,0",2014,"9,159047077588632",8,"9,131779608303129","0,027267469285503054","0,027267469285503054"
88400,Ford,Fiesta,Gasoline,Manual,Used,8800,"125,0",2015,"9,082507000466299",7,"9,270920272875152","-0,18841327240885342","0,18841327240885342"
50990,Volkswagen,Golf Sportsvan,Diesel,Automatic,Used,16450,"116,0",2017,"9,708080756193517",5,"9,697060233074861","0,0110205231186562","0,0110205231186562"
1,Skoda,Octavia,Gasoline,Manual,Used,24999,"150,0",2020,"10,126591103050316",2,"10,128203826503961","-0,0016127234536451596","0,0016127234536451596"
50,Volkswagen,Tiguan,Gasoline,Automatic,Employee's car,33490,"190,0",2021,"10,41900216578825",1,"10,513520578029334","-0,0945184122410847","0,0945184122410847"
54000,Volkswagen,up!,Gasoline,Manual,Used,6490,"60,0",2016,"8,778017809698136",6,"8,855954857078848","-0,07793704738071128","0,07793704738071128"
110250,Volkswagen,Caddy,Diesel,Manual,Used,8790,"102,0",2011,"9,081369990679223",11,"9,15233876643221","-0,07096877575298777","0,07096877575298777"
65743,Ford,Fiesta,Gasoline,Manual,Used,8300,"65,0",2017,"9,02401079378469",5,"9,019016375248933","0,004994418535757106","0,004994418535757106"
142000,Volkswagen,Touran,Diesel,Manual,Used,9920,"105,0",2015,"9,20230820027892",7,"9,037831137175655","0,1644770631032646","0,1644770631032646"
99000,Volkswagen,up!,Gasoline,Manual,Used,5490,"60,0",2013,"8,610683534503575",9,"8,635316774215157","-0,024633239711581822","0,024633239711581822"
76100,Opel,Astra,Diesel,Manual,Used,14900,"110,0",2017,"9,60911649193355",5,"9,35573255506871","0,2533839368648394","0,2533839368648394"
360000,Volkswagen,Touran,Diesel,Automatic,Used,7700,"150,0",2017,"8,948975607841776",5,"8,955249858248997","-0,0062742504072215155","0,0062742504072215155"
249998,Volkswagen,Golf,Diesel,Manual,Used,7400,"110,0",2015,"8,909235279192261",7,"8,803470269231722","0,10576500996053895","0,10576500996053895"
71452,Volkswagen,Polo,Gasoline,Automatic,Used,7950,"90,0",2012,"8,980927207648378",10,"8,943098686768082","0,03782852088029642","0,03782852088029642"
80000,Opel,Zafira,Gasoline,Manual,Used,8799,"140,0",2014,"9,08239335764556",8,"9,2460516566711","-0,1636582990255384","0,1636582990255384"
10045,Opel,Corsa,Gasoline,Manual,Used,15490,"101,0",2020,"9,647949933410914",2,"9,662096941289947","-0,01414700787903378","0,01414700787903378"
57968,Ford,Focus,Gasoline,Manual,Used,9450,"125,0",2016,"9,153770020487789",6,"9,408329310497443","-0,25455929000965405","0,25455929000965405"
13375,Volkswagen,Golf Variant,Gasoline,Manual,Used,19495,"116,0",2020,"9,877913301416697",2,"9,856319688251734","0,021593613164963443","0,021593613164963443"
142748,Ford,Galaxy,Diesel,Automatic,Used,10900,"140,0",2012,"9,296518068217235",10,"9,139010057346068","0,15750801087116706","0,15750801087116706"
100000,Renault,Clio,Gasoline,Manual,Used,6440,"73,0",2014,"8,770283819098399",8,"8,705480626357053","0,06480319274134594","0,06480319274134594"
98500,Ford,C-Max,Gasoline,Manual,Used,10900,"150,0",2016,"9,296518068217235",6,"9,470277744220011","-0,17375967600277598","0,17375967600277598"
500,Skoda,Fabia,Gasoline,Manual,Demonstration,15480,"60,0",2021,"9,647304147143718",1,"9,52681549239304","0,12048865475067849","0,12048865475067849"
10,Ford,Fiesta,Gasoline,Manual,Pre-registered,12990,"75,0",2021,"9,471935109664646",1,"9,546698029367429","-0,07476291970278304","0,07476291970278304"
10,Skoda,Scala,Gasoline,Manual,Pre-registered,15590,"116,0",2020,"9,654384962051822",2,"9,907584686452102","-0,2531997244002806","0,2531997244002806"
77300,Opel,Corsa,Gasoline,Manual,Used,8490,"101,0",2017,"9,046644279305394",5,"9,17622212485215","-0,12957784554675555","0,12957784554675555"
4377,Opel,Crossland X,Gasoline,Manual,Used,18980,"131,0",2018,"9,85114107216392",4,"9,799071862155282","0,05206921000863751","0,05206921000863751"
88000,Ford,Grand C-Max,Gasoline,Manual,Used,11995,"150,0",2014,"9,392245175273795",8,"9,375863100748768","0,01638207452502627","0,01638207452502627"
8,Opel,Corsa,Gasoline,Manual,Pre-registered,17480,"101,0",2021,"9,768812649209526",1,"9,762974185351705","0,005838463857820386","0,005838463857820386"
66050,Renault,Twingo,Gasoline,Manual,Used,5190,"75,0",2012,"8,554488976159934",10,"8,64948097710963","-0,09499200094969495","0,09499200094969495"
40030,Ford,Kuga,Gasoline,Automatic,Used,21990,"182,0",2018,"9,998343083548807",4,"9,914535376318952","0,08380770722985531","0,08380770722985531"
6091,Volkswagen,Polo,Gasoline,Manual,Employee's car,16490,"80,0",2020,"9,710509415553645",2,"9,568082477606955","0,1424269379466896","0,1424269379466896"
65200,Volkswagen,Golf,Gasoline,Manual,Used,11950,"110,0",2016,"9,388486557359657",6,"9,342856174867952","0,045630382491705035","0,045630382491705035"
95000,Volkswagen,Polo,Diesel,Manual,Used,8499,"90,0",2015,"9,047703788498627",7,"9,000452519185355","0,04725126931327139","0,04725126931327139"
12000,Volkswagen,T6 Kombi,Diesel,Automatic,Used,36750,"150,0",2020,"10,511893504640982",2,"10,281993113020887","0,22990039162009523","0,22990039162009523"
62719,Opel,Corsa,Gasoline,Manual,Used,5290,"69,0",2012,"8,573573524852344",10,"8,653954377307354","-0,08038085245500959","0,08038085245500959"
103500,Opel,Insignia,Gasoline,Automatic,Used,15750,"325,0",2011,"9,66459564425378",11,"9,512698661331756","0,15189698292202358","0,15189698292202358"
89250,Opel,Astra,Gasoline,Manual,Used,7990,"140,0",2014,"8,98594603876032",8,"9,234914441186888","-0,24896840242656815","0,24896840242656815"
133267,Skoda,Superb,Diesel,Manual,Used,14000,"120,0",2016,"9,546812608597396",6,"9,103399309150882","0,4434132994465134","0,4434132994465134"
100,Opel,Corsa,Gasoline,Manual,Pre-registered,12990,"75,0",2021,"9,471935109664646",1,"9,560373824339113","-0,08843871467446718","0,08843871467446718"
40000,Renault,Megane,Gasoline,Manual,Used,8990,"116,0",2014,"9,103868127465667",8,"9,106682615621784","-0,0028144881561171786","0,0028144881561171786"
39809,Volkswagen,Passat Variant,Gasoline,Automatic,Used,21990,"150,0",2018,"9,998343083548807",4,"9,972843029477026","0,02550005407178091","0,02550005407178091"
77000,Opel,Corsa,Gasoline,Manual,Used,7400,"90,0",2016,"8,909235279192261",6,"9,052201301645125","-0,14296602245286394","0,14296602245286394"
146000,Volkswagen,Golf,Gasoline,Manual,Used,6850,"122,0",2011,"8,83200393125627",11,"8,850551367985446","-0,01854743672917536","0,01854743672917536"
125000,Volkswagen,Golf,Gasoline,Manual,Used,6999,"105,0",2012,"8,85352256068954",10,"8,85462280606181","-0,001100245372271047","0,001100245372271047"
23555,Renault,Clio,Diesel,Manual,Used,9490,"90,0",2018,"9,157993891603974",4,"9,38655367022154","-0,2285597786175657","0,2285597786175657"
2000,Opel,Vivaro,Diesel,Manual,Employee's car,27490,"120,0",2020,"10,221577581159291",2,"10,051880643964624","0,16969693719466683","0,16969693719466683"
52751,Opel,Zafira Tourer,CNG,Manual,Used,13979,"150,0",2015,"9,545311482471128",7,"9,580740926748247","-0,035429444277118805","0,035429444277118805"
36867,Renault,ZOE,Electric,Automatic,Used,9250,"58,0",2014,"9,132378830506472",8,"8,858838000332247","0,27354083017422504","0,27354083017422504"
65850,Opel,Mokka,Gasoline,Automatic,Used,12490,"140,0",2015,"9,432683603119623",7,"9,458822866919816","-0,026139263800192936","0,026139263800192936"
20060,Volkswagen,up!,Gasoline,Manual,Used,7490,"60,0",2019,"8,921324076511265",3,"9,151840121723314","-0,23051604521204894","0,23051604521204894"
59520,Volkswagen,Golf Variant,Diesel,Automatic,Used,25998,"184,0",2017,"10,165774890967965",5,"10,106043679715173","0,05973121125279235","0,05973121125279235"
6748,Volkswagen,T-Roc,Gasoline,Automatic,Used,27891,"150,0",2020,"10,236059335123967",2,"10,2188255939684","0,017233741155566307","0,017233741155566307"
97937,Skoda,Citigo,Gasoline,Manual,Used,5990,"60,0",2016,"8,697846691109495",6,"8,761278581098454","-0,06343188998895855","0,06343188998895855"
134300,Skoda,Octavia,Diesel,Automatic,Used,12739,"116,0",2017,"9,452423433109788",5,"9,369969839120897","0,08245359398889107","0,08245359398889107"
50838,Volkswagen,Caddy,Gasoline,Manual,Used,9450,"84,0",2017,"9,153770020487789",5,"9,512757336655568","-0,358987316167779","0,358987316167779"
51167,Volkswagen,Golf,Gasoline,Manual,Used,14444,"110,0",2017,"9,578034382397348",5,"9,467244940165726","0,11078944223162246","0,11078944223162246"
26100,Opel,Corsa,Gasoline,Manual,Used,8500,"90,0",2016,"9,047821442478408",6,"9,186979039511963","-0,13915759703355413","0,13915759703355413"
57600,Renault,Kadjar,Gasoline,Automatic,Used,17990,"131,0",2018,"9,79757132694458",4,"9,75272605229989","0,04484527464468968","0,04484527464468968"
104372,Volkswagen,Polo,Gasoline,Manual,Used,6990,"105,0",2013,"8,852235835227855",9,"9,008817494198869","-0,15658165897101384","0,15658165897101384"
24550,Volkswagen,Golf,Gasoline,Automatic,Used,39890,"300,0",2020,"10,593880944899452",2,"10,499430334719099","0,09445061018035261","0,09445061018035261"
100600,Volkswagen,Golf,Gasoline,Manual,Used,7900,"105,0",2013,"8,974618038455112",9,"8,99652977024459","-0,02191173178947814","0,02191173178947814"
39792,Volkswagen,Jetta,Gasoline,Manual,Used,10990,"105,0",2012,"9,304741047397666",10,"9,097600603262624","0,2071404441350424","0,2071404441350424"
15094,Renault,Captur,Gasoline,Automatic,Used,20890,"131,0",2020,"9,947025854550612",2,"9,941489908693972","0,005535945856639302","0,005535945856639302"
101536,Skoda,Superb,Diesel,Automatic,Used,11890,"170,0",2012,"9,383452989684827",10,"9,40052199677182","-0,017069007086993437","0,017069007086993437"
100465,Volkswagen,Golf Plus,Gasoline,Manual,Used,7750,"105,0",2013,"8,955448122347393",9,"8,99652977024459","-0,04108164789719737","0,04108164789719737"
12874,Volkswagen,Golf Variant,Gasoline,Manual,Employee's car,18240,"116,0",2020,"9,811372263628323",2,"9,859444348502446","-0,04807208487412318","0,04807208487412318"
61487,Ford,Focus,Diesel,Manual,Used,11950,"120,0",2015,"9,388486557359657",7,"9,355664209081526","0,03282234827813113","0,03282234827813113"
32410,Opel,Astra,Gasoline,Manual,Used,12290,"105,0",2016,"9,416541202560081",6,"9,36211107589388","0,05443012666620106","0,05443012666620106"
100,Ford,Puma,Gasoline,Manual,Pre-registered,20949,"125,0",2021,"9,949846191514146",1,"9,994980391085479","-0,0451341995713328","0,0451341995713328"
17259,Renault,Clio,Gasoline,Manual,Used,10990,"90,0",2019,"9,304741047397666",3,"9,38481260944243","-0,08007156204476296","0,08007156204476296"
94500,Volkswagen,up!,Gasoline,Manual,Used,6900,"75,0",2016,"8,83927669058535",6,"8,858377348355356","-0,01910065777000547","0,01910065777000547"
97950,Skoda,Fabia,Gasoline,Manual,Used,8460,"90,0",2017,"9,04310445260027",5,"9,051151746622386","-0,008047294022116347","0,008047294022116347"
134000,Skoda,Octavia,Diesel,Automatic,Used,11980,"150,0",2013,"9,39099387166944",9,"9,351017449936114","0,03997642173332672","0,03997642173332672"
104000,Ford,Focus,Gasoline,Manual,Used,5999,"101,0",2013,"8,699348067653093",9,"8,758681072235817","-0,05933300458272406","0,05933300458272406"
102535,Ford,Transit Connect,Diesel,Manual,Used,14470,"101,0",2017,"9,57983281962553",5,"9,321073658093212","0,2587591615323177","0,2587591615323177"
12295,Volkswagen,Tiguan,Gasoline,Automatic,Used,28490,"150,0",2020,"10,257308427491955",2,"10,168211095501988","0,08909733198996683","0,08909733198996683"
27351,Opel,Crossland X,Gasoline,Manual,Used,13290,"110,0",2018,"9,494767151707292",4,"9,585397691370527","-0,09063053966323587","0,09063053966323587"
8000,Ford,Kuga,Electric/Gasoline,Automatic,Used,34950,"224,0",2020,"10,461673747661957",2,"10,445630824584878","0,01604292307707844","0,01604292307707844"
79649,Volkswagen,Passat Variant,Diesel,Automatic,Used,18600,"150,0",2015,"9,830916859701293",7,"9,691325651011818","0,13959120868947572","0,13959120868947572"
7053,Volkswagen,Golf,Gasoline,Automatic,Employee's car,26550,"150,0",2020,"10,186785026670085",2,"10,219276906738125","-0,03249188006804005","0,03249188006804005"
65240,Opel,Meriva,Gasoline,Manual,Used,7500,"120,0",2011,"8,922658299524402",11,"8,834090879997545","0,0885674195268571","0,0885674195268571"
78790,Ford,Focus,Gasoline,Manual,Used,13490,"150,0",2016,"9,509703949201802",6,"9,524160087650323","-0,014456138448521116","0,014456138448521116"
4800,Ford,EcoSport,Gasoline,Manual,Used,18950,"125,0",2020,"9,849559210510572",2,"9,906126159968924","-0,056566949458352056","0,056566949458352056"
186600,Volkswagen,Caddy,Diesel,Manual,Used,8990,"102,0",2017,"9,103868127465667",5,"9,289474632650977","-0,1856065051853104","0,1856065051853104"
15522,Renault,Megane,Gasoline,Manual,Used,17591,"140,0",2020,"9,775142686598905",2,"9,888522255210935","-0,11337956861203047","0,11337956861203047"
160150,Ford,Mondeo,Diesel,Manual,Used,10560,"150,0",2016,"9,264828557260252",6,"9,271594287462783","-0,006765730202531017","0,006765730202531017"
100000,Ford,Kuga,Diesel,Manual,Used,13990,"150,0",2015,"9,546098067659527",7,"9,453836895197623","0,09226117246190313","0,09226117246190313"
2500,Renault,Captur,Gasoline,Manual,Demonstration,21780,"91,0",2021,"9,988747396486952",1,"9,747934356694614","0,2408130397923376","0,2408130397923376"
116000,Skoda,Fabia,Gasoline,Manual,Used,8100,"110,0",2015,"8,99961934066053",7,"9,065382411087876","-0,06576307042734619","0,06576307042734619"
122500,Opel,Zafira Tourer,Diesel,Manual,Used,10000,"136,0",2014,"9,210340371976184",8,"9,09842152466632","0,11191884730986423","0,11191884730986423"
100900,Ford,Fiesta,Gasoline,Manual,Used,4990,"97,0",2011,"8,515191188745565",11,"8,588667071373054","-0,0734758826274895","0,0734758826274895"
41490,Ford,EcoSport,Gasoline,Manual,Used,13990,"125,0",2018,"9,546098067659527",4,"9,629763952705561","-0,08366588504603456","0,08366588504603456"
95270,Opel,Insignia,Diesel,Automatic,Used,12980,"163,0",2014,"9,471164990258082",8,"9,390670741208087","0,08049424904999469","0,08049424904999469"
43,Skoda,Karoq,Gasoline,Automatic,Used,26790,"150,0",2019,"10,195783962538654",3,"10,145643834040712","0,050140128497941916","0,050140128497941916"
8572,Volkswagen,Golf,Diesel,Automatic,Used,27977,"150,0",2020,"10,239138023028598",2,"10,302544846597433","-0,06340682356883498","0,06340682356883498"
83500,Ford,Mustang,Gasoline,Manual,Used,29500,"450,0",2012,"10,292145542327912",10,"9,870606385947092","0,4215391563808204","0,4215391563808204"
32000,Opel,Corsa,Gasoline,Manual,Used,8250,"69,0",2017,"9,017968479328726",5,"9,002066302946481","0,01590217638224445","0,01590217638224445"
132000,Volkswagen,Polo,Gasoline,Manual,Used,5299,"60,0",2011,"8,575273402492762",11,"8,56110220951767","0,014171192975091174","0,014171192975091174"
96623,Volkswagen,Polo,Gasoline,Manual,Used,8499,"90,0",2016,"9,047703788498627",6,"9,000973362681124","0,04673042581750231","0,04673042581750231"
5600,Opel,Corsa,Gasoline,Manual,Demonstration,17980,"101,0",2021,"9,79701530802561",1,"9,794487365905244","0,0025279421203663333","0,0025279421203663333"
172224,Volkswagen,Passat Variant,Diesel,Automatic,Used,14390,"190,0",2016,"9,574288799881414",6,"9,644457104441802","-0,07016830456038825","0,07016830456038825"
74963,Volkswagen,Passat Variant,Gasoline,Automatic,Used,23984,"150,0",2018,"10,085142220342378",4,"9,967517375059364","0,11762484528301442","0,11762484528301442"
79900,Renault,Grand Scenic,Gasoline,Manual,Used,7888,"131,0",2013,"8,973097896282471",9,"9,007206762178145","-0,03410886589567319","0,03410886589567319"
93450,Renault,Megane,Gasoline,Manual,Used,10490,"116,0",2015,"9,258177701390343",7,"9,049502803369064","0,20867489802127892","0,20867489802127892"
10,Volkswagen,Polo,Gasoline,Manual,Employee's car,17333,"95,0",2021,"9,76036747794131",1,"9,713888503814639","0,046478974126671346","0,046478974126671346"
6600,Volkswagen,T-Roc,Diesel,Automatic,Used,27840,"150,0",2020,"10,234229114448356",2,"10,328694114259996","-0,09446499981164003","0,09446499981164003"
36000,Skoda,Octavia,Gasoline,Automatic,Used,13690,"110,0",2015,"9,524420918282495",7,"9,464422568114308","0,05999835016818622","0,05999835016818622"
11849,Ford,Fiesta,Gasoline,Manual,Used,13795,"86,0",2019,"9,532061486651386",3,"9,46579252322745","0,06626896342393707","0,06626896342393707"
98900,Volkswagen,Golf Plus,Gasoline,Manual,Used,6499,"160,0",2011,"8,77940359789435",11,"9,158031851347742","-0,37862825345339246","0,37862825345339246"
99009,Skoda,Octavia,Diesel,Manual,Used,10499,"90,0",2017,"9,259035293514941",5,"9,123294267305829","0,13574102620911255","0,13574102620911255"
67500,Opel,Astra,Gasoline,Manual,Used,11950,"150,0",2016,"9,388486557359657",6,"9,553583001874836","-0,16509644451517858","0,16509644451517858"
10,Renault,Twingo,Gasoline,Manual,Pre-registered,12470,"65,0",2021,"9,431081038674082",1,"9,431510508039453","-0,00042946936537191505","0,00042946936537191505"
77963,Opel,Combo,Diesel,Manual,Used,9950,"95,0",2016,"9,205327830152639",6,"9,130225492784335","0,0751023373683033","0,0751023373683033"
29869,Ford,Transit Courier,Diesel,Manual,Used,11440,"75,0",2017,"9,344871264933788",5,"9,18727508030753","0,15759618462625902","0,15759618462625902"
11425,Ford,Focus,Diesel,Automatic,Employee's car,24470,"150,0",2019,"10,105203156436717",3,"10,258141146519488","-0,15293799008277098","0,15293799008277098"
10,Ford,Puma,Gasoline,Automatic,Pre-registered,27750,"125,0",2021,"10,23099111917458",1,"10,063771833110081","0,16721928606449943","0,16721928606449943"
10,Renault,Clio,Gasoline,Manual,Pre-registered,16490,"91,0",2021,"9,710509415553645",1,"9,757998241642072","-0,047488826088427416","0,047488826088427416"
60000,Volkswagen,Golf Variant,Gasoline,Automatic,Used,12897,"122,0",2013,"9,464750005164392",9,"9,374576860930327","0,09017314423406475","0,09017314423406475"
95368,Skoda,Kodiaq,Gasoline,Manual,Used,23780,"150,0",2018,"10,076600170244772",4,"9,719165463167457","0,3574347070773154","0,3574347070773154"
17800,Volkswagen,Golf,Gasoline,Automatic,Used,15480,"105,0",2014,"9,647304147143718",8,"9,3892682712891","0,2580358758546186","0,2580358758546186"
214364,Volkswagen,Passat Variant,Diesel,Manual,Used,7480,"140,0",2013,"8,919988070968524",9,"9,097758189995233","-0,17777011902670914","0,17777011902670914"
141680,Opel,Astra,Diesel,Automatic,Used,8980,"136,0",2018,"9,102755161296246",4,"9,267789798137432","-0,16503463684118636","0,16503463684118636"
50,Opel,Corsa,Gasoline,Manual,Employee's car,17190,"101,0",2021,"9,752083098376895",1,"9,752865671152403","-0,0007825727755079726","0,0007825727755079726"
32000,Opel,Corsa,Diesel,Manual,Used,7800,"75,0",2015,"8,961879012677683",7,"9,04277473606112","-0,08089572338343665","0,08089572338343665"
118000,Ford,Kuga,Diesel,Manual,Used,10000,"140,0",2014,"9,210340371976184",8,"9,330069912915699","-0,11972954093951493","0,11972954093951493"
12328,Renault,ZOE,Electric,Automatic,Demonstration,13880,"69,0",2019,"9,538204234060796",3,"9,547718295377972","-0,00951406131717647","0,00951406131717647"
18000,Opel,Astra,Gasoline,Manual,Used,9500,"116,0",2016,"9,159047077588632",6,"9,42498512094108","-0,26593804335244897","0,26593804335244897"
68152,Skoda,Octavia,Gasoline,Manual,Used,11222,"105,0",2013,"9,325631416310918",9,"9,145694330562613","0,17993708574830514","0,17993708574830514"
9948,Opel,Adam,Gasoline,Manual,Used,14440,"101,0",2019,"9,577757412446818",3,"9,572385690274366","0,005371722172451854","0,005371722172451854"
10,Skoda,Fabia,Gasoline,Manual,Pre-registered,15780,"95,0",2020,"9,666498594399865",2,"9,650152669933151","0,016345924466714123","0,016345924466714123"
13605,Ford,Focus,Gasoline,Automatic,Employee's car,23250,"150,0",2020,"10,054060411015502",2,"10,165086435251276","-0,11102602423577324","0,11102602423577324"
42000,Volkswagen,up!,Gasoline,Manual,Used,6290,"60,0",2017,"8,746716349694486",5,"8,95705995253689","-0,2103436028424035","0,2103436028424035"
38360,Opel,Meriva,Gasoline,Manual,Used,11970,"140,0",2017,"9,390158798552019",5,"9,56808832937902","-0,1779295308270008","0,1779295308270008"
64000,Volkswagen,up!,Gasoline,Manual,Used,6650,"60,0",2015,"8,8023721336499",7,"8,770915149063528","0,03145698458637192","0,03145698458637192"
25900,Ford,Fiesta,Gasoline,Manual,Used,11500,"71,0",2019,"9,350102314351341",3,"9,132426956095351","0,21767535825599005","0,21767535825599005"
4447,Opel,Crossland X,Gasoline,Manual,Used,17480,"131,0",2019,"9,768812649209526",3,"9,883339654086043","-0,11452700487651768","0,11452700487651768"
117700,Volkswagen,Caddy,Diesel,Manual,Used,14700,"102,0",2018,"9,595602772766828",4,"9,543116199070674","0,05248657369615373","0,05248657369615373"
10500,Volkswagen,Golf,Gasoline,Automatic,Used,26990,"150,0",2020,"10,20322170601205",2,"10,18159610394784","0,02162560206421027","0,02162560206421027"
157379,Skoda,Octavia,Gasoline,Manual,Used,7890,"105,0",2013,"8,97335141383992",9,"8,833223736855976","0,14012767698394413","0,14012767698394413"
138329,Opel,Astra,Diesel,Automatic,Used,9480,"136,0",2018,"9,156939595249067",4,"9,318100540645117","-0,16116094539605008","0,16116094539605008"
28040,Skoda,Octavia,Gasoline,Manual,Used,13870,"86,0",2017,"9,537483513308878",5,"9,290908620339264","0,24657489296961366","0,24657489296961366"
252000,Volkswagen,Golf,Diesel,Manual,Used,5750,"140,0",2012,"8,656955133791396",10,"8,965500586289794","-0,3085454524983984","0,3085454524983984"
67800,Volkswagen,Polo,Gasoline,Manual,Used,7990,"90,0",2013,"8,98594603876032",9,"8,891536019314689","0,09441001944563077","0,09441001944563077"
1250,Renault,Twingo,Gasoline,Manual,Used,10990,"73,0",2019,"9,304741047397666",3,"9,272178247579971","0,032562799817695165","0,032562799817695165"
96043,Volkswagen,Tiguan,Diesel,Automatic,Used,22980,"150,0",2018,"10,042379551402746",4,"9,87582228847131","0,1665572629314358","0,1665572629314358"
10789,Volkswagen,Caddy,Diesel,Manual,Used,24450,"102,0",2020,"10,104385494903019",2,"10,08842632092944","0,015959173973579155","0,015959173973579155"
56000,Skoda,Citigo,Gasoline,Manual,Used,6990,"60,0",2017,"8,852235835227855",5,"8,917647500909855","-0,06541166568199941","0,06541166568199941"
40950,Ford,Ka/Ka+,Gasoline,Manual,Used,4700,"69,0",2012,"8,45531778769815",10,"8,685929916313391","-0,23061212861524183","0,23061212861524183"
17855,Renault,Twingo,Gasoline,Manual,Used,5990,"69,0",2017,"8,697846691109495",5,"9,063992232825784","-0,3661455417162891","0,3661455417162891"
57690,Skoda,Citigo,Gasoline,Manual,Used,6799,"75,0",2016,"8,82453082152646",6,"8,9665383993378","-0,14200757781133966","0,14200757781133966"
26170,Skoda,Scala,Gasoline,Automatic,Used,20490,"150,0",2020,"9,927692241232945",2,"10,11477812887434","-0,18708588764139478","0,18708588764139478"
139000,Volkswagen,Golf,Diesel,Manual,Used,6200,"105,0",2011,"8,732304571033183",11,"8,825942350570626","-0,09363777953744368","0,09363777953744368"
60200,Opel,Adam,Gasoline,Manual,Used,7200,"69,0",2015,"8,881836305004146",7,"8,825248264170162","0,05658804083398472","0,05658804083398472"
51170,Opel,Astra,Diesel,Manual,Used,12450,"95,0",2018,"9,429475901892854",4,"9,380786027776066","0,04868987411678738","0,04868987411678738"
67850,Skoda,Octavia,Gasoline,Automatic,Used,16790,"150,0",2017,"9,728538750071586",5,"9,862983822233033","-0,13444507216144785","0,13444507216144785"
110000,Renault,Megane,Gasoline,Manual,Used,5900,"116,0",2012,"8,68270762989381",10,"8,734284068856185","-0,05157643896237474","0,05157643896237474"
50500,Opel,Grandland X,Gasoline,Manual,Used,15900,"131,0",2017,"9,674074388208323",5,"9,553322376127756","0,12075201208056718","0,12075201208056718"
57744,Ford,Mondeo,Diesel,Automatic,Used,25900,"211,0",2018,"10,16199824768763",4,"10,262052582717864","-0,10005433503023475","0,10005433503023475"
153000,Volkswagen,Caddy,Diesel,Manual,Used,12000,"102,0",2012,"9,392661928770137",10,"9,04679078188243","0,34587114688770626","0,34587114688770626"
10,Renault,Clio,Gasoline,Manual,Pre-registered,16890,"91,0",2021,"9,734477009801846",1,"9,757998241642072","-0,02352123184022581","0,02352123184022581"
12328,Ford,Fiesta,Gasoline,Manual,Used,17777,"125,0",2019,"9,785660765922685",3,"9,773223479649054","0,012437286273630832","0,012437286273630832"
25,Volkswagen,Tiguan,Gasoline,Automatic,Pre-registered,31490,"150,0",2021,"10,357425314095071",1,"10,223906653671257","0,13351866042381388","0,13351866042381388"
72914,Opel,Adam,Gasoline,Manual,Used,9685,"69,0",2018,"9,178333575841096",4,"9,00375223843236","0,1745813374087355","0,1745813374087355"
112152,Volkswagen,Polo,Diesel,Manual,Used,7995,"90,0",2013,"8,986571625268054",9,"8,834162886302297","0,15240873896575735","0,15240873896575735"
162000,Opel,Agila,Gasoline,Automatic,Used,4999,"94,0",2011,"8,51699317141357",11,"8,60270237463709","-0,08570920322351938","0,08570920322351938"
90362,Skoda,Citigo,Gasoline,Manual,Used,6350,"75,0",2016,"8,756210091886738",6,"8,873452725417522","-0,11724263353078435","0,11724263353078435"
56000,Renault,Twingo,Gasoline,Manual,Used,6700,"71,0",2015,"8,809862805379057",7,"8,763251092091915","0,046611713287141754","0,046611713287141754"
10034,Renault,Captur,Gasoline,Automatic,Used,17290,"150,0",2019,"9,757883578677337",3,"10,112884245756316","-0,35500066707897915","0,35500066707897915"
48000,Ford,Fiesta,Gasoline,Manual,Used,6600,"82,0",2013,"8,794824928014517",9,"8,837225661022464","-0,042400733007946556","0,042400733007946556"
20000,Ford,Kuga,Gasoline,Manual,Used,20995,"150,0",2020,"9,952039593118293",2,"10,051292676776113","-0,09925308365781937","0,09925308365781937"
91980,Opel,Astra,Gasoline,Manual,Used,7989,"116,0",2015,"8,985820874482043",7,"9,06254108977161","-0,0767202152895674","0,0767202152895674"
183845,Volkswagen,Polo,Gasoline,Manual,Used,5190,"90,0",2012,"8,554488976159934",10,"8,563723727413462","-0,009234751253528017","0,009234751253528017"
50,Opel,Corsa,Gasoline,Automatic,Employee's car,18390,"101,0",2021,"9,819562317598367",1,"9,825208861972522","-0,005646544374155127","0,005646544374155127"
107671,Volkswagen,Golf,Diesel,Manual,Used,11280,"110,0",2015,"9,33078652505205",7,"9,126544001482031","0,20424252357001826","0,20424252357001826"
40750,Renault,ZOE,Electric,Automatic,Used,10447,"92,0",2017,"9,254070134837509",5,"9,126794564543696","0,1272755702938131","0,1272755702938131"
100,Volkswagen,Caddy,Diesel,Manual,Pre-registered,27285,"102,0",2021,"10,214092379620332",1,"10,240059795544417","-0,025967415924084136","0,025967415924084136"
3918,Opel,Corsa,Gasoline,Manual,Used,12992,"90,0",2019,"9,472089062401459",3,"9,423410325017082","0,04867873738437645","0,04867873738437645"
36800,Volkswagen,Polo,Gasoline,Manual,Used,10900,"65,0",2018,"9,296518068217235",4,"9,195726850027997","0,10079121818923831","0,10079121818923831"
139095,Skoda,Octavia,Diesel,Automatic,Used,17980,"184,0",2017,"9,79701530802561",5,"9,7873674815857","0,00964782643990958","0,00964782643990958"
20,Volkswagen,Polo,Gasoline,Automatic,Employee's car,19773,"95,0",2021,"9,892072649720829",1,"9,77036473778091","0,12170791193991803","0,12170791193991803"
50423,Volkswagen,Phaeton,Gasoline,Automatic,Used,34822,"334,0",2016,"10,458004649926544",6,"10,426189563133601","0,03181508679294254","0,03181508679294254"
4800,Volkswagen,T-Cross,Gasoline,Automatic,Demonstration,32880,"150,0",2021,"10,400619849170116",1,"10,394799048971752","0,005820800198364395","0,005820800198364395"
7547,Renault,Captur,Gasoline,Manual,Demonstration,13975,"131,0",2019,"9,5450252980233",3,"9,87563017387026","-0,3306048758469604","0,3306048758469604"
142000,Renault,Scenic,Diesel,Automatic,Used,8600,"110,0",2014,"9,0595174822416",8,"9,049204080618098","0,010313401623500695","0,010313401623500695"
65794,Skoda,Fabia,Gasoline,Manual,Used,6890,"60,0",2015,"8,837826364007704",7,"8,772526499144188","0,06529986486351547","0,06529986486351547"
91300,Skoda,Fabia,Gasoline,Manual,Used,6890,"86,0",2014,"8,837826364007704",8,"8,912568398722089","-0,07474203471438479","0,07474203471438479"
1100,Volkswagen,Polo,Gasoline,Manual,Demonstration,17950,"95,0",2021,"9,795345393916424",1,"9,762094695904542","0,03325069801188185","0,03325069801188185"
77810,Volkswagen,up!,Gasoline,Manual,Used,5900,"60,0",2014,"8,68270762989381",8,"8,689095698697052","-0,006388068803241609","0,006388068803241609"
44308,Ford,Fiesta,Gasoline,Manual,Used,9775,"86,0",2017,"9,187583384853566",5,"9,249963550070548","-0,06238016521698242","0,06238016521698242"
173500,Opel,Insignia,Diesel,Manual,Used,8900,"170,0",2015,"9,093806555720231",7,"9,117737246911224","-0,023930691190992448","0,023930691190992448"
49510,Opel,Corsa,Gasoline,Manual,Used,5400,"86,0",2012,"8,594154232552366",10,"8,853082651670151","-0,25892841911778497","0,25892841911778497"
50300,Volkswagen,up!,Gasoline,Manual,Used,6188,"60,0",2014,"8,730367211692958",8,"8,733484456113928","-0,0031172444209701666","0,0031172444209701666"
9965,Volkswagen,Golf,Diesel,Manual,Used,20980,"116,0",2019,"9,951324881950288",3,"9,922468172401707","0,028856709548580994","0,028856709548580994"
157436,Volkswagen,Caddy,LPG,Manual,Used,7999,"109,0",2014,"8,987071812848821",8,"8,98418975411035","0,0028820587384714713","0,0028820587384714713"
129255,Ford,Transit Connect,Diesel,Manual,Used,5799,"75,0",2016,"8,66544076787644",6,"8,821519209848889","-0,1560784419724488","0,1560784419724488"
183000,Opel,Antara,Diesel,Automatic,Used,6990,"184,0",2012,"8,852235835227855",10,"9,111714958967971","-0,2594791237401157","0,2594791237401157"
8144,Renault,Twingo,Gasoline,Manual,Used,10990,"90,0",2020,"9,304741047397666",2,"9,578942921191164","-0,2742018737934977","0,2742018737934977"
174000,Opel,Astra,Diesel,Manual,Used,6000,"136,0",2015,"8,699514748210191",7,"8,996327941006177","-0,2968131927959856","0,2968131927959856"
29517,Volkswagen,up!,Gasoline,Manual,Used,6898,"60,0",2017,"8,838986793496787",5,"9,00061737397491","-0,16163058047812306","0,16163058047812306"
49000,Skoda,Octavia,Diesel,Manual,Used,13931,"150,0",2013,"9,541871851706224",9,"9,468493433179745","0,0733784185264792","0,0733784185264792"
130000,Volkswagen,Passat Alltrack,Diesel,Automatic,Used,15900,"177,0",2013,"9,674074388208323",9,"9,458629689905484","0,2154446983028393","0,2154446983028393"
62112,Opel,Astra,Diesel,Manual,Used,8100,"136,0",2015,"8,99961934066053",7,"9,418222113710733","-0,4186027730502033","0,4186027730502033"
121029,Opel,Insignia,Diesel,Manual,Used,9850,"163,0",2014,"9,195226734166134",8,"9,269594856154043","-0,07436812198790932","0,07436812198790932"
174923,Opel,Astra,Diesel,Manual,Used,8480,"136,0",2018,"9,045465728785949",4,"9,142277184981324","-0,09681145619537546","0,09681145619537546"
10,Opel,Insignia,Gasoline,Automatic,Demonstration,39490,"260,0",2018,"10,583802754280695",4,"10,320843024907141","0,26295972937355394","0,26295972937355394"
221300,Skoda,Fabia,Diesel,Manual,Used,4980,"105,0",2014,"8,513185170018698",8,"8,836692367960172","-0,3235071979414741","0,3235071979414741"
62301,Renault,Captur,Diesel,Manual,Used,8900,"90,0",2015,"9,093806555720231",7,"9,149281778617304","-0,05547522289707274","0,05547522289707274"
224000,Skoda,Rapid/Spaceback,Diesel,Manual,Used,5945,"105,0",2015,"8,690305809124883",7,"8,886870018911694","-0,19656420978681055","0,19656420978681055"
30500,Volkswagen,Tiguan,Gasoline,Manual,Used,26880,"179,0",2017,"10,199137794637085",5,"9,95554335442029","0,24359444021679622","0,24359444021679622"
91441,Volkswagen,Tiguan,Diesel,Automatic,Used,24998,"190,0",2016,"10,126551100650167",6,"9,98464772900645","0,14190337164371591","0,14190337164371591"
115300,Renault,Twingo,Gasoline,Manual,Used,6990,"71,0",2016,"8,852235835227855",6,"8,662162317702197","0,19007351752565782","0,19007351752565782"
139500,Opel,Adam,Gasoline,Manual,Used,7000,"87,0",2013,"8,85366542803745",9,"8,621016779630922","0,23264864840652777","0,23264864840652777"
44482,Skoda,Fabia,Gasoline,Manual,Used,10790,"95,0",2019,"9,28637505825218",3,"9,423976123035754","-0,13760106478357415","0,13760106478357415"
44044,Ford,Fiesta,Gasoline,Manual,Used,7440,"60,0",2016,"8,914626127827137",6,"8,898442781513483","0,016183346313654923","0,016183346313654923"
95000,Volkswagen,Touran,Diesel,Manual,Used,12000,"140,0",2014,"9,392661928770137",8,"9,395729470568515","-0,003067541798378315","0,003067541798378315"
128000,Opel,Astra,Diesel,Manual,Used,7500,"110,0",2015,"8,922658299524402",7,"9,023440108855711","-0,10078180933130909","0,10078180933130909"
78618,Ford,Fiesta,Gasoline,Manual,Used,5999,"82,0",2013,"8,699348067653093",9,"8,776979777391292","-0,0776317097381991","0,0776317097381991"
22963,Volkswagen,Polo,Gasoline,Manual,Used,9850,"65,0",2018,"9,195226734166134",4,"9,262106901822222","-0,06688016765608751","0,06688016765608751"
89000,Ford,Kuga,Gasoline,Manual,Used,13550,"150,0",2014,"9,514141826307847",8,"9,375863100748768","0,13827872555907916","0,13827872555907916"
112400,Volkswagen,Crafter,Diesel,Manual,Used,9500,"109,0",2015,"9,159047077588632",7,"9,203831307009041","-0,044784229420409716","0,044784229420409716"
65625,Opel,Corsa,Gasoline,Manual,Used,5700,"69,0",2012,"8,648221453822641",10,"8,665225983233775","-0,017004529411133618","0,017004529411133618"
129000,Ford,Mondeo,Diesel,Automatic,Used,18499,"211,0",2017,"9,82547195555139",5,"9,953997553562004","-0,12852559801061503","0,12852559801061503"
188726,Ford,Transit,Diesel,Manual,Used,8700,"101,0",2012,"9,071078304642676",10,"8,801479454714492","0,26959884992818317","0,26959884992818317"
169840,Opel,Karl,LPG,Manual,Used,5780,"75,0",2018,"8,662158961666423",4,"8,671167971195313","-0,009009009528890388","0,009009009528890388"
46731,Ford,Focus,Gasoline,Manual,Used,12650,"125,0",2016,"9,445412494155667",6,"9,430600157086882","0,014812337068784487","0,014812337068784487"
56350,Renault,Twingo,Gasoline,Manual,Used,4999,"75,0",2014,"8,51699317141357",8,"8,770581908911055","-0,2535887374974841","0,2535887374974841"
76600,Skoda,Octavia,Gasoline,Manual,Used,15829,"150,0",2016,"9,669598979685738",6,"9,538777900943396","0,1308210787423416","0,1308210787423416"
50714,Ford,Mondeo,Electric/Gasoline,Automatic,Used,19900,"188,0",2019,"9,898475010712584",3,"9,967676646340067","-0,06920163562748272","0,06920163562748272"
13275,Ford,EcoSport,Gasoline,Manual,Used,16998,"125,0",2019,"9,740850969058572",3,"9,776065103888618","-0,03521413483004565","0,03521413483004565"
20,Renault,Twingo,Gasoline,Manual,Pre-registered,11480,"65,0",2021,"9,348361669873558",1,"9,4373504292856","-0,08898875941204132","0,08898875941204132"
81000,Volkswagen,up!,Gasoline,Manual,Used,7450,"75,0",2018,"8,915969311373605",4,"9,03777927207837","-0,12180996070476446","0,12180996070476446"
18460,Skoda,Scala,Gasoline,Automatic,Used,17880,"150,0",2020,"9,791438048727505",2,"10,134603429103851","-0,34316538037634636","0,34316538037634636"
11750,Volkswagen,T6 Caravelle,Diesel,Automatic,Used,37999,"150,0",2020,"10,545315122572783",2,"10,280625054086748","0,2646900684860345","0,2646900684860345"
5900,Skoda,Octavia,CNG,Automatic,Demonstration,22990,"131,0",2020,"10,042814617757227",2,"10,184890360449376","-0,14207574269214973","0,14207574269214973"
10,Renault,Clio,Gasoline,Manual,Used,16490,"91,0",2021,"9,710509415553645",1,"9,757998241642072","-0,047488826088427416","0,047488826088427416"
81300,Volkswagen,Tiguan,Diesel,Automatic,Used,26940,"150,0",2017,"10,201367449964355",5,"9,8724016071015","0,32896584286285524","0,32896584286285524"
81600,Volkswagen,Tiguan,Gasoline,Manual,Used,9880,"122,0",2011,"9,198267790741914",11,"9,032574254535673","0,16569353620624128","0,16569353620624128"
149900,Renault,Kangoo,Gasoline,Manual,Used,5999,"106,0",2012,"8,699348067653093",10,"8,750072979921649","-0,050724912268556466","0,050724912268556466"
103029,Volkswagen,Beetle,Diesel,Manual,Used,8450,"105,0",2012,"9,041921720351219",10,"8,999272073829138","0,04264964652208114","0,04264964652208114"
8206,Ford,EcoSport,Gasoline,Manual,Demonstration,16980,"125,0",2020,"9,739791459865339",2,"9,895338297452229","-0,1555468375868898","0,1555468375868898"
112000,Volkswagen,Jetta,Gasoline,Manual,Used,7800,"105,0",2013,"8,961879012677683",9,"8,980659538667126","-0,018780525989443575","0,018780525989443575"
25979,Volkswagen,Golf Sportsvan,Gasoline,Automatic,Used,18690,"110,0",2018,"9,835743900449609",4,"9,72255499423216","0,1131889062174487","0,1131889062174487"
10,Renault,Clio,Gasoline,Manual,Demonstration,16970,"91,0",2021,"9,739202358228273",1,"9,757998241642072","-0,018795883413799785","0,018795883413799785"
25774,Volkswagen,up!,Gasoline,Manual,Used,7850,"60,0",2015,"8,968268810776454",7,"8,881700304317468","0,0865685064589865","0,0865685064589865"
896,Volkswagen,,Electric,Automatic,Used,38990,"204,0",2020,"10,571060481976643",2,"10,445893427497737","0,12516705447890608","0,12516705447890608"
1850,Opel,Mokka,Gasoline,Automatic,Demonstration,26950,"131,0",2021,"10,201738576337144",1,"10,138901787616735","0,06283678872040888","0,06283678872040888"
6766,Volkswagen,T-Cross,Gasoline,Manual,Used,26222,"116,0",2019,"10,174354032059346",3,"9,814328836368984","0,36002519569036195","0,36002519569036195"
77459,Opel,Combo,Diesel,Manual,Used,8980,"95,0",2016,"9,102755161296246",6,"9,130225492784335","-0,027470331488089528","0,027470331488089528"
6470,Ford,EcoSport,Gasoline,,Used,20390,"125,0",2020,"9,922799863568502",2,"9,913976607726532","0,008823255841969413","0,008823255841969413"
78200,Ford,Fiesta,Gasoline,Manual,Used,5980,"80,0",2014,"8,696175846944678",8,"8,847082975776518","-0,15090712883183954","0,15090712883183954"
162000,Opel,Meriva,Gasoline,Manual,Used,4990,"120,0",2012,"8,515191188745565",10,"8,604220206065241","-0,08902901731967638","0,08902901731967638"
126600,Skoda,Octavia,Diesel,Manual,Used,9499,"110,0",2017,"9,158941808890182",5,"9,104281690312346","0,054660118577835703","0,054660118577835703"
61433,Volkswagen,Golf,Gasoline,Manual,Used,13450,"150,0",2015,"9,506734385029985",7,"9,494527348343784","0,012207036686200823","0,012207036686200823"
150000,Ford,Focus,Diesel,Manual,Used,6999,"120,0",2016,"8,85352256068954",6,"9,042171423121967","-0,1886488624324283","0,1886488624324283"
140600,Volkswagen,Golf GTI,Gasoline,Manual,Used,13950,"220,0",2015,"9,543234787249512",7,"9,44754624633514","0,09568854091437196","0,09568854091437196"
47000,Opel,Meriva,Gasoline,Automatic,Used,9499,"140,0",2013,"9,158941808890182",9,"9,374890732474695","-0,2159489235845129","0,2159489235845129"
50,Ford,Focus,Gasoline,Automatic,Pre-registered,23790,"150,0",2021,"10,077020603297003",1,"10,28141471518612","-0,20439411188911727","0,20439411188911727"
77000,Volkswagen,Polo,Gasoline,Manual,Used,9300,"90,0",2014,"9,137769679141348",8,"8,943332083714731","0,1944375954266171","0,1944375954266171"
50,Ford,Fiesta,Gasoline,Manual,Used,15250,"75,0",2020,"9,632334782035558",2,"9,505431006678265","0,12690377535729347","0,12690377535729347"
3500,Volkswagen,Golf,Diesel,Automatic,Demonstration,36450,"150,0",2021,"10,503696737436805",1,"10,470718112132209","0,03297862530459561","0,03297862530459561"
31500,Volkswagen,Tiguan,Gasoline,Manual,Used,19750,"150,0",2016,"9,890908770329268",6,"9,630446361003008","0,2604624093262604","0,2604624093262604"
25500,Opel,Corsa,Gasoline,Manual,Demonstration,8490,"69,0",2018,"9,046644279305394",4,"9,099632000125467","-0,05298772082007375","0,05298772082007375"
8150,Volkswagen,Golf,Electric,Automatic,Used,23990,"136,0",2020,"10,08539235583374",2,"10,09575313019","-0,010360774356259483","0,010360774356259483"
65022,Opel,Meriva,Gasoline,Manual,Used,6390,"101,0",2013,"8,762489547371581",9,"8,907382678592233","-0,14489313122065184","0,14489313122065184"
999,Renault,ZOE,Electric,Automatic,Demonstration,27410,"136,0",2020,"10,218663189296832",2,"10,121252155393142","0,09741103390368977","0,09741103390368977"
25000,Opel,Grandland X,Gasoline,Automatic,Used,24990,"131,0",2018,"10,126231023828998",4,"9,789092322192182","0,3371387016368157","0,3371387016368157"
70770,Ford,EcoSport,Diesel,Manual,Used,9950,"90,0",2015,"9,205327830152639",7,"9,099544892060448","0,10578293809219019","0,10578293809219019"
188500,Volkswagen,Golf,Gasoline,Manual,Used,4990,"105,0",2011,"8,515191188745565",11,"8,587340781757337","-0,0721495930117726","0,0721495930117726"
140472,Ford,Focus,Diesel,Manual,Used,7676,"120,0",2016,"8,94585385712759",6,"9,056190054353294","-0,11033619722570442","0,11033619722570442"
33913,Skoda,Fabia,Gasoline,Manual,Used,8990,"75,0",2017,"9,103868127465667",5,"9,095185301503834","0,008682825961832563","0,008682825961832563"
121000,Volkswagen,Golf Variant,Diesel,Manual,Used,11200,"110,0",2016,"9,323669057283185",6,"9,109566938244852","0,21410211903833343","0,21410211903833343"
42905,Opel,Adam,Gasoline,Manual,Used,9779,"87,0",2016,"9,187992508312275",6,"9,113877358733372","0,07411514957890297","0,07411514957890297"
245157,Volkswagen,Tiguan,Diesel,Automatic,Used,9500,"140,0",2012,"9,159047077588632",10,"8,838106159248758","0,3209409183398737","0,3209409183398737"
152462,Opel,Astra,Diesel,,Used,9380,"136,0",2018,"9,14633504200027",4,"9,185270581445089","-0,03893553944481809","0,03893553944481809"
32525,Ford,Fiesta,Gasoline,Manual,Used,10640,"71,0",2019,"9,272375762895635",3,"9,091377701925156","0,1809980609704791","0,1809980609704791"
20000,Skoda,Fabia,Gasoline,Manual,Used,10500,"60,0",2020,"9,259130536145614",2,"9,305485741454422","-0,04635520530880832","0,04635520530880832"
9259,Ford,Fiesta,Gasoline,Manual,Used,12990,"95,0",2020,"9,471935109664646",2,"9,672289228770463","-0,20035411910581757","0,20035411910581757"
58000,Ford,Focus,Gasoline,Manual,Used,8199,"125,0",2012,"9,011767474596178",10,"9,035056587312633","-0,02328911271645495","0,02328911271645495"
68358,Renault,Megane,Diesel,Manual,Used,11990,"110,0",2017,"9,39182824802156",5,"9,392018736247364","-0,0001904882258045859","0,0001904882258045859"
185700,Volkswagen,Touran,Diesel,Automatic,Used,8990,"105,0",2015,"9,103868127465667",7,"8,973868306495874","0,12999982096979323","0,12999982096979323"
72000,Skoda,Fabia,Gasoline,Manual,Used,7600,"90,0",2015,"8,935903526274423",7,"8,991850326717502","-0,055946800443079425","0,055946800443079425"
81200,Volkswagen,Polo,Gasoline,Manual,Used,7985,"86,0",2011,"8,985320060649112",11,"8,783081688645161","0,20223837200395067","0,20223837200395067"
22470,Volkswagen,Tiguan,Diesel,Automatic,Employee's car,33220,"150,0",2020,"10,410907383167286",2,"10,239753626214329","0,17115375695295754","0,17115375695295754"
210000,Volkswagen,Passat Variant,Diesel,Manual,Used,9350,"105,0",2013,"9,143131622282732",9,"8,757252909342126","0,38587871294060605","0,38587871294060605"
44656,Opel,Astra,Gasoline,Manual,Used,9750,"140,0",2012,"9,185022563991893",10,"9,137709876793325","0,04731268719856807","0,04731268719856807"
133180,Volkswagen,Golf Variant,Diesel,Manual,Used,8990,"105,0",2014,"9,103868127465667",8,"9,063641127925084","0,0402269995405824","0,0402269995405824"
33000,Opel,Astra,Gasoline,Manual,Used,8900,"120,0",2013,"9,093806555720231",9,"9,080693448847006","0,013113106873225533","0,013113106873225533"
65909,Opel,Insignia,Diesel,Automatic,Used,11499,"131,0",2015,"9,350015354048665",7,"9,493726255716139","-0,14371090166747358","0,14371090166747358"
67990,Skoda,,Gasoline,Automatic,Used,13850,"125,0",2017,"9,536040511615484",5,"9,64704642660853","-0,11100591499304535","0,11100591499304535"
100000,Opel,Astra,Diesel,Manual,Used,7300,"131,0",2013,"8,895629627136483",9,"9,010239863936487","-0,11461023680000437","0,11461023680000437"
24000,Renault,Clio,Gasoline,Manual,Used,8800,"90,0",2015,"9,082507000466299",7,"9,135565209078262","-0,05305820861196331","0,05305820861196331"
334000,Volkswagen,Touran,Diesel,Automatic,Used,6300,"110,0",2016,"8,748304912379623",6,"9,0137594465582","-0,265454534178577","0,265454534178577"
52000,Ford,Kuga,Gasoline,Automatic,Used,25200,"242,0",2018,"10,134599273499514",4,"10,168594569164393","-0,033995295664878356","0,033995295664878356"
103104,Volkswagen,up!,Gasoline,Manual,Used,5795,"60,0",2015,"8,664750755773852",7,"8,65874763663605","0,006003119137801605","0,006003119137801605"
112500,Skoda,Citigo,Gasoline,Manual,Used,5200,"60,0",2014,"8,556413904569519",8,"8,626155981897792","-0,06974207732827331","0,06974207732827331"
25041,Volkswagen,Polo,Gasoline,Manual,Used,12295,"65,0",2019,"9,416947954650293",3,"9,303512858681753","0,11343509596854062","0,11343509596854062"
61695,Skoda,Superb,Gasoline,Automatic,Used,22378,"150,0",2018,"10,015833612367667",4,"9,973825935676757","0,042007676690909435","0,042007676690909435"
4500,Opel,Mokka X,Gasoline,Manual,Used,19950,"140,0",2018,"9,90098442231801",4,"9,777676814066242","0,12330760825176768","0,12330760825176768"
18819,Volkswagen,Golf,Diesel,Automatic,Used,24900,"150,0",2020,"10,1226230824528",2,"10,238267873218023","-0,1156447907652236","0,1156447907652236"
61434,Ford,C-Max,Gasoline,Manual,Used,9850,"125,0",2014,"9,195226734166134",8,"9,22618200115574","-0,030955266989606045","0,030955266989606045"
117000,Volkswagen,Polo,Gasoline,Manual,Used,6380,"90,0",2012,"8,760923376338836",10,"8,676748604372003","0,08417477196683265","0,08417477196683265"
25870,Ford,Transit Custom,Diesel,Manual,Employee's car,25990,"131,0",2020,"10,165467127635536",2,"10,05104779263771","0,11441933499782486","0,11441933499782486"
117700,Ford,Focus,Diesel,Manual,Used,9900,"120,0",2016,"9,20029003612268",6,"9,154485443310866","0,04580459281181426","0,04580459281181426"
143600,Volkswagen,Golf,Diesel,Manual,Used,5799,"105,0",2012,"8,66544076787644",10,"8,877131904932913","-0,2116911370564729","0,2116911370564729"
43506,Volkswagen,up!,Gasoline,Manual,Used,7930,"60,0",2018,"8,978408314628894",4,"8,972462796221532","0,005945518407362016","0,005945518407362016"
129200,Volkswagen,Golf,Diesel,Automatic,Used,14950,"184,0",2014,"9,612466578818832",8,"9,61449743768177","-0,0020308588629376345","0,0020308588629376345"
124660,Opel,Astra,Gasoline,Manual,Used,6590,"120,0",2013,"8,793308627496552",9,"8,818875252567578","-0,025566625071025584","0,025566625071025584"
16000,Ford,Focus,Gasoline,Automatic,Used,22490,"182,0",2019,"10,020826044953361",3,"10,114866188472948","-0,094040143519587","0,094040143519587"
49700,Renault,Scenic,Diesel,Manual,Used,15990,"131,0",2017,"9,679718805828",5,"9,690852767373578","-0,01113396154557833","0,01113396154557833"
50,Volkswagen,Polo,Gasoline,Manual,Used,17685,"95,0",2021,"9,780472101639582",1,"9,716314462333369","0,0641576393062131","0,0641576393062131"
26595,Volkswagen,Tiguan,Diesel,Automatic,Used,37879,"239,0",2017,"10,542152147796324",5,"10,436609935590637","0,10554221220568749","0,10554221220568749"
170000,Ford,C-Max,Diesel,Manual,Used,5690,"116,0",2013,"8,646465527120377",9,"8,748243201725666","-0,10177767460528919","0,10177767460528919"
66500,Volkswagen,up!,Gasoline,Manual,Used,12890,"116,0",2018,"9,464207095933233",4,"9,548072645942684","-0,08386555000945073","0,08386555000945073"
111857,Volkswagen,Passat Variant,Diesel,Manual,Used,15770,"150,0",2017,"9,665864679957084",5,"9,615000711300986","0,050863968656097214","0,050863968656097214"
25325,Opel,Corsa,Gasoline,Manual,Used,12790,"101,0",2018,"9,456418894572888",4,"9,391913696324227","0,06450519824866063","0,06450519824866063"
100000,Skoda,Fabia,Gasoline,Manual,Used,5500,"86,0",2011,"8,612503371220562",11,"8,719416365020688","-0,10691299380012609","0,10691299380012609"
93500,Opel,Zafira,Gasoline,Manual,Used,8100,"140,0",2013,"8,99961934066053",9,"9,12049590719391","-0,1208765665333793","0,1208765665333793"
10,Ford,Tourneo,Diesel,Automatic,Pre-registered,37562,"185,0",2021,"10,533748180040883",1,"10,578393292552722","-0,044645112511839","0,044645112511839"
10,Volkswagen,Tiguan,Gasoline,Automatic,Employee's car,33490,"190,0",2021,"10,41900216578825",1,"10,515644538313557","-0,09664237252530761","0,09664237252530761"
24413,Ford,C-Max,Gasoline,Manual,Used,15990,"125,0",2019,"9,679718805828",3,"9,729491656893053","-0,049772851065053914","0,049772851065053914"
10955,Ford,Tourneo Connect,Gasoline,Manual,Employee's car,20298,"101,0",2020,"9,918277638008764",2,"9,65012056307925","0,2681570749295137","0,2681570749295137"
74000,Volkswagen,Golf,Gasoline,Manual,Used,13490,"125,0",2015,"9,509703949201802",7,"9,311423222918181","0,19828072628362037","0,19828072628362037"
24362,Opel,Mokka X,Gasoline,Manual,Used,18990,"140,0",2018,"9,85166780380633",4,"9,69177074619493","0,15989705761140094","0,15989705761140094"
130251,Ford,Mondeo,Diesel,Manual,Used,10990,"200,0",2013,"9,304741047397666",9,"9,270324853929148","0,034416193468517875","0,034416193468517875"
65767,Skoda,Octavia,Gasoline,Manual,Used,10400,"140,0",2014,"9,249561085129464",8,"9,282874809383525","-0,03331372425406087","0,03331372425406087"
93100,Opel,Astra,Diesel,Manual,Used,11500,"110,0",2016,"9,350102314351341",6,"9,233272111079327","0,11683020327201454","0,11683020327201454"
93500,Volkswagen,Tiguan,Diesel,Automatic,Used,26380,"190,0",2018,"10,180361426271306",4,"10,091407481349476","0,08895394492182973","0,08895394492182973"
45376,Renault,Kangoo,Diesel,Manual,Used,11330,"90,0",2018,"9,335209354022052",4,"9,293197816975423","0,04201153704662808","0,04201153704662808"
7859,Renault,Clio,Gasoline,Manual,Used,14450,"101,0",2019,"9,578449693540579",3,"9,59211350120863","-0,013663807668050865","0,013663807668050865"
79000,Volkswagen,Polo,Gasoline,Manual,Used,6200,"60,0",2012,"8,732304571033183",10,"8,630891791250074","0,10141277978310903","0,10141277978310903"
148766,Opel,Zafira,Diesel,Manual,Used,11480,"135,0",2018,"9,348361669873558",4,"9,228757087824537","0,11960458204902125","0,11960458204902125"
14737,Ford,Focus,Gasoline,Automatic,Used,24290,"182,0",2020,"10,097820021996219",2,"10,161370789853283","-0,06355076785706437","0,06355076785706437"
4500,Opel,Corsa,Gasoline,Manual,Used,12499,"90,0",2019,"9,433403920090221",3,"9,427641635485315","0,0057622846049056875","0,0057622846049056875"
73427,Ford,Fiesta,Gasoline,Manual,Used,9970,"101,0",2017,"9,207335862955883",5,"9,192922031118782","0,014413831837101654","0,014413831837101654"
11253,Renault,Captur,Gasoline,Automatic,Used,18690,"150,0",2019,"9,835743900449609",3,"10,101677560660347","-0,26593366021073805","0,26593366021073805"
126000,Opel,Astra,Diesel,Manual,Used,9400,"110,0",2017,"9,148464968258095",5,"9,111597990769999","0,03686697748809564","0,03686697748809564"
144000,Opel,Astra,Gasoline,Manual,Used,6680,"101,0",2013,"8,806873266530692",9,"8,697907836665912","0,10896542986477975","0,10896542986477975"
13519,Ford,Focus,Diesel,Manual,Used,16996,"120,0",2019,"9,740733301234702",3,"9,91166277094644","-0,17092946971173895","0,17092946971173895"
108820,Opel,Corsa,Gasoline,Manual,Used,5990,"86,0",2014,"8,697846691109495",8,"8,857775929360342","-0,1599292382508466","0,1599292382508466"
114164,Ford,Focus,Gasoline,Manual,Used,7990,"125,0",2012,"8,98594603876032",10,"8,836394841178583","0,14955119758173652","0,14955119758173652"
114084,Ford,Kuga,Diesel,Automatic,Used,13490,"140,0",2014,"9,509703949201802",8,"9,437857328311908","0,07184662088989313","0,07184662088989313"
84867,Opel,Corsa,Gasoline,Manual,Used,8500,"101,0",2015,"9,047821442478408",7,"8,984796713276223","0,06302472920218527","0,06302472920218527"
148954,Opel,Astra,Diesel,Manual,Used,9480,"110,0",2018,"9,156939595249067",4,"9,078081781194587","0,07885781405448","0,07885781405448"
120000,Ford,Transit Connect,Diesel,Manual,Used,8590,"95,0",2016,"9,0583540149783",6,"8,940917377799858","0,11743663717844299","0,11743663717844299"
2500,Renault,Megane,Electric/Gasoline,Automatic,Demonstration,34660,"158,0",2021,"10,453341563269596",1,"10,487064281168882","-0,033722717899285826","0,033722717899285826"
81500,Ford,Kuga,Diesel,Manual,Used,12950,"140,0",2014,"9,468851067127684",8,"9,443341757292643","0,02550930983504074","0,02550930983504074"
35199,Ford,Edge,Diesel,Manual,Used,27490,"179,0",2018,"10,221577581159291",4,"10,079759353422942","0,14181822773634956","0,14181822773634956"
447,Volkswagen,Polo,Gasoline,Automatic,Employee's car,24930,"150,0",2021,"10,123827176517604",1,"10,344724411957774","-0,22089723544016948","0,22089723544016948"
68000,Volkswagen,Golf,Diesel,Manual,Used,11499,"110,0",2015,"9,350015354048665",7,"9,305198424461286","0,044816929587378596","0,044816929587378596"
20538,Volkswagen,Caddy,Diesel,Manual,Used,16278,"75,0",2019,"9,697569781886987",3,"9,414283664205755","0,28328611768123224","0,28328611768123224"
155000,Volkswagen,Golf,Diesel,Manual,Used,8999,"110,0",2016,"9,104868739033948",6,"8,993679856419476","0,11118888261447246","0,11118888261447246"
105867,Opel,Astra,Gasoline,Manual,Used,5990,"140,0",2011,"8,697846691109495",11,"8,845826718050525","-0,1479800269410294","0,1479800269410294"
139324,Volkswagen,Touran,Gasoline,Manual,Used,7600,"105,0",2011,"8,935903526274423",11,"8,79481557053793","0,14108795573649324","0,14108795573649324"
53500,Volkswagen,Polo,Gasoline,Manual,Used,9890,"75,0",2016,"9,199279424616758",6,"8,978821479792513","0,2204579448242452","0,2204579448242452"
54042,Volkswagen,up!,Gasoline,Manual,Used,6350,"60,0",2014,"8,756210091886738",8,"8,73223111254406","0,023978979342677675","0,023978979342677675"
19990,Renault,ZOE,Electric,Automatic,Used,8990,"88,0",2016,"9,103868127465667",6,"9,070105901691836","0,033762225773831034","0,033762225773831034"
50,Ford,Puma,Gasoline,Automatic,Pre-registered,25350,"125,0",2020,"10,14053400901933",2,"10,028688300263735","0,1118457087555953","0,1118457087555953"
9396,Volkswagen,T-Roc,Gasoline,Manual,Employee's car,26650,"150,0",2020,"10,19054442959399",2,"10,106541800333186","0,08400262926080337","0,08400262926080337"
168678,Ford,S-Max,Diesel,Manual,Used,9480,"150,0",2016,"9,156939595249067",6,"9,270778918785227","-0,11383932353616011","0,11383932353616011"
125000,Opel,Astra,Gasoline,Manual,Used,5500,"87,0",2012,"8,612503371220562",10,"8,571182535773","0,04132083544756249","0,04132083544756249"
65000,Opel,Meriva,Gasoline,Manual,Used,9800,"120,0",2015,"9,190137664658664",7,"9,188048201849549","0,002089462809115261","0,002089462809115261"
86000,Opel,Corsa,Gasoline,Manual,Used,5999,"69,0",2015,"8,699348067653093",7,"8,752561678621671","-0,05321361096857835","0,05321361096857835"
63155,Skoda,Citigo,Gasoline,Manual,Used,6390,"75,0",2014,"8,762489547371581",8,"8,767936643241562","-0,0054470958699806005","0,0054470958699806005"
100,Skoda,Fabia,Gasoline,Manual,Pre-registered,12890,"60,0",2021,"9,464207095933233",1,"9,532040413074462","-0,06783331714122909","0,06783331714122909"
28989,Renault,Megane,Gasoline,Manual,Used,16900,"140,0",2019,"9,735068900911164",3,"9,739077034372187","-0,004008133461022467","0,004008133461022467"
35736,Ford,Focus,Diesel,Manual,Used,15990,"95,0",2019,"9,679718805828",3,"9,516323901291331","0,16339490453666805","0,16339490453666805"
11250,Opel,Karl,Gasoline,Manual,Used,9950,"73,0",2018,"9,205327830152639",4,"9,185776633421701","0,019551196730937193","0,019551196730937193"
58390,Renault,ZOE,Electric,Automatic,Used,6888,"92,0",2016,"8,837536046107568",6,"8,977617547255587","-0,14008150114801943","0,14008150114801943"
120000,Volkswagen,Golf,Diesel,Automatic,Used,10800,"110,0",2015,"9,287301413112312",7,"9,194996204941093","0,09230520817121857","0,09230520817121857"
36100,Volkswagen,up!,CNG,Manual,Used,6350,"68,0",2014,"8,756210091886738",8,"8,789169525991356","-0,03295943410461888","0,03295943410461888"
88250,Opel,Astra,Diesel,Manual,Used,14390,"136,0",2016,"9,574288799881414",6,"9,318542650693908","0,25574614918750527","0,25574614918750527"
64027,Volkswagen,Polo,Diesel,Manual,Used,9550,"75,0",2016,"9,164296433474776",6,"9,05654311554086","0,10775331793391629","0,10775331793391629"
59000,Ford,Fiesta,Gasoline,Manual,Used,11450,"182,0",2013,"9,345745008982385",9,"9,415220581540057","-0,06947557255767123","0,06947557255767123"
87000,Ford,Fiesta,Gasoline,Manual,Used,7680,"80,0",2013,"8,946374826141717",9,"8,73411729386828","0,21225753227343702","0,21225753227343702"
31000,Volkswagen,CC,Gasoline,Automatic,Used,17990,"211,0",2013,"9,79757132694458",9,"9,857881586415516","-0,0603102594709366","0,0603102594709366"
119290,Opel,Astra,Gasoline,Manual,Used,6900,"116,0",2016,"8,83927669058535",6,"9,064757886357317","-0,22548119577196601","0,22548119577196601"
123591,Skoda,Octavia,Diesel,Automatic,Used,12280,"150,0",2016,"9,415727201701133",6,"9,553124351266002","-0,13739714956486893","0,13739714956486893"
75,Skoda,Fabia,Gasoline,Manual,Pre-registered,15690,"95,0",2021,"9,660778845727078",1,"9,729767420274085","-0,06898857454700646","0,06898857454700646"
8542,Ford,Puma,Gasoline,Manual,Employee's car,22750,"155,0",2020,"10,032320424379096",2,"10,078026651908871","-0,04570622752977549","0,04570622752977549"
126843,Opel,Zafira Tourer,Diesel,Automatic,Used,9980,"131,0",2016,"9,20833836930551",6,"9,284961483922801","-0,07662311461729132","0,07662311461729132"
20,Skoda,Citigo,Gasoline,Manual,Used,12288,"75,0",2019,"9,416378455387454",3,"9,415396380680196","0,0009820747072577518","0,0009820747072577518"
8210,Volkswagen,Golf,Gasoline,Manual,Employee's car,22850,"131,0",2020,"10,036706396322352",2,"9,959747990311747","0,07695840601060411","0,07695840601060411"
149870,Skoda,Octavia,Diesel,Automatic,Used,10199,"150,0",2014,"9,230044955250518",8,"9,321484569927085","-0,0914396146765668","0,0914396146765668"
20,Renault,Kadjar,Gasoline,Automatic,Pre-registered,27890,"158,0",2021,"10,236023480621535",1,"10,308809665580423","-0,072786184958888","0,072786184958888"
93230,Opel,Astra,Gasoline,Manual,Used,8490,"120,0",2014,"9,046644279305394",8,"9,04427175268287","0,0023725266225227415","0,0023725266225227415"
80000,Ford,S-Max,Diesel,Manual,Used,16499,"150,0",2017,"9,711055051991444",5,"9,74995175339554","-0,038896701404096845","0,038896701404096845"
72365,Renault,Clio,Gasoline,Manual,Used,5490,"75,0",2012,"8,610683534503575",10,"8,636937542251196","-0,02625400774762099","0,02625400774762099"
17650,Ford,Fiesta,Gasoline,Manual,Used,9600,"101,0",2016,"9,169518377455928",6,"9,28751792237835","-0,11799954492242293","0,11799954492242293"
2430,Ford,Puma,Electric/Gasoline,Manual,Employee's car,21980,"125,0",2020,"9,997888227957612",2,"9,902018869780857","0,09586935817675446","0,09586935817675446"
50,Opel,Combo,Diesel,Manual,Pre-registered,21551,"102,0",2021,"9,978177498167572",1,"10,212819518743112","-0,2346420205755404","0,2346420205755404"
232000,Volkswagen,Passat Variant,Diesel,Manual,Used,6900,"140,0",2013,"8,83927669058535",9,"9,047019749982502","-0,207743059397151","0,207743059397151"
110000,Opel,Corsa,Gasoline,Manual,Used,9100,"101,0",2019,"9,116029692504942",3,"9,161920954327433","-0,04589126182249181","0,04589126182249181"
33000,Volkswagen,Polo,Gasoline,Manual,Used,9900,"60,0",2016,"9,20029003612268",6,"8,904268530777399","0,2960215053452817","0,2960215053452817"
41700,Renault,Twingo,Gasoline,Manual,Used,8950,"90,0",2016,"9,099408811268901",6,"9,143369313306838","-0,04396050203793678","0,04396050203793678"
10,Ford,EcoSport,Gasoline,Manual,Pre-registered,18290,"125,0",2021,"9,814109741384911",1,"9,984552876152263","-0,17044313476735162","0,17044313476735162"
101639,Volkswagen,Golf,Gasoline,Automatic,Used,8990,"122,0",2011,"9,103868127465667",11,"9,03600530541116","0,06786282205450611","0,06786282205450611"
151000,Volkswagen,Touran,Diesel,Automatic,Used,10800,"140,0",2014,"9,287301413112312",8,"9,293292202639408","-0,0059907895270967515","0,0059907895270967515"
100700,Volkswagen,Polo,Gasoline,Manual,Used,5490,"60,0",2011,"8,610683534503575",11,"8,60007684923625","0,010606685267324778","0,010606685267324778"
17246,Volkswagen,Passat Variant,Gasoline,Automatic,Used,39989,"272,0",2019,"10,59635969527664",3,"10,516349842136037","0,08000985314060216","0,08000985314060216"
65988,Opel,Corsa,Diesel,Manual,Used,5950,"75,0",2013,"8,691146498539675",9,"8,834434421676274","-0,1432879231365991","0,1432879231365991"
93000,Opel,Agila,Gasoline,Manual,Used,5000,"94,0",2011,"8,517193191416238",11,"8,572104585573655","-0,05491139415741664","0,05491139415741664"
80909,Ford,Focus,Gasoline,Manual,Used,9540,"101,0",2017,"9,163248764442333",5,"9,143589173504077","0,019659590938255533","0,019659590938255533"
181888,Skoda,Octavia,Diesel,Automatic,Used,8700,"150,0",2016,"9,071078304642676",6,"9,264626906032634","-0,1935486013899581","0,1935486013899581"
100,Skoda,Fabia,Gasoline,Manual,Pre-registered,15480,"95,0",2021,"9,647304147143718",1,"9,73442442279029","-0,08712027564657276","0,08712027564657276"
11428,Renault,Twingo,Gasoline,Manual,Used,9990,"92,0",2020,"9,2093398716426",2,"9,40246430438293","-0,19312443274032987","0,19312443274032987"
37000,Opel,Adam,Gasoline,Manual,Used,9900,"101,0",2017,"9,20029003612268",5,"9,283059913175858","-0,08276987705317751","0,08276987705317751"
250000,Opel,Insignia,Diesel,Automatic,Used,6700,"131,0",2015,"8,809862805379057",7,"8,864919510719426","-0,05505670534036966","0,05505670534036966"
55000,Renault,ZOE,Electric,Automatic,Used,6300,"58,0",2015,"8,748304912379623",7,"8,908708349922003","-0,16040343754237973","0,16040343754237973"
160000,Volkswagen,Golf,Diesel,Manual,Used,5999,"105,0",2012,"8,699348067653093",10,"8,834521262348645","-0,1351731946955521","0,1351731946955521"
13852,Ford,Focus,Diesel,Automatic,Used,19500,"120,0",2019,"9,878169744551839",3,"10,033712110122742","-0,15554236557090384","0,15554236557090384"
115800,Ford,Focus,Gasoline,Manual,Used,9480,"150,0",2014,"9,156939595249067",8,"9,245645577805357","-0,0887059825562897","0,0887059825562897"
169000,Opel,Zafira,Gasoline,Manual,Used,5400,"116,0",2011,"8,594154232552366",11,"8,516818112244852","0,07733612030751402","0,07733612030751402"
1500,Volkswagen,Golf,Diesel,Automatic,Used,38970,"150,0",2021,"10,570547398332755",1,"10,47628542026833","0,09426197806442538","0,09426197806442538"
111000,Renault,Megane,Diesel,Manual,Used,5999,"106,0",2012,"8,699348067653093",10,"8,936703435986072","-0,2373553683329792","0,2373553683329792"
26213,Volkswagen,up!,Gasoline,Manual,Used,10460,"90,0",2017,"9,255313737618915",5,"9,25409032708448","0,0012234105344344215","0,0012234105344344215"
158878,Volkswagen,Passat Variant,Diesel,Manual,Used,7900,"105,0",2014,"8,974618038455112",8,"8,971141025511557","0,003477012943555735","0,003477012943555735"
83000,Volkswagen,Golf,Diesel,Manual,Used,9999,"110,0",2015,"9,21024036697585",7,"9,199192724008602","0,011047642967247029","0,011047642967247029"
26301,Volkswagen,Tiguan,Gasoline,Manual,Used,19990,"125,0",2017,"9,902987427494446",5,"9,561718425387529","0,3412690021069178","0,3412690021069178"
123000,Volkswagen,Golf Sportsvan,Gasoline,Manual,Used,10990,"110,0",2015,"9,304741047397666",7,"9,035646219141741","0,2690948282559251","0,2690948282559251"
6500,Renault,Twingo,Gasoline,Manual,Demonstration,9995,"92,0",2019,"9,209840246934501",3,"9,336587065986672","-0,12674681905217078","0,12674681905217078"
11,Renault,Twingo,Gasoline,Manual,Pre-registered,11890,"65,0",2021,"9,383452989684827",1,"9,43905523820407","-0,05560224851924289","0,05560224851924289"
55586,Volkswagen,up!,Gasoline,Manual,Used,6790,"60,0",2016,"8,823206220552741",6,"8,85605098426166","-0,03284476370891909","0,03284476370891909"
120103,Renault,Scenic,Gasoline,Manual,Used,5370,"116,0",2012,"8,58858318750291",10,"8,690292950301496","-0,10170976279858479","0,10170976279858479"
69000,Ford,Transit Courier,Diesel,Manual,Used,9990,"95,0",2017,"9,2093398716426",5,"9,23310278051705","-0,023762908874450872","0,023762908874450872"
125805,Volkswagen,Golf Variant,Gasoline,Manual,Used,6499,"86,0",2012,"8,77940359789435",10,"8,685284689682097","0,094118908212252","0,094118908212252"
32380,Volkswagen,up!,Gasoline,Manual,Used,6990,"60,0",2018,"8,852235835227855",4,"8,98302042257321","-0,1307845873453548","0,1307845873453548"
43750,Ford,Kuga,Gasoline,Manual,Used,11490,"150,0",2013,"9,3492323708428",9,"9,375751813880257","-0,026519443037456014","0,026519443037456014"
50496,Volkswagen,up!,Gasoline,Manual,Used,6000,"75,0",2012,"8,699514748210191",10,"8,630650167387177","0,06886458082301417","0,06886458082301417"
9985,Volkswagen,Golf Sportsvan,Gasoline,Manual,Used,19680,"116,0",2019,"9,887358170606245",3,"9,784423743768578","0,10293442683766685","0,10293442683766685"
75500,Opel,Combo,Diesel,Manual,Used,7490,"95,0",2015,"8,921324076511265",7,"9,06184996467934","-0,14052588816807443","0,14052588816807443"
111000,Skoda,Octavia,Gasoline,Manual,Used,7690,"122,0",2012,"8,94767606249969",10,"9,000670952936222","-0,052994890436531605","0,052994890436531605"
65747,Volkswagen,Golf,Electric/Gasoline,Automatic,Used,17979,"204,0",2015,"9,796959689126295",7,"9,878206113239768","-0,08124642411347338","0,08124642411347338"
60679,Opel,Corsa,Gasoline,Manual,Used,8000,"69,0",2016,"8,987196820661973",6,"8,881845594836504","0,10535122582546919","0,10535122582546919"
62000,Volkswagen,up!,Gasoline,Manual,Used,5449,"60,0",2017,"8,603187384583098",5,"8,8991630680505","-0,2959756834674021","0,2959756834674021"
99999,Volkswagen,up!,Gasoline,Semi-automatic,Used,6390,"60,0",2013,"8,762489547371581",9,"8,57306472873904","0,189424818632542","0,189424818632542"
10,Skoda,Fabia,Gasoline,Manual,Used,14185,"95,0",2021,"9,559940347242952",1,"9,713888503814639","-0,15394815657168692","0,15394815657168692"
47765,Opel,Corsa,Gasoline,Manual,Used,5790,"69,0",2014,"8,663887570567042",8,"8,765161922428266","-0,10127435186122469","0,10127435186122469"
6500,Ford,Puma,Gasoline,Manual,Used,18490,"125,0",2020,"9,82498532438117",2,"9,913976607726532","-0,08899128334536144","0,08899128334536144"
94034,Ford,Focus,Gasoline,Manual,Used,8470,"150,0",2012,"9,0442857876461",10,"9,122457241827489","-0,07817145418138871","0,07817145418138871"
38719,Renault,Megane,Gasoline,Manual,Used,15590,"140,0",2020,"9,654384962051822",2,"9,788012215321356","-0,13362725326953395","0,13362725326953395"
13644,Volkswagen,Caddy,Gasoline,Manual,Used,19460,"125,0",2018,"9,876116355739995",4,"9,70029438999909","0,17582196574090503","0,17582196574090503"
83200,Ford,Fiesta,Gasoline,Manual,Used,9500,"101,0",2017,"9,159047077588632",5,"9,136082292665092","0,022964784923539483","0,022964784923539483"
100000,Opel,Astra,Diesel,Manual,Used,10990,"160,0",2016,"9,304741047397666",6,"9,336262122551688","-0,03152107515402136","0,03152107515402136"
81426,Renault,Modus,Gasoline,Manual,Used,5990,"75,0",2013,"8,697846691109495",9,"8,684516552351976","0,013330138757519094","0,013330138757519094"
41790,Volkswagen,Golf Plus,Gasoline,Manual,Used,6400,"80,0",2011,"8,764053269347762",11,"8,755784914526517","0,008268354821245438","0,008268354821245438"
179700,Ford,Grand C-Max,Diesel,Manual,Used,5500,"116,0",2013,"8,612503371220562",9,"8,755295098768398","-0,1427917275478361","0,1427917275478361"
110000,Volkswagen,Golf,Diesel,Manual,Used,10980,"116,0",2018,"9,30383071506352",4,"9,40050157974136","-0,09667086467783825","0,09667086467783825"
115500,Volkswagen,up!,Gasoline,Manual,Used,5190,"75,0",2014,"8,554488976159934",8,"8,67528163311145","-0,1207926569515152","0,1207926569515152"
23090,Ford,Mondeo,Diesel,Manual,Employee's car,25990,"150,0",2019,"10,165467127635536",3,"10,100696922792103","0,06477020484343221","0,06477020484343221"
19612,Opel,Adam,Gasoline,,Used,12497,"87,0",2019,"9,433243894485784",3,"9,394386734583815","0,03885715990196914","0,03885715990196914"
9874,Skoda,Fabia,Gasoline,Manual,Used,12490,"110,0",2019,"9,432683603119623",3,"9,704829646405926","-0,27214604328630365","0,27214604328630365"
73400,Skoda,Octavia,Gasoline,Automatic,Used,7700,"122,0",2012,"8,948975607841776",10,"9,252989989476747","-0,3040143816349712","0,3040143816349712"
41000,Opel,Corsa,Gasoline,Manual,Used,5800,"69,0",2015,"8,66561319653451",7,"8,859360589729052","-0,19374739319454193","0,19374739319454193"
100,Renault,ZOE,Electric,Automatic,Pre-registered,14180,"58,0",2020,"9,559587800086119",2,"9,507654818110085","0,05193298197603369","0,05193298197603369"
86879,Volkswagen,Tiguan,Gasoline,Automatic,Used,20790,"150,0",2016,"9,942227380852058",6,"9,686966167166048","0,2552612136860102","0,2552612136860102"
102000,Ford,Fiesta,Gasoline,Manual,Used,6990,"80,0",2014,"8,852235835227855",8,"8,764229923536966","0,0880059116908889","0,0880059116908889"
14457,Ford,Fiesta,Gasoline,Manual,Used,13795,"86,0",2019,"9,532061486651386",3,"9,476110777140313","0,05595070951107317","0,05595070951107317"
85000,Opel,Corsa,Gasoline,Manual,Used,5975,"86,0",2012,"8,695339376799712",10,"8,752597000952829","-0,05725762415311664","0,05725762415311664"
16956,Ford,Fiesta,Gasoline,Manual,Used,12896,"86,0",2019,"9,464672464746409",3,"9,456597627494615","0,00807483725179381","0,00807483725179381"
37433,Renault,Megane,Gasoline,Manual,Used,14950,"140,0",2019,"9,612466578818832",3,"9,719890686203033","-0,10742410738420105","0,10742410738420105"
7376,Volkswagen,Golf,Gasoline,Automatic,Employee's car,26990,"150,0",2020,"10,20322170601205",2,"10,203173666258003","4,803975404676919e-05","4,803975404676919e-05"
38800,Ford,B-Max,Gasoline,Automatic,Used,11490,"105,0",2014,"9,3492323708428",8,"9,341966344876017","0,007266025966783829","0,007266025966783829"
18500,Renault,ZOE,Electric,,Used,8050,"88,0",2017,"8,99342737041261",5,"9,106964295571391","-0,11353692515878144","0,11353692515878144"
10,Volkswagen,Polo,Gasoline,Manual,Employee's car,17333,"95,0",2021,"9,76036747794131",1,"9,713888503814639","0,046478974126671346","0,046478974126671346"
223000,Ford,S-Max,Diesel,Automatic,Used,7490,"200,0",2012,"8,921324076511265",10,"8,93200972754317","-0,010685651031904442","0,010685651031904442"
61600,Opel,Corsa,Gasoline,Manual,Used,8490,"90,0",2018,"9,046644279305394",4,"9,209754683773792","-0,16311040446839797","0,16311040446839797"
16250,Ford,Mondeo,Diesel,Manual,Employee's car,19480,"150,0",2019,"9,877143577196525",3,"10,1199322069087","-0,24278862971217485","0,24278862971217485"
10526,Volkswagen,Golf,Diesel,Manual,Used,24830,"116,0",2019,"10,119807878502213",3,"9,909276794979457","0,2105310835227563","0,2105310835227563"
116000,Volkswagen,Golf,Gasoline,Manual,Used,6890,"105,0",2011,"8,837826364007704",11,"8,846100274400271","-0,00827391039256753","0,00827391039256753"
168193,Ford,Mondeo,Diesel,Automatic,Used,10480,"150,0",2016,"9,257223957875032",6,"9,306833380057611","-0,04960942218257891","0,04960942218257891"
57000,Volkswagen,Golf,Diesel,Automatic,Used,15390,"110,0",2015,"9,641473226832925",7,"9,42923757368998","0,21223565314294568","0,21223565314294568"
84350,Opel,Agila,Gasoline,Manual,Used,4990,"94,0",2011,"8,515191188745565",11,"8,603726810781014","-0,08853562203544918","0,08853562203544918"
100,Skoda,Kamiq,Gasoline,Manual,Used,17790,"95,0",2021,"9,786391780659882",1,"9,73442442279029","0,05196735786959117","0,05196735786959117"
56269,Opel,Astra,Diesel,Manual,Used,14990,"136,0",2016,"9,615138591096644",6,"9,473912424963698","0,14122616613294525","0,14122616613294525"
96000,Renault,Clio,Diesel,Manual,Used,6200,"75,0",2014,"8,732304571033183",8,"8,840874226252273","-0,10856965521909068","0,10856965521909068"
99000,Opel,Insignia,Gasoline,Manual,Used,8990,"140,0",2012,"9,103868127465667",10,"8,99732608791515","0,10654203955051678","0,10654203955051678"
21949,Renault,Megane,Diesel,Manual,Used,11591,"110,0",2018,"9,357984213888745",4,"9,622325450702515","-0,2643412368137703","0,2643412368137703"
18000,Opel,Adam,Gasoline,Manual,Used,8750,"87,0",2017,"9,07680897935166",5,"9,262233314343224","-0,18542433499156274","0,18542433499156274"
41000,Opel,Corsa,Gasoline,Manual,Used,5999,"69,0",2013,"8,699348067653093",9,"8,749199676852598","-0,049851609199505376","0,049851609199505376"
32000,Opel,Adam,Gasoline,Manual,Used,8500,"87,0",2017,"9,047821442478408",5,"9,205375088814451","-0,15755364633604252","0,15755364633604252"
106699,Renault,Clio,Gasoline,Manual,Used,8970,"90,0",2016,"9,101640955052842",6,"8,934672478173665","0,16696847687917682","0,16696847687917682"
98509,Opel,Astra,Diesel,Manual,Used,8480,"110,0",2017,"9,045465728785949",5,"9,215930243754178","-0,1704645149682289","0,1704645149682289"
110000,Opel,Zafira,Diesel,Automatic,Used,8480,"170,0",2019,"9,045465728785949",3,"9,79632114280542","-0,7508554140194708","0,7508554140194708"
99700,Volkswagen,Beetle,Diesel,Manual,Used,14450,"105,0",2014,"9,578449693540579",8,"9,177166344501593","0,40128334903898555","0,40128334903898555"
47357,Ford,Kuga,Diesel,Automatic,Used,24500,"179,0",2017,"10,106428396532818",5,"10,078827601233447","0,027600795299370873","0,027600795299370873"
5,Opel,Crossland X,Gasoline,Manual,Pre-registered,27480,"131,0",2021,"10,221213746336286",1,"10,081495812908157","0,13971793342812866","0,13971793342812866"
73770,Volkswagen,up!,Gasoline,Manual,Used,7740,"60,0",2017,"8,954156966583772",5,"8,869291484699223","0,0848654818845489","0,0848654818845489"
135000,Renault,ZOE,Electric,Automatic,Used,4880,"58,0",2015,"8,492900498847193",7,"8,71703855167419","-0,22413805282699606","0,22413805282699606"
26800,Renault,ZOE,Electric,Automatic,Used,6990,"92,0",2015,"8,852235835227855",7,"8,95675966425533","-0,10452382902747459","0,10452382902747459"
24500,Volkswagen,Golf,Gasoline,Manual,Demonstration,27580,"150,0",2019,"10,224846151347293",3,"9,946210507257389","0,2786356440899045","0,2786356440899045"
138000,Opel,Astra,Diesel,Manual,Used,6999,"110,0",2015,"8,85352256068954",7,"9,002033980647537","-0,14851141995799821","0,14851141995799821"
147797,Opel,Meriva,Diesel,Manual,Used,5400,"131,0",2012,"8,594154232552366",10,"8,778562964395578","-0,18440873184321127","0,18440873184321127"
167000,Renault,Kangoo,Diesel,Manual,Used,6500,"90,0",2015,"8,779557455883728",7,"8,782810963382138","-0,0032535074984103574","0,0032535074984103574"
74844,Opel,Corsa,Gasoline,Manual,Used,7399,"90,0",2016,"8,90910013492555",6,"9,052454699591033","-0,1433545646654828","0,1433545646654828"
120597,Renault,Megane,Gasoline,Manual,Used,5290,"131,0",2011,"8,573573524852344",11,"8,668694807478579","-0,0951212826262342","0,0951212826262342"
8000,Volkswagen,Golf,Gasoline,Automatic,Demonstration,28850,"150,0",2020,"10,269865271936245",2,"10,197551352775722","0,0723139191605231","0,0723139191605231"
24705,Opel,Corsa,Gasoline,Manual,Used,8990,"90,0",2015,"9,103868127465667",7,"9,146066252922562","-0,0421981254568955","0,0421981254568955"
94036,Ford,Focus,Gasoline,Manual,Used,8480,"101,0",2014,"9,045465728785949",8,"8,893017780624234","0,15244794816171492","0,15244794816171492"
53400,Volkswagen,Polo,Diesel,Automatic,Used,11900,"90,0",2014,"9,38429367909962",8,"9,209266783592312","0,1750268955073082","0,1750268955073082"
99095,Opel,Astra,Diesel,Manual,Used,9990,"110,0",2017,"9,2093398716426",5,"9,22962448832929","-0,02028461668668946","0,02028461668668946"
53977,Opel,Corsa,Gasoline,Manual,Used,6399,"87,0",2013,"8,76389700713946",9,"8,830246883278242","-0,06634987613878174","0,06634987613878174"
206000,Volkswagen,Touran,Diesel,Automatic,Used,6900,"140,0",2015,"8,83927669058535",7,"9,19350504590145","-0,3542283553160992","0,3542283553160992"
160432,Volkswagen,Passat Variant,Diesel,Automatic,Used,9940,"170,0",2011,"9,20432229965062",11,"9,221212315123035","-0,016890015472414532","0,016890015472414532"
44002,Ford,Fiesta,Gasoline,Manual,Used,14990,"140,0",2018,"9,615138591096644",4,"9,665638225366857","-0,050499634270213534","0,050499634270213534"
40000,Ford,Fiesta,Gasoline,Manual,Used,8850,"71,0",2017,"9,088172738001974",5,"9,020761726880705","0,06741101112126913","0,06741101112126913"
123000,Ford,Transit,Diesel,Manual,Used,8850,"95,0",2014,"9,088172738001974",8,"8,810472415729611","0,27770032227236285","0,27770032227236285"
21429,Opel,Corsa,Gasoline,Manual,Used,8990,"69,0",2018,"9,103868127465667",4,"9,127363138680515","-0,023495011214848205","0,023495011214848205"
42220,Opel,Astra,Gasoline,Automatic,Used,12990,"105,0",2018,"9,471935109664646",4,"9,593715196130866","-0,12178008646622018","0,12178008646622018"
7,Volkswagen,Golf,Gasoline,Automatic,Used,25770,"150,0",2021,"10,15696630364641",1,"10,298542508265673","-0,14157620461926257","0,14157620461926257"
14355,Skoda,Octavia,CNG,Automatic,Used,19995,"131,0",2019,"9,90323752128092",3,"10,061620155017128","-0,15838263373620798","0,15838263373620798"
116000,Opel,Astra,Gasoline,Manual,Used,5200,"101,0",2011,"8,556413904569519",11,"8,603773016723858","-0,0473591121543393","0,0473591121543393"
6902,Skoda,Karoq,Diesel,Automatic,Demonstration,34990,"190,0",2020,"10,462817585361734",2,"10,469243915954278","-0,006426330592544716","0,006426330592544716"
94100,Renault,Twingo,Gasoline,Manual,Used,4950,"69,0",2016,"8,507142855562735",6,"8,799382703977201","-0,29223984841446615","0,29223984841446615"
75077,Ford,Ka/Ka+,Gasoline,Manual,Used,7650,"86,0",2016,"8,942460926820582",6,"9,186472847896834","-0,24401192107625214","0,24401192107625214"
36062,Ford,Focus,Diesel,Automatic,Used,13370,"120,0",2016,"9,500768670095988",6,"9,63869050130227","-0,1379218312062811","0,1379218312062811"
100,Renault,Twingo,Gasoline,Manual,Pre-registered,10080,"65,0",2021,"9,21830854162536",1,"9,433508798112669","-0,215200256487309","0,215200256487309"
60899,Volkswagen,Polo,Gasoline,Manual,Used,6990,"60,0",2015,"8,852235835227855",7,"8,78847775295396","0,06375808227389435","0,06375808227389435"
26094,Volkswagen,Golf,Gasoline,Automatic,Demonstration,27194,"150,0",2018,"10,210751639715632",4,"10,008926693184835","0,20182494653079708","0,20182494653079708"
5259,Ford,Kuga,Electric/Gasoline,Automatic,Employee's car,34985,"152,0",2020,"10,462674677179997",2,"10,349815908507676","0,11285876867232147","0,11285876867232147"
25,Ford,S-Max,Diesel,Automatic,Pre-registered,29260,"150,0",2021,"10,283976674574115",1,"10,36794975694263","-0,08397308236851586","0,08397308236851586"
48000,Opel,Adam,Gasoline,Manual,Used,7990,"69,0",2016,"8,98594603876032",6,"8,908080340936678","0,07786569782364161","0,07786569782364161"
103000,Ford,C-Max,Gasoline,Manual,Used,9790,"125,0",2015,"9,189116735524555",7,"9,17402823203789","0,015088503486666127","0,015088503486666127"
1001,Renault,Twingo,Gasoline,Manual,Demonstration,13380,"65,0",2021,"9,50151633368222",1,"9,43426787711596","0,06724845656625966","0,06724845656625966"
72570,Volkswagen,Passat Variant,Diesel,Manual,Used,15695,"150,0",2016,"9,661097469276054",6,"9,677181897065141","-0,01608442778908703","0,01608442778908703"
8300,Opel,,Gasoline,Manual,Used,19900,"131,0",2020,"9,898475010712584",2,"9,959747990311747","-0,061272979599163335","0,061272979599163335"
6,Volkswagen,T-Cross,Gasoline,Automatic,Pre-registered,23790,"110,0",2021,"10,077020603297003",1,"10,073863194971818","0,0031574083251850737","0,0031574083251850737"
93218,Ford,Mondeo,Diesel,Manual,Used,12950,"120,0",2018,"9,468851067127684",4,"9,442644635741985","0,026206431385698892","0,026206431385698892"
114260,Volkswagen,Golf,Diesel,Manual,Used,9450,"110,0",2015,"9,153770020487789",7,"9,100418229253181","0,05335179123460776","0,05335179123460776"
152000,Ford,C-Max,Diesel,Automatic,Used,5990,"140,0",2011,"8,697846691109495",11,"9,088277213826892","-0,39043052271739676","0,39043052271739676"
361000,Ford,Transit Connect,Diesel,Manual,Used,5500,"95,0",2014,"8,612503371220562",8,"8,662585140902722","-0,05008176968216027","0,05008176968216027"
189000,Volkswagen,Sharan,Diesel,Manual,Used,11300,"170,0",2011,"9,332558004700433",11,"8,980165051244297","0,3523929534561354","0,3523929534561354"
164580,Volkswagen,Golf,Diesel,Manual,Used,8200,"110,0",2016,"9,011889433252344",6,"8,980342983635545","0,03154644961679942","0,03154644961679942"
73812,Volkswagen,Golf,Diesel,Manual,Used,10930,"110,0",2016,"9,299266581170585",6,"9,339508028571132","-0,040241447400546804","0,040241447400546804"
41000,Skoda,Citigo,Gasoline,Manual,Used,7800,"60,0",2016,"8,961879012677683",6,"8,89900335942709","0,06287565325059319","0,06287565325059319"
51308,Ford,S-Max,Diesel,Automatic,Used,24899,"209,0",2017,"10,122582921003769",5,"10,226268948302003","-0,1036860272982345","0,1036860272982345"
202000,Volkswagen,T5 Transporter,Diesel,Manual,Used,9300,"102,0",2013,"9,137769679141348",9,"8,969095554907932","0,16867412423341577","0,16867412423341577"
67000,Volkswagen,up!,Gasoline,Manual,Used,5599,"60,0",2014,"8,630343289348893",8,"8,704898535015472","-0,07455524566657878","0,07455524566657878"
19180,Ford,Fiesta,Gasoline,Manual,Used,9480,"71,0",2018,"9,156939595249067",4,"9,145980932337613","0,010958662911454198","0,010958662911454198"
28000,Opel,Corsa,Gasoline,Manual,Used,6750,"87,0",2013,"8,817297783866575",9,"8,927154068630367","-0,10985628476379183","0,10985628476379183"
12,Opel,Corsa,Gasoline,Manual,Pre-registered,15990,"75,0",2020,"9,679718805828",2,"9,51292610285724","0,16679270297075988","0,16679270297075988"
8450,Volkswagen,ID.3,Electric,Automatic,Used,34450,"204,0",2020,"10,447264276441805",2,"10,44164969479182","0,005614581649984629","0,005614581649984629"
85520,Opel,Astra,Gasoline,Manual,Used,7990,"140,0",2013,"8,98594603876032",9,"9,155745477666432","-0,1697994389061126","0,1697994389061126"
5000,Skoda,Fabia,Gasoline,Manual,Demonstration,15000,"95,0",2019,"9,615805480084347",3,"9,603993377835861","0,011812102248486056","0,011812102248486056"
120000,Renault,Clio,Diesel,Manual,Used,5990,"90,0",2015,"8,697846691109495",7,"8,89687329660435","-0,19902660549485418","0,19902660549485418"
18400,Volkswagen,up!,Gasoline,Manual,Used,7770,"60,0",2016,"8,958025443361693",6,"8,944223067167599","0,013802376194094634","0,013802376194094634"
129900,Opel,Astra,Diesel,Manual,Used,6950,"110,0",2015,"8,846496938558838",7,"9,026652739511489","-0,18015580095265094","0,18015580095265094"
35427,Renault,Megane,Gasoline,Automatic,Used,19980,"205,0",2017,"9,902487052202545",5,"10,104185600302138","-0,20169854809959276","0,20169854809959276"
22324,Renault,ZOE,Electric,Automatic,Used,9088,"92,0",2017,"9,114710140960932",5,"9,163313855969236","-0,04860371500830318","0,04860371500830318"
59980,Opel,Cascada,Gasoline,Manual,Used,12490,"120,0",2014,"9,432683603119623",8,"9,13580582511261","0,296877778007012","0,296877778007012"
69000,Ford,B-Max,Gasoline,Manual,Used,7495,"101,0",2013,"8,921991410536698",9,"8,901987254447896","0,02000415608880246","0,02000415608880246"
163250,Skoda,Octavia,Diesel,Automatic,Used,11650,"150,0",2016,"9,363061458993847",6,"9,308023401960183","0,0550380570336646","0,0550380570336646"
18459,Volkswagen,Golf GTI,Gasoline,Automatic,Used,28960,"245,0",2018,"10,273670846499652",4,"10,282289140546919","-0,008618294047266772","0,008618294047266772"
38000,Renault,Clio,Gasoline,Manual,Used,7600,"73,0",2014,"8,935903526274423",8,"8,84206290261813","0,09384062365629298","0,09384062365629298"
9500,Volkswagen,Touran,Gasoline,Automatic,Used,31870,"150,0",2020,"10,369420407411383",2,"10,195525141640083","0,1738952657713","0,1738952657713"
9395,Ford,Focus,Diesel,Automatic,Employee's car,21990,"150,0",2020,"9,998343083548807",2,"10,304582791129118","-0,3062397075803105","0,3062397075803105"
195741,Volkswagen,Jetta,Diesel,Manual,Used,8500,"140,0",2011,"9,047821442478408",11,"8,943499077078735","0,10432236539967299","0,10432236539967299"
43725,Ford,Ka/Ka+,Gasoline,Manual,Used,6499,"69,0",2013,"8,77940359789435",9,"8,744506330997282","0,03489726689706707","0,03489726689706707"
100000,Volkswagen,Golf Variant,Diesel,Manual,Used,13600,"150,0",2015,"9,517825071724143",7,"9,453836895197623","0,06398817652651978","0,06398817652651978"
18400,Renault,Trafic,Diesel,Manual,Used,19400,"120,0",2020,"9,87302834505142",2,"9,968328324200565","-0,09529997914914468","0,09529997914914468"
257500,Volkswagen,Golf,Diesel,Manual,Used,7499,"110,0",2015,"8,92252495730139",7,"8,803470269231722","0,11905468806966724","0,11905468806966724"
36577,Opel,Insignia,Gasoline,Automatic,Used,19980,"165,0",2018,"9,902487052202545",4,"9,941201678349305","-0,03871462614675991","0,03871462614675991"
99500,Volkswagen,Golf,Gasoline,Manual,Used,12490,"160,0",2011,"9,432683603119623",11,"9,184022474186923","0,24866112893269943","0,24866112893269943"
9830,Ford,Tourneo Connect,Diesel,Manual,Used,25750,"120,0",2020,"10,156189906091882",2,"10,033723879990344","0,122466026101538","0,122466026101538"
30990,Ford,Fiesta,Gasoline,Automatic,Used,11690,"101,0",2016,"9,366489054466115",6,"9,330981073868857","0,03550798059725757","0,03550798059725757"
50,Renault,Clio,Gasoline,Manual,Pre-registered,15980,"91,0",2021,"9,679093219320265",1,"9,767192390035317","-0,08809917071505247","0,08809917071505247"
60798,Volkswagen,Touran,Gasoline,Manual,Used,16666,"110,0",2016,"9,721125994942152",6,"9,367422688791295","0,353703306150857","0,353703306150857"
10,Opel,Astra,Gasoline,Manual,Pre-registered,19450,"131,0",2021,"9,875602349046593",1,"10,050345140553048","-0,17474279150645522","0,17474279150645522"
56000,Renault,Twingo,Gasoline,Manual,Used,6400,"69,0",2017,"8,764053269347762",5,"8,967148366711026","-0,20309509736326348","0,20309509736326348"
46302,Volkswagen,up!,Gasoline,Manual,Used,7590,"60,0",2017,"8,934586870389676",5,"8,941418142576639","-0,006831272186962778","0,006831272186962778"
25590,Renault,Clio,Gasoline,Manual,Used,9790,"76,0",2019,"9,189116735524555",3,"9,273130683733157","-0,08401394820860197","0,08401394820860197"
136400,Volkswagen,Arteon,Diesel,Automatic,Used,28500,"239,0",2018,"10,257659366256743",4,"10,17688513636271","0,0807742298940326","0,0807742298940326"
51408,Skoda,Rapid/Spaceback,Gasoline,Manual,Used,8220,"90,0",2016,"9,014325488050225",6,"9,125687867380138","-0,111362379329913","0,111362379329913"
65157,Opel,Astra,Gasoline,Manual,Used,8900,"101,0",2016,"9,093806555720231",6,"9,132123105509674","-0,03831654978944243","0,03831654978944243"
52057,Volkswagen,Tiguan,Gasoline,Manual,Used,13999,"125,0",2015,"9,546741177474825",7,"9,356334510458861","0,19040666701596365","0,19040666701596365"
35100,Ford,Mondeo,Diesel,Automatic,Employee's car,26980,"150,0",2020,"10,202851129761747",2,"10,222296052701973","-0,019444922940225595","0,019444922940225595"
89000,Volkswagen,Golf,Gasoline,Manual,Used,7599,"105,0",2011,"8,935771938669784",11,"8,919582124567787","0,016189814101997158","0,016189814101997158"
79433,Opel,Vivaro,Diesel,Manual,Used,14990,"120,0",2017,"9,615138591096644",5,"9,358744270935878","0,2563943201607657","0,2563943201607657"
11518,Renault,ZOE,Electric,Automatic,Used,14990,"69,0",2020,"9,615138591096644",2,"9,726464207875228","-0,11132561677858455","0,11132561677858455"
10250,Opel,Grandland X,Gasoline,Automatic,Used,24990,"131,0",2019,"10,126231023828998",3,"9,922887695389653","0,20334332843934533","0,20334332843934533"
86333,Skoda,Fabia,Gasoline,Manual,Used,9550,"90,0",2016,"9,164296433474776",6,"9,015201693375664","0,1490947400991125","0,1490947400991125"
57471,Skoda,Octavia,Gasoline,Manual,Used,10450,"86,0",2015,"9,254357257392957",7,"9,181652942273978","0,07270431511897968","0,07270431511897968"
114800,Volkswagen,CC,Gasoline,Manual,Used,11700,"160,0",2014,"9,367344120785848",8,"9,372420354584095","-0,005076233798247287","0,005076233798247287"
13227,Opel,Adam,Gasoline,Manual,Used,12897,"87,0",2019,"9,464750005164392",3,"9,435650838601628","0,02909916656276401","0,02909916656276401"
183000,Volkswagen,Touran,Diesel,Automatic,Used,8800,"140,0",2011,"9,082507000466299",11,"8,943189896108098","0,13931710435820044","0,13931710435820044"
106895,Ford,Galaxy,Diesel,Manual,Used,12399,"140,0",2012,"9,425371103179842",10,"9,194354953823805","0,2310161493560372","0,2310161493560372"
89180,Renault,Megane,Diesel,Manual,Used,6000,"106,0",2011,"8,699514748210191",11,"8,916099417797078","-0,2165846695868865","0,2165846695868865"
14,Skoda,Kodiaq,Diesel,Automatic,Pre-registered,34790,"150,0",2021,"10,457085268145988",1,"10,412149601769173","0,044935666376815675","0,044935666376815675"
87620,Volkswagen,Caddy,Diesel,Manual,Used,13495,"102,0",2016,"9,510074525452104",6,"9,708999256913785","-0,19892473146168044","0,19892473146168044"
9045,Ford,Fiesta,Gasoline,Manual,Used,11450,"71,0",2018,"9,345745008982385",4,"9,211872577354152","0,1338724316282338","0,1338724316282338"
53000,Opel,Corsa,Gasoline,Automatic,Used,7300,"101,0",2012,"8,895629627136483",10,"8,965575318658217","-0,06994569152173469","0,06994569152173469"
10,Ford,Tourneo Connect,Diesel,Manual,Used,27650,"120,0",2021,"10,22738100695048",1,"10,130550729116692","0,09683027783378861","0,09683027783378861"
144120,Skoda,Octavia,Gasoline,Manual,Used,6500,"105,0",2012,"8,779557455883728",10,"8,825486811207522","-0,045929355323794496","0,045929355323794496"
92600,Volkswagen,Polo,Gasoline,Manual,Used,7500,"105,0",2011,"8,922658299524402",11,"8,899957676967837","0,02270062255656491","0,02270062255656491"
91500,Opel,Zafira Tourer,Diesel,Manual,Used,9990,"136,0",2016,"9,2093398716426",6,"9,298688939752175","-0,08934906810957521","0,08934906810957521"
50000,Ford,B-Max,Gasoline,Manual,Used,10290,"101,0",2015,"9,238927828828094",7,"9,115711006391951","0,1232168224361434","0,1232168224361434"
27757,Skoda,Karoq,Gasoline,Automatic,Employee's car,23999,"150,0",2020,"10,085767441795337",2,"10,060150438399013","0,025617003396323668","0,025617003396323668"
59200,Opel,Adam,Gasoline,Manual,Used,8600,"87,0",2016,"9,0595174822416",6,"9,066545139082903","-0,007027656841303909","0,007027656841303909"
58700,Renault,Megane,Gasoline,Manual,Used,12890,"132,0",2017,"9,464207095933233",5,"9,521800384259265","-0,057593288326032166","0,057593288326032166"
201953,Volkswagen,Golf Variant,Diesel,Manual,Used,5000,"105,0",2011,"8,517193191416238",11,"8,683312711900259","-0,16611952048402046","0,16611952048402046"
32900,Volkswagen,Passat Alltrack,Diesel,Automatic,Used,29990,"190,0",2018,"10,308619271743055",4,"10,308506862254369","0,00011240948868618261","0,00011240948868618261"
60000,Opel,Grandland X,Gasoline,Manual,Used,15990,"131,0",2017,"9,679718805828",5,"9,530827074202096","0,14889173162590374","0,14889173162590374"
90,Volkswagen,T6 Transporter,Diesel,Manual,Used,29550,"110,0",2021,"10,293839022834245",1,"10,144540429663243","0,14929859317100203","0,14929859317100203"
140050,Opel,Corsa,Gasoline,Manual,Used,5590,"87,0",2014,"8,628734566149145",8,"8,67098594322568","-0,04225137707653559","0,04225137707653559"
11127,Opel,Mokka X,Gasoline,Automatic,Used,17660,"152,0",2017,"9,77905747415795",5,"10,002391099732073","-0,2233336255741225","0,2233336255741225"
178500,Volkswagen,Golf,Gasoline,Automatic,Used,9499,"122,0",2011,"9,158941808890182",11,"8,73847583492414","0,42046597396604213","0,42046597396604213"
157525,Renault,Megane,Diesel,Manual,Used,6490,"110,0",2015,"8,778017809698136",7,"8,944719201796717","-0,16670139209858092","0,16670139209858092"
153910,Ford,Mondeo,Diesel,Automatic,Used,12980,"211,0",2015,"9,471164990258082",7,"9,56301889770963","-0,09185390745154898","0,09185390745154898"
77000,Skoda,Octavia,Gasoline,Automatic,Used,8790,"122,0",2011,"9,081369990679223",11,"9,117756423266826","-0,03638643258760332","0,03638643258760332"
120000,Renault,Twingo,Gasoline,Manual,Used,5499,"69,0",2018,"8,612321536507814",4,"8,786035800304214","-0,1737142637964002","0,1737142637964002"
1450,Opel,Corsa,Electric,Automatic,Demonstration,40048,"136,0",2021,"10,597834013671555",1,"10,282888308512474","0,31494570515908116","0,31494570515908116"
950,Opel,Crossland,Gasoline,Manual,Demonstration,23740,"131,0",2021,"10,07491666816366",1,"10,081496208741411","-0,006579540577751786","0,006579540577751786"
58552,Skoda,Fabia,Gasoline,Manual,Used,10350,"60,0",2016,"9,244741798693514",6,"8,849921669916212","0,39482012877730277","0,39482012877730277"
72999,Opel,Corsa,Gasoline,Manual,Used,7990,"90,0",2015,"8,98594603876032",7,"8,99237030985104","-0,006424271090720524","0,006424271090720524"
89000,Ford,Focus,Gasoline,Manual,Used,7750,"101,0",2016,"8,955448122347393",6,"9,05756063688763","-0,10211251454023618","0,10211251454023618"
87200,Renault,Scenic,Gasoline,Manual,Used,9250,"132,0",2015,"9,132378830506472",7,"9,225403113672021","-0,09302428316554945","0,09302428316554945"
81376,Ford,Focus,Diesel,Manual,Used,7880,"95,0",2016,"8,972083182851925",6,"9,09579414964959","-0,12371096679766502","0,12371096679766502"
55362,Renault,Kadjar,Diesel,Automatic,Used,13800,"110,0",2015,"9,532423871145296",7,"9,442530802926337","0,08989306821895937","0,08989306821895937"
6000,Volkswagen,T-Cross,Gasoline,Automatic,Used,20990,"116,0",2020,"9,951801412814678",2,"10,023862828357542","-0,07206141554286383","0,07206141554286383"
98520,Skoda,Yeti,Gasoline,Automatic,Used,9790,"105,0",2013,"9,189116735524555",9,"9,16044154596291","0,028675189561646164","0,028675189561646164"
65500,Volkswagen,Golf Sportsvan,Gasoline,Automatic,Used,16490,"125,0",2017,"9,710509415553645",5,"9,648190095695355","0,062319319858289646","0,062319319858289646"
149500,Volkswagen,Tiguan,Diesel,Automatic,Used,16990,"184,0",2016,"9,740380214665977",6,"9,645175743051864","0,09520447161411383","0,09520447161411383"
53355,Volkswagen,up!,Gasoline,Manual,Used,7490,"60,0",2017,"8,921324076511265",5,"8,926057809382659","-0,00473373287139367","0,00473373287139367"
33400,Volkswagen,Tiguan,Gasoline,Automatic,Used,27350,"150,0",2019,"10,216471807850127",3,"10,044854092525352","0,17161771532477488","0,17161771532477488"
118500,Opel,Corsa,Diesel,Manual,Used,6800,"95,0",2015,"8,824677891164198",7,"8,865825330685604","-0,041147439521406426","0,041147439521406426"
1100,Volkswagen,T-Roc,Gasoline,Manual,Demonstration,28950,"116,0",2021,"10,273325483001141",1,"9,985488574976689","0,2878369080244525","0,2878369080244525"
10,Opel,Corsa,Gasoline,Manual,Pre-registered,11877,"75,0",2021,"9,38235903577424",1,"9,546698029367429","-0,16433899359318893","0,16433899359318893"
106128,Volkswagen,Polo,Gasoline,Manual,Used,5250,"60,0",2013,"8,565983355585669",9,"8,616234690014444","-0,05025133442877561","0,05025133442877561"
83900,Volkswagen,Golf,Diesel,Automatic,Used,13150,"110,0",2015,"9,48417703760591",7,"9,322065050353247","0,16211198725266307","0,16211198725266307"
98555,Volkswagen,Passat Variant,Diesel,Automatic,Used,16633,"150,0",2017,"9,719143952790535",5,"9,767279716439514","-0,04813576364897898","0,04813576364897898"
42599,Volkswagen,Golf,Gasoline,Manual,Used,7750,"86,0",2013,"8,955448122347393",9,"8,949957763408511","0,005490358938882167","0,005490358938882167"
138916,Ford,Focus,Gasoline,Manual,Used,6999,"105,0",2013,"8,85352256068954",9,"8,944790388195495","-0,09126782750595552","0,09126782750595552"
10820,Ford,Fiesta,Diesel,Manual,Used,11650,"95,0",2016,"9,363061458993847",6,"9,424817755929531","-0,06175629693568396","0,06175629693568396"
31415,Opel,Grandland X,Gasoline,Manual,Used,18800,"131,0",2019,"9,84161214881804",3,"9,741185922908748","0,10042622590929184","0,10042622590929184"
61062,Volkswagen,Touran,Diesel,Automatic,Used,26300,"190,0",2019,"10,177324218165856",3,"10,23533051386425","-0,05800629569839444","0,05800629569839444"
122542,Opel,Astra,Gasoline,Manual,Used,7690,"140,0",2013,"8,94767606249969",9,"9,006688120642922","-0,05901205814323163","0,05901205814323163"
200000,Opel,Astra,Diesel,Automatic,Used,5490,"165,0",2011,"8,610683534503575",11,"8,807170750504675","-0,19648721600109909","0,19648721600109909"
21363,Volkswagen,Tiguan,Diesel,Automatic,Employee's car,39890,"190,0",2020,"10,593880944899452",2,"10,408459349834915","0,18542159506453615","0,18542159506453615"
10,Opel,Mokka,Gasoline,Automatic,Pre-registered,27340,"131,0",2021,"10,216106110277941",1,"10,072729591623522","0,14337651865441892","0,14337651865441892"
124729,Volkswagen,Golf,Diesel,Manual,Used,8480,"110,0",2014,"9,045465728785949",8,"9,00942974862421","0,03603598016173848","0,03603598016173848"
175000,Opel,Zafira,Diesel,Manual,Used,5990,"125,0",2015,"8,697846691109495",7,"9,124356255846642","-0,4265095647371471","0,4265095647371471"
41908,Ford,S-Max,Diesel,Automatic,Used,24650,"179,0",2017,"10,112532179470836",5,"10,112738230598682","-0,00020605112784544133","0,00020605112784544133"
133000,Volkswagen,Polo,Gasoline,Manual,Used,5900,"90,0",2013,"8,68270762989381",9,"8,71663778883153","-0,03393015893771967","0,03393015893771967"
45511,Volkswagen,Golf,Gasoline,Automatic,Used,24900,"230,0",2018,"10,1226230824528",4,"10,217315377814902","-0,094692295362103","0,094692295362103"
197500,Volkswagen,Caddy,Diesel,Manual,Used,9980,"102,0",2016,"9,20833836930551",6,"9,282228543688705","-0,07389017438319456","0,07389017438319456"
8,Skoda,Karoq,Gasoline,Automatic,Pre-registered,28990,"150,0",2021,"10,274706221915702",1,"10,298542508265673","-0,023836286349970592","0,023836286349970592"
36000,Renault,Kangoo,Diesel,Manual,Used,11043,"110,0",2019,"9,30955202204713",3,"9,658925849881529","-0,3493738278343983","0,3493738278343983"
67000,Ford,EcoSport,Gasoline,Manual,Used,9890,"125,0",2015,"9,199279424616758",7,"9,3151487835176","-0,11586935890084149","0,11586935890084149"
115000,Opel,Meriva,Gasoline,Manual,Used,6500,"140,0",2011,"8,779557455883728",11,"8,830607574990953","-0,051050119107225456","0,051050119107225456"
85000,Volkswagen,Polo,Gasoline,Manual,Used,7990,"75,0",2015,"8,98594603876032",7,"8,81740091092777","0,16854512783254982","0,16854512783254982"
15,Ford,Focus,Gasoline,Manual,Pre-registered,30490,"280,0",2021,"10,3251540399823",1,"10,408299494431136","-0,08314545444883592","0,08314545444883592"
89480,Volkswagen,Touareg,Diesel,Automatic,Used,22600,"204,0",2015,"10,025705185260378",7,"10,158081426983534","-0,13237624172315599","0,13237624172315599"
71409,Opel,Adam,Gasoline,Manual,Used,9490,"69,0",2018,"9,157993891603974",4,"9,004331223747561","0,15366266785641258","0,15366266785641258"
10000,Volkswagen,Golf,Gasoline,Manual,Demonstration,28890,"150,0",2020,"10,27125079346028",2,"10,093309582089317","0,17794121137096397","0,17794121137096397"
166791,Opel,Meriva,Diesel,Automatic,Used,5990,"101,0",2012,"8,697846691109495",10,"8,888591028822702","-0,1907443377132072","0,1907443377132072"
150000,Opel,Insignia,Diesel,Manual,Used,8950,"163,0",2013,"9,099408811268901",9,"9,095441792720333","0,003967018548568291","0,003967018548568291"
125,Volkswagen,Golf,Gasoline,Manual,Employee's car,24680,"150,0",2021,"10,113748478019325",1,"10,192370461651612","-0,07862198363228678","0,07862198363228678"
117000,Ford,Fiesta,Gasoline,Manual,Used,6378,"80,0",2014,"8,760609847570002",8,"8,74751999475892","0,013089852811082991","0,013089852811082991"
38688,Ford,Kuga,Gasoline,Manual,Used,19490,"150,0",2019,"9,877656792501606",3,"9,887955698028865","-0,010298905527259095","0,010298905527259095"
116250,Volkswagen,Golf,Gasoline,Automatic,Used,7899,"122,0",2011,"8,97449144816442",11,"9,03294524480963","-0,05845379664521033","0,05845379664521033"
107800,Ford,Focus,Diesel,Manual,Used,8899,"120,0",2016,"9,093694189856862",6,"9,208901382285944","-0,11520719242908228","0,11520719242908228"
100000,Ford,Focus,Gasoline,Manual,Used,8490,"125,0",2013,"9,046644279305394",9,"8,951942488858814","0,09470179044657989","0,09470179044657989"
111614,Ford,C-Max,Diesel,Automatic,Used,8550,"116,0",2011,"9,053686561930807",11,"8,821165194359567","0,23252136757123942","0,23252136757123942"
143000,Ford,Focus,Diesel,Manual,Used,7999,"105,0",2017,"8,987071812848821",5,"9,060121449693783","-0,0730496368449618","0,0730496368449618"
19700,Volkswagen,Golf GTI,Gasoline,Automatic,Used,36990,"290,0",2019,"10,5184028848265",3,"10,447726078034208","0,07067680679229227","0,07067680679229227"
14600,Renault,Clio,Gasoline,Manual,Demonstration,11480,"65,0",2021,"9,348361669873558",1,"9,473204549628873","-0,12484287975531494","0,12484287975531494"
84380,Volkswagen,Golf,Diesel,Automatic,Used,16880,"150,0",2018,"9,733884768149949",4,"9,950997379666921","-0,21711261151697236","0,21711261151697236"
13900,Skoda,Octavia,Diesel,Automatic,Used,26860,"150,0",2020,"10,198393470077228",2,"10,277041905302063","-0,07864843522483511","0,07864843522483511"
105688,Volkswagen,Tiguan,Diesel,Automatic,Used,13880,"140,0",2011,"9,538204234060796",11,"9,201398589178774","0,3368056448820216","0,3368056448820216"
25,Ford,Kuga,Gasoline,Manual,Pre-registered,29380,"150,0",2021,"10,288069449727868",1,"10,15040033451818","0,13766911520968783","0,13766911520968783"
81122,Skoda,Octavia,Gasoline,Manual,Used,10800,"140,0",2015,"9,287301413112312",7,"9,286263814861577","0,0010375982507344617","0,0010375982507344617"
33051,Opel,Adam,Gasoline,Manual,Used,8970,"69,0",2016,"9,101640955052842",6,"8,921451902011876","0,18018905304096577","0,18018905304096577"
157000,Opel,Astra,Diesel,Manual,Used,6500,"110,0",2014,"8,779557455883728",8,"8,913383508136045","-0,13382605225231714","0,13382605225231714"
93000,Ford,Mondeo,Gasoline,Automatic,Used,11000,"239,0",2011,"9,305650551780507",11,"9,414725313553642","-0,10907476177313491","0,10907476177313491"
3851,Renault,Kangoo,Gasoline,Manual,Used,13929,"114,0",2018,"9,541728276688032",4,"9,629549388335562","-0,08782111164753026","0,08782111164753026"
57620,Volkswagen,Polo,Gasoline,Manual,Used,8499,"75,0",2014,"9,047703788498627",8,"8,770404882061781","0,2772989064368456","0,2772989064368456"
1575,Ford,Fiesta,Gasoline,Manual,Used,15490,"95,0",2020,"9,647949933410914",2,"9,675563262509037","-0,02761332909812353","0,02761332909812353"
165000,Volkswagen,Touran,Diesel,Manual,Used,4999,"105,0",2014,"8,51699317141357",8,"8,946356197276074","-0,42936302586250363","0,42936302586250363"
2560,Opel,Mokka,Gasoline,Automatic,Demonstration,26950,"131,0",2021,"10,201738576337144",1,"10,144882332563217","0,05685624377392706","0,05685624377392706"
153570,Volkswagen,Passat Variant,Diesel,Manual,Used,14899,"190,0",2017,"9,60904937558734",5,"9,740638251848594","-0,13158887626125448","0,13158887626125448"
56264,Opel,Insignia,Diesel,Automatic,Used,22390,"170,0",2018,"10,0163697095928",4,"10,038187937769399","-0,021818228176599064","0,021818228176599064"
30191,Ford,Fiesta,Gasoline,Manual,Used,13840,"86,0",2019,"9,535318229171661",3,"9,385439238298718","0,14987899087294387","0,14987899087294387"
91475,Ford,Transit,Diesel,Manual,Used,22580,"170,0",2017,"10,024819837703653",5,"9,65820963901956","0,36661019868409284","0,36661019868409284"
137985,Skoda,Superb,Diesel,Automatic,Used,12995,"170,0",2012,"9,47231994707559",10,"9,38207764733233","0,09024229974325948","0,09024229974325948"
185405,Skoda,Octavia,Diesel,Manual,Used,7250,"110,0",2015,"8,88875674784872",7,"8,872452200558891","0,01630454728982933","0,01630454728982933"
46861,Opel,Astra,Gasoline,Manual,Used,16990,"200,0",2018,"9,740380214665977",4,"9,827844796259226","-0,08746458159324888","0,08746458159324888"
18349,Skoda,Citigo,Gasoline,Automatic,Used,10990,"75,0",2017,"9,304741047397666",5,"9,327135728141412","-0,022394680743746065","0,022394680743746065"
39200,Skoda,Fabia,Diesel,Manual,Used,11760,"90,0",2018,"9,372459221452617",4,"9,289360595875166","0,08309862557745085","0,08309862557745085"
84000,Volkswagen,Golf,Gasoline,Manual,Used,6990,"105,0",2011,"8,852235835227855",11,"8,931670645949767","-0,07943481072191183","0,07943481072191183"
78000,Opel,Adam,Gasoline,Manual,Used,8190,"87,0",2015,"9,010669176847115",7,"8,954008005660143","0,056661171186972226","0,056661171186972226"
24190,Ford,Tourneo Custom,Diesel,Automatic,Employee's car,32470,"131,0",2020,"10,388071865096892",2,"10,133071376051758","0,25500048904513406","0,25500048904513406"
92670,Ford,Fiesta,Gasoline,Manual,Used,7380,"125,0",2013,"8,906528917594517",9,"9,020234600535524","-0,11370568294100636","0,11370568294100636"
169000,Ford,Transit,Diesel,Manual,Used,10800,"125,0",2014,"9,287301413112312",8,"9,06819047103348","0,21911094207883153","0,21911094207883153"
193700,Volkswagen,Golf Variant,Diesel,Manual,Used,5700,"105,0",2011,"8,648221453822641",11,"8,700913169897927","-0,052691716075285555","0,052691716075285555"
51881,Opel,Adam,Gasoline,Automatic,Used,10850,"87,0",2015,"9,291920358968605",7,"9,102127979600837","0,18979237936776805","0,18979237936776805"
13517,Opel,Adam,Gasoline,Manual,Used,12897,"87,0",2019,"9,464750005164392",3,"9,435650838601628","0,02909916656276401","0,02909916656276401"
21183,Opel,Crossland X,Gasoline,Manual,Used,15890,"131,0",2018,"9,673445259530762",4,"9,725891773788911","-0,052446514258148724","0,052446514258148724"
10,Skoda,Kodiaq,Diesel,Automatic,Pre-registered,40990,"200,0",2021,"10,621083413498383",1,"10,571953341998451","0,049130071499931205","0,049130071499931205"
101644,Opel,Corsa,Gasoline,Manual,Used,4900,"101,0",2014,"8,496990484098719",8,"8,847614552131429","-0,35062406803270996","0,35062406803270996"
14000,Volkswagen,Golf,Gasoline,Manual,Used,24874,"150,0",2020,"10,121578360213686",2,"10,072136586797663","0,04944177341602263","0,04944177341602263"
144000,Opel,Astra,Diesel,Manual,Used,7499,"136,0",2015,"8,92252495730139",7,"9,075023801286145","-0,15249884398475544","0,15249884398475544"
139000,Skoda,Citigo,Gasoline,Manual,Used,4999,"60,0",2016,"8,51699317141357",6,"8,642855329075164","-0,1258621576615937","0,1258621576615937"
36095,Opel,Corsa,Gasoline,Manual,Used,7950,"69,0",2017,"8,980927207648378",5,"8,991476178917319","-0,010548971268940832","0,010548971268940832"
103538,Skoda,Superb,Gasoline,Automatic,Used,18380,"179,0",2016,"9,819018395909678",6,"9,823892920814478","-0,004874524904799671","0,004874524904799671"
49500,Volkswagen,Polo,Gasoline,Manual,Used,8799,"75,0",2015,"9,08239335764556",7,"8,925522706399166","0,1568706512463951","0,1568706512463951"
56200,Skoda,Roomster,Gasoline,Manual,Used,4900,"69,0",2011,"8,496990484098719",11,"8,607396367607334","-0,11040588350861569","0,11040588350861569"
65871,Volkswagen,Tiguan,Diesel,Automatic,Used,33900,"239,0",2017,"10,431170293368542",5,"10,289574511984851","0,14159578138369078","0,14159578138369078"
185000,Volkswagen,Polo,Diesel,Manual,Used,6690,"105,0",2014,"8,808369153122275",8,"8,889629106946611","-0,08125995382433615","0,08125995382433615"
67400,Renault,Twingo,Gasoline,Manual,Used,5850,"71,0",2014,"8,674196940225903",8,"8,669358038195345","0,004838902030558145","0,004838902030558145"
75000,Ford,Focus,Gasoline,Manual,Used,9440,"101,0",2017,"9,152711259139547",5,"9,182481108532192","-0,029769849392645042","0,029769849392645042"
91319,Ford,S-Max,Diesel,Automatic,Used,11980,"163,0",2013,"9,39099387166944",9,"9,291721357078165","0,0992725145912754","0,0992725145912754"
150678,Opel,Insignia,Diesel,Automatic,Used,10380,"170,0",2016,"9,24763615671988",6,"9,244037966564624","0,0035981901552553097","0,0035981901552553097"
165939,Opel,Insignia,Diesel,Manual,Used,7980,"170,0",2016,"8,984693690443855",6,"9,192606695415344","-0,20791300497148946","0,20791300497148946"
98000,Volkswagen,Touran,Diesel,Manual,Used,9000,"105,0",2011,"9,104979856318357",11,"9,104152067875505","0,0008277884428515847","0,0008277884428515847"
22020,Renault,ZOE,Electric,Automatic,Used,8890,"92,0",2017,"9,09268232850795",5,"9,163313855969236","-0,07063152746128587","0,07063152746128587"
5000,Skoda,Fabia,Gasoline,Manual,Employee's car,11887,"60,0",2021,"9,383200644980624",1,"9,494292055299553","-0,1110914103189291","0,1110914103189291"
18521,Renault,ZOE,-/- (Fuel),Automatic,Used,8995,"92,0",2017,"9,104424146384634",5,"9,266423740520455","-0,1619995941358212","0,1619995941358212"
23550,Opel,Adam,Gasoline,Automatic,Used,12590,"87,0",2016,"9,440658127038393",6,"9,252118641171231","0,18853948586716207","0,18853948586716207"
82100,Volkswagen,Golf,Diesel,Automatic,Used,18950,"150,0",2016,"9,849559210510572",6,"9,78466504008095","0,06489417042962131","0,06489417042962131"
56000,Skoda,Octavia,Gasoline,Automatic,Used,23900,"230,0",2018,"10,081633737919603",4,"10,195569839290918","-0,1139361013713156","0,1139361013713156"
57000,Renault,Clio,Gasoline,Manual,Used,7400,"73,0",2015,"8,909235279192261",7,"8,882846156966558","0,026389122225703332","0,026389122225703332"
109750,Volkswagen,Tiguan,Diesel,Automatic,Used,24989,"190,0",2018,"10,126191007021934",4,"10,033457622000284","0,09273338502164918","0,09273338502164918"
34935,Volkswagen,up!,Gasoline,Manual,Used,9880,"75,0",2018,"9,198267790741914",4,"9,15983884136415","0,038428949377763644","0,038428949377763644"
9000,Volkswagen,T-Cross,Gasoline,Automatic,Used,27670,"150,0",2021,"10,228104072780972",1,"10,386138175913342","-0,1580341031323691","0,1580341031323691"
19151,Renault,Megane,Gasoline,Manual,Used,19470,"159,0",2019,"9,876630098366245",3,"10,016902023578332","-0,14027192521208676","0,14027192521208676"
177000,Skoda,Octavia,Diesel,Automatic,Used,10990,"116,0",2018,"9,304741047397666",4,"9,372909820165559","-0,06816877276789235","0,06816877276789235"
19695,Ford,Mondeo,Gasoline,Manual,Used,20990,"165,0",2019,"9,951801412814678",3,"10,064890976804346","-0,11308956398966785","0,11308956398966785"
1511,Ford,Fiesta,Electric/Gasoline,Manual,Employee's car,17550,"125,0",2020,"9,772809228894012",2,"9,894438502728173","-0,12162927383416111","0,12162927383416111"
15056,Ford,Grand Tourneo,Diesel,Manual,Employee's car,22286,"101,0",2020,"10,011713957606998",2,"9,88251727829453","0,12919667931246792","0,12919667931246792"
65040,Skoda,Rapid/Spaceback,Gasoline,Manual,Used,9995,"90,0",2015,"9,209840246934501",7,"9,008243130285884","0,20159711664861746","0,20159711664861746"
84500,Opel,Astra,Gasoline,Manual,Used,7690,"87,0",2012,"8,94767606249969",10,"8,651580821622048","0,2960952408776425","0,2960952408776425"
66798,Opel,Adam,Gasoline,Manual,Used,7490,"69,0",2016,"8,921324076511265",6,"8,86072424326469","0,060599833246575585","0,060599833246575585"
39000,Renault,Twingo,Gasoline,Manual,Used,5890,"71,0",2015,"8,681011276645632",7,"8,79882712067055","-0,11781584402491774","0,11781584402491774"
63000,Volkswagen,up!,Gasoline,Manual,Used,7780,"75,0",2015,"8,959311617172437",7,"8,893258148041376","0,06605346913106125","0,06605346913106125"
71200,Volkswagen,Polo,Gasoline,Manual,Used,7200,"86,0",2013,"8,881836305004146",9,"8,883653170748225","-0,0018168657440789104","0,0018168657440789104"
10,Ford,Fiesta,Gasoline,Manual,Pre-registered,15750,"101,0",2021,"9,66459564425378",1,"9,747550717051865","-0,0829550727980859","0,0829550727980859"
90000,Ford,Focus,Gasoline,Manual,Used,7990,"125,0",2013,"8,98594603876032",9,"9,029763650521376","-0,043817611761056696","0,043817611761056696"
95000,Skoda,Superb,Gasoline,Automatic,Used,21960,"280,0",2016,"9,996977895623466",6,"10,12529137672523","-0,12831348110176322","0,12831348110176322"
32300,Opel,Corsa,Gasoline,Manual,Used,5999,"69,0",2011,"8,699348067653093",11,"8,619796021050847","0,07955204660224524","0,07955204660224524"
55000,Volkswagen,Polo,Gasoline,Manual,Used,6999,"69,0",2012,"8,85352256068954",10,"8,643666512245645","0,2098560484438945","0,2098560484438945"
115400,Volkswagen,Caddy,Diesel,Manual,Used,14500,"150,0",2017,"9,581903928408666",5,"9,600674728797628","-0,018770800388962172","0,018770800388962172"
60199,Opel,Corsa,Gasoline,Manual,Used,5490,"86,0",2011,"8,610683534503575",11,"8,809161280310743","-0,1984777458071676","0,1984777458071676"
98036,Volkswagen,Golf,Gasoline,Manual,Used,6500,"80,0",2012,"8,779557455883728",10,"8,70368593902145","0,07587151686227855","0,07587151686227855"
63150,Volkswagen,Polo,Gasoline,Manual,Used,8200,"90,0",2014,"9,011889433252344",8,"8,968508150898804","0,043381282353539774","0,043381282353539774"
220000,Volkswagen,Golf Variant,Diesel,Manual,Used,7000,"150,0",2014,"8,85366542803745",8,"9,089105722335958","-0,23544029429850788","0,23544029429850788"
16420,Skoda,Fabia,Gasoline,Automatic,Used,16998,"110,0",2019,"9,740850969058572",3,"9,831168154681645","-0,09031718562307312","0,09031718562307312"
10700,Skoda,Octavia,Gasoline,Automatic,Used,20480,"131,0",2020,"9,927204079153444",2,"9,968982174567593","-0,04177809541414845","0,04177809541414845"
113233,Ford,Fiesta,Gasoline,Manual,Used,7880,"60,0",2016,"8,972083182851925",6,"8,715215711332043","0,25686747151988243","0,25686747151988243"
58000,Volkswagen,up!,Gasoline,Manual,Used,7499,"75,0",2015,"8,92252495730139",7,"8,906321444740609","0,016203512560780453","0,016203512560780453"
500,Renault,Twingo,Gasoline,Manual,Demonstration,11280,"65,0",2021,"9,33078652505205",1,"9,428283877431248","-0,09749735237919843","0,09749735237919843"
119878,Opel,Zafira,Gasoline,Manual,Used,5905,"116,0",2012,"8,683554728631462",10,"8,702523031777982","-0,018968303146520427","0,018968303146520427"
100,Renault,Clio,Gasoline,Manual,Pre-registered,16490,"91,0",2021,"9,710509415553645",1,"9,76912599509861","-0,058616579544965575","0,058616579544965575"
119000,Volkswagen,Touran,Diesel,Automatic,Used,15000,"170,0",2012,"9,615805480084347",10,"9,402984536328924","0,21282094375542293","0,21282094375542293"
207700,Volkswagen,Sharan,Diesel,Automatic,Used,14500,"177,0",2014,"9,581903928408666",8,"9,298159042951124","0,2837448854575424","0,2837448854575424"
137200,Opel,Astra,Diesel,Manual,Used,6800,"110,0",2013,"8,824677891164198",9,"8,872758812719852","-0,04808092155565369","0,04808092155565369"
149998,Ford,Kuga,Diesel,Automatic,Used,14950,"179,0",2015,"9,612466578818832",7,"9,583550343803266","0,028916235015566727","0,028916235015566727"
4849,Skoda,Karoq,Gasoline,Manual,Demonstration,20380,"116,0",2019,"9,922309306776716",3,"9,797635797536213","0,12467350924050358","0,12467350924050358"
96541,Volkswagen,T6 Multivan,Diesel,Automatic,Used,39950,"204,0",2017,"10,595383951194421",5,"10,319632866653627","0,27575108454079356","0,27575108454079356"
100,Renault,Twingo,Gasoline,Manual,Pre-registered,12280,"65,0",2021,"9,415727201701133",1,"9,433508798112669","-0,017781596411536427","0,017781596411536427"
19000,Volkswagen,Golf,Gasoline,Automatic,Demonstration,29990,"150,0",2020,"10,308619271743055",2,"10,13605362160312","0,1725656501399353","0,1725656501399353"
80750,Ford,B-Max,Gasoline,Manual,Used,7990,"101,0",2013,"8,98594603876032",9,"8,848748020504717","0,13719801825560296","0,13719801825560296"
57300,Volkswagen,Golf,Electric,Automatic,Used,13390,"116,0",2014,"9,502263438685219",8,"9,34211435996633","0,16014907871888973","0,16014907871888973"
203576,Volkswagen,Golf,Diesel,Manual,Used,5700,"140,0",2012,"8,648221453822641",10,"8,980099563312951","-0,3318781094903098","0,3318781094903098"
80664,Renault,Kangoo,Diesel,Manual,Used,8950,"110,0",2017,"9,099408811268901",5,"9,301213991500052","-0,20180518023115113","0,20180518023115113"
43897,Ford,Grand Tourneo,Diesel,Manual,Used,16900,"101,0",2018,"9,735068900911164",4,"9,50241461238729","0,23265428852387515","0,23265428852387515"
48,Ford,Fiesta,Gasoline,Manual,Used,13990,"75,0",2021,"9,546098067659527",1,"9,587149343141071","-0,041051275481544636","0,041051275481544636"
10,Skoda,Scala,Gasoline,Automatic,Pre-registered,21990,"150,0",2020,"9,998343083548807",2,"10,23019118459592","-0,23184810104711318","0,23184810104711318"
23942,Opel,Astra,Gasoline,Manual,Used,14990,"125,0",2019,"9,615138591096644",3,"9,723775187403195","-0,10863659630655143","0,10863659630655143"
112000,Volkswagen,up!,Gasoline,Manual,Used,5900,"60,0",2017,"8,68270762989381",5,"8,736697218097964","-0,05398958820415345","0,05398958820415345"
7932,Volkswagen,Golf,Gasoline,Automatic,Used,20222,"116,0",2019,"9,914526399651344",3,"9,93100624178723","-0,016479842135886713","0,016479842135886713"
163500,Volkswagen,Passat Variant,Diesel,Manual,Used,10890,"120,0",2015,"9,295600215927006",7,"8,99987295663658","0,29572725929042676","0,29572725929042676"
7635,Ford,EcoSport,Gasoline,Automatic,Employee's car,20970,"125,0",2020,"9,950848123895966",2,"9,990426841558202","-0,039578717662235974","0,039578717662235974"
87106,Volkswagen,Golf,Diesel,Manual,Used,21880,"184,0",2017,"9,993328256535918",5,"9,890593844420275","0,10273441211564283","0,10273441211564283"
178800,Skoda,Octavia,Diesel,Manual,Used,11839,"150,0",2016,"9,379154445411636",6,"9,291442847696896","0,08771159771474046","0,08771159771474046"
134750,Opel,Astra,Gasoline,Manual,Used,4690,"87,0",2011,"8,453187861440325",11,"8,535909866578839","-0,08272200513851402","0,08272200513851402"
9462,Ford,Grand C-Max,Gasoline,Automatic,Used,18990,"150,0",2018,"9,85166780380633",4,"10,044405708074539","-0,19273790426820803","0,19273790426820803"
30000,Opel,Corsa,Gasoline,Manual,Used,6500,"87,0",2012,"8,779557455883728",10,"8,807416477813923","-0,027859021930195738","0,027859021930195738"
6000,Renault,Captur,Gasoline,Manual,Demonstration,20950,"131,0",2020,"9,949893925350283",2,"9,977921759062271","-0,028027833711988137","0,028027833711988137"
128003,Volkswagen,Golf,Gasoline,Manual,Used,10990,"211,0",2013,"9,304741047397666",9,"9,343131780308214","-0,03839073291054795","0,03839073291054795"
24979,Volkswagen,Passat Variant,Diesel,Automatic,Used,21980,"120,0",2019,"9,997888227957612",3,"9,961376240136497","0,036511987821114644","0,036511987821114644"
70450,Volkswagen,T-Roc,Diesel,Manual,Used,21480,"150,0",2019,"9,974877548622802",3,"9,972628598594325","0,002248950028477026","0,002248950028477026"
15,Volkswagen,Golf,Gasoline,Automatic,Used,31480,"150,0",2021,"10,357107702531339",1,"10,262050379122373","0,095057323408966","0,095057323408966"
4500,Opel,Corsa,Gasoline,Manual,Used,13490,"90,0",2019,"9,509703949201802",3,"9,427641635485315","0,0820623137164862","0,0820623137164862"
120000,Volkswagen,CC,Diesel,Manual,Used,12750,"140,0",2014,"9,453286550586572",8,"9,316185699281718","0,1371008513048544","0,1371008513048544"
65217,Skoda,Octavia,Gasoline,Automatic,Used,16980,"150,0",2017,"9,739791459865339",5,"9,863466108357667","-0,12367464849232768","0,12367464849232768"
3798,Skoda,Fabia,Gasoline,Manual,Used,13680,"60,0",2021,"9,523690191176541",1,"9,500543367506518","0,02314682367002341","0,02314682367002341"
22700,Volkswagen,Polo,Gasoline,Automatic,Used,9099,"86,0",2011,"9,11591979635669",11,"9,062437354326043","0,05348244203064745","0,05348244203064745"
50000,Volkswagen,up!,Gasoline,Manual,Used,5190,"60,0",2012,"8,554488976159934",10,"8,656045571336564","-0,10155659517663018","0,10155659517663018"
53000,Volkswagen,Polo,Gasoline,Manual,Used,7500,"69,0",2014,"8,922658299524402",8,"8,766733292606546","0,15592500691785638","0,15592500691785638"
56350,Volkswagen,Tiguan,Diesel,Automatic,Used,29780,"239,0",2017,"10,301592306238",5,"10,343255302488394","-0,04166299625039471","0,04166299625039471"
122000,Skoda,Yeti,Diesel,Manual,Used,7400,"110,0",2012,"8,909235279192261",10,"8,826413872320686","0,08282140687157558","0,08282140687157558"
9460,Volkswagen,up!,Gasoline,Manual,Used,7790,"60,0",2017,"8,960596138864794",5,"9,088290047710395","-0,1276939088456004","0,1276939088456004"
18819,Volkswagen,Golf,Diesel,Automatic,Used,24900,"150,0",2020,"10,1226230824528",2,"10,238267873218023","-0,1156447907652236","0,1156447907652236"
136541,Renault,Captur,Diesel,Manual,Used,8650,"90,0",2014,"9,065314599925925",8,"8,839598451774144","0,22571614815178087","0,22571614815178087"
75685,Ford,Focus,Diesel,Automatic,Used,14950,"150,0",2017,"9,612466578818832",5,"9,909918613212012","-0,2974520343931797","0,2974520343931797"
50,Ford,Kuga,Gasoline,Manual,Pre-registered,24290,"150,0",2020,"10,097820021996219",2,"10,136066647875694","-0,03824662587947536","0,03824662587947536"
20980,Ford,Mondeo,Diesel,Automatic,Used,33980,"190,0",2019,"10,433527395225923",3,"10,403259105546388","0,030268289679534988","0,030268289679534988"
5,Opel,Corsa,Gasoline,Manual,Pre-registered,14970,"75,0",2021,"9,613803477413674",1,"9,514345042027996","0,099458435385678","0,099458435385678"
32000,Renault,Clio,Gasoline,Manual,Used,8000,"73,0",2014,"8,987196820661973",8,"8,841345214706507","0,14585160595546576","0,14585160595546576"
100000,Skoda,Rapid/Spaceback,Diesel,Manual,Used,7490,"90,0",2015,"8,921324076511265",7,"8,968423793074434","-0,047099716563169025","0,047099716563169025"
164750,Volkswagen,Passat Variant,Diesel,Manual,Used,9990,"140,0",2014,"9,2093398716426",8,"9,181185653938988","0,02815421770361226","0,02815421770361226"
23600,Volkswagen,Golf Sportsvan,Gasoline,Manual,Used,19800,"125,0",2017,"9,893437216682626",5,"9,572522371294287","0,32091484538833903","0,32091484538833903"
194447,Volkswagen,T5 Transporter,Diesel,Manual,Used,10200,"140,0",2014,"9,230142999272362",8,"9,13760231132222","0,09254068795014092","0,09254068795014092"
170000,Volkswagen,Golf,Diesel,Manual,Used,8990,"110,0",2015,"9,103868127465667",7,"8,902611515165571","0,20125661230009584","0,20125661230009584"
107930,Renault,Grand Scenic,Gasoline,Manual,Used,8990,"132,0",2013,"9,103868127465667",9,"8,92227295771235","0,1815951697533169","0,1815951697533169"
47800,Skoda,Citigo,Gasoline,Manual,Used,5990,"60,0",2015,"8,697846691109495",7,"8,815469543725662","-0,1176228526161669","0,1176228526161669"
34000,Volkswagen,Golf,Diesel,Automatic,Used,14954,"110,0",2014,"9,61273410155986",8,"9,401731231762968","0,21100286979689287","0,21100286979689287"
15912,Opel,Karl,Gasoline,Manual,Used,5900,"73,0",2015,"8,68270762989381",7,"8,987830321940232","-0,30512269204642095","0,30512269204642095"
20,Ford,EcoSport,Gasoline,Manual,Pre-registered,20770,"125,0",2021,"9,941264916870159",1,"9,963019354775795","-0,021754437905636692","0,021754437905636692"
34317,Renault,Twingo,Others,Manual,Demonstration,8990,"90,0",2017,"9,103868127465667",5,"9,272969713990237","-0,16910158652457064","0,16910158652457064"
62437,Renault,Kadjar,Diesel,Manual,Used,12990,"131,0",2016,"9,471935109664646",6,"9,541601169721908","-0,06966606005726206","0,06966606005726206"
128000,Opel,Astra,Diesel,Manual,Used,8000,"136,0",2015,"8,987196820661973",7,"9,144055070663248","-0,1568582500012745","0,1568582500012745"
20900,Ford,Focus,Gasoline,Automatic,Used,26490,"150,0",2019,"10,184522582266116",3,"10,068649211850298","0,11587337041581769","0,11587337041581769"
94000,Renault,Talisman,Diesel,Manual,Used,9900,"110,0",2016,"9,20029003612268",6,"9,228214539237486","-0,027924503114805432","0,027924503114805432"
228000,Volkswagen,Caddy,Diesel,Manual,Used,5990,"75,0",2014,"8,697846691109495",8,"8,580055729832528","0,11779096127696675","0,11779096127696675"
10,Renault,Clio,Gasoline,Manual,Used,18590,"91,0",2021,"9,83037908071549",1,"9,757998241642072","0,07238083907341775","0,07238083907341775"
16800,Volkswagen,Caddy,Diesel,Automatic,Demonstration,28950,"150,0",2020,"10,273325483001141",2,"10,242998455765825","0,030327027235315995","0,030327027235315995"
128802,Opel,Astra,Diesel,Manual,Used,8480,"136,0",2018,"9,045465728785949",4,"9,33393521952744","-0,2884694907414911","0,2884694907414911"
22374,Opel,Astra,Gasoline,Manual,Used,12650,"105,0",2018,"9,445412494155667",4,"9,519685863438674","-0,07427336928300754","0,07427336928300754"
106400,Volkswagen,Golf,Gasoline,Manual,Used,7700,"86,0",2013,"8,948975607841776",9,"8,785360712011293","0,1636148958304826","0,1636148958304826"
36000,Renault,Twingo,Gasoline,Manual,Used,7990,"69,0",2019,"8,98594603876032",3,"9,125181813968245","-0,13923577520792563","0,13923577520792563"
31690,Volkswagen,up!,Electric,Automatic,Used,9940,"82,0",2015,"9,20432229965062",7,"9,299399058827088","-0,09507675917646807","0,09507675917646807"
148000,Ford,Focus,Gasoline,Manual,Used,4990,"150,0",2012,"8,515191188745565",10,"8,899097104248156","-0,38390591550259145","0,38390591550259145"
28400,Opel,Adam,Gasoline,Manual,Used,8990,"69,0",2017,"9,103868127465667",5,"9,041975935110804","0,061892192354862985","0,061892192354862985"
26350,Renault,Clio,Gasoline,Manual,Used,8980,"73,0",2018,"9,102755161296246",4,"9,128773376026086","-0,026018214729839784","0,026018214729839784"
45430,Volkswagen,Golf,Gasoline,Manual,Used,7990,"80,0",2011,"8,98594603876032",11,"8,757114456509186","0,22883158225113398","0,22883158225113398"
54500,Ford,Fiesta,Gasoline,Manual,Used,6100,"82,0",2015,"8,716044050161402",7,"9,002115816871777","-0,28607176671037493","0,28607176671037493"
84197,Volkswagen,Golf,Gasoline,Manual,Used,7800,"105,0",2012,"8,961879012677683",10,"8,99029042526037","-0,0284114125826882","0,0284114125826882"
97500,Volkswagen,Golf,Gasoline,Manual,Used,11990,"122,0",2013,"9,39182824802156",9,"9,179872142955302","0,21195610506625684","0,21195610506625684"
5000,Opel,Adam,Gasoline,Manual,Used,15890,"101,0",2017,"9,673445259530762",5,"9,50564557681946","0,16779968271130308","0,16779968271130308"
70000,Volkswagen,Golf,Gasoline,Manual,Used,8499,"86,0",2013,"9,047703788498627",9,"8,890942067547572","0,15676172095105478","0,15676172095105478"
105000,Opel,Astra,Gasoline,Manual,Used,5400,"101,0",2012,"8,594154232552366",10,"8,658287538277046","-0,06413330572467935","0,06413330572467935"
70000,Ford,S-Max,Gasoline,Automatic,Used,24970,"241,0",2017,"10,12543038327382",5,"10,048666513107484","0,07676387016633512","0,07676387016633512"
111726,Opel,Astra,Gasoline,Manual,Used,5490,"116,0",2011,"8,610683534503575",11,"8,684244572479146","-0,0735610379755709","0,0735610379755709"
25840,Ford,Fiesta,Gasoline,Manual,Used,10990,"101,0",2017,"9,304741047397666",5,"9,33033391387317","-0,025592866475504294","0,025592866475504294"
37117,Opel,Corsa,Gasoline,Manual,Used,8490,"90,0",2016,"9,046644279305394",6,"9,166608472639492","-0,11996419333409847","0,11996419333409847"
116800,Ford,C-Max,Diesel,Manual,Used,7290,"140,0",2011,"8,894258825002703",11,"9,190849456901363","-0,29659063189865975","0,29659063189865975"
160000,Skoda,Fabia,Diesel,Manual,Used,7000,"90,0",2016,"8,85366542803745",6,"8,851199715534404","0,002465712503045836","0,002465712503045836"
17422,Renault,Clio,Gasoline,Automatic,Used,16490,"131,0",2020,"9,710509415553645",2,"9,930775258966523","-0,22026584341287858","0,22026584341287858"
22685,Volkswagen,Tiguan,Gasoline,Automatic,Used,24940,"179,0",2017,"10,124228219234027",5,"10,140585271199205","-0,016357051965178115","0,016357051965178115"
106800,Ford,S-Max,Diesel,Automatic,Used,17950,"150,0",2017,"9,795345393916424",5,"9,716660303713791","0,07868509020263303","0,07868509020263303"
108068,Skoda,Roomster,Gasoline,Manual,Used,6200,"86,0",2013,"8,732304571033183",9,"8,784650771833231","-0,05234620080004859","0,05234620080004859"
137211,Opel,Astra,Gasoline,Manual,Used,8980,"125,0",2017,"9,102755161296246",5,"9,178352506928473","-0,07559734563222698","0,07559734563222698"
5250,Opel,Corsa,Gasoline,Manual,Used,11470,"90,0",2018,"9,347490210123416",4,"9,364228060280862","-0,016737850157445777","0,016737850157445777"
2500,Opel,Corsa,Electric,Automatic,Used,25650,"136,0",2021,"10,152298850598916",1,"10,280973237207695","-0,12867438660877895","0,12867438660877895"
163025,Opel,Corsa,Gasoline,Manual,Used,4990,"69,0",2014,"8,515191188745565",8,"8,593203831385","-0,07801264263943608","0,07801264263943608"
111458,Volkswagen,Golf,Diesel,Manual,Used,11450,"170,0",2011,"9,345745008982385",11,"9,337286506766644","0,008458502215741959","0,008458502215741959"
108000,Ford,C-Max,Diesel,Manual,Used,7480,"116,0",2012,"8,919988070968524",10,"8,85249792297123","0,0674901479972938","0,0674901479972938"
72000,Skoda,Octavia,Diesel,Manual,Used,14500,"150,0",2016,"9,581903928408666",6,"9,678724539158184","-0,09682061074951775","0,09682061074951775"
100,Ford,Fiesta,Gasoline,Manual,Used,13862,"86,0",2019,"9,53690656247793",3,"9,52073646358445","0,01617009889347898","0,01617009889347898"
163323,Volkswagen,Touran,Gasoline,Automatic,Used,9900,"170,0",2012,"9,20029003612268",10,"9,063903205978193","0,13638683014448816","0,13638683014448816"
20,Renault,Clio,Gasoline,Manual,Used,16990,"91,0",2021,"9,740380214665977",1,"9,769603103749214","-0,029222889083236225","0,029222889083236225"
51120,Ford,C-Max,Gasoline,Manual,Used,9450,"101,0",2014,"9,153770020487789",8,"9,041887329154115","0,11188269133367434","0,11188269133367434"
187000,Skoda,Octavia,Diesel,Automatic,Used,7600,"140,0",2012,"8,935903526274423",10,"8,978037410495753","-0,042133884221330575","0,042133884221330575"
106125,Opel,Insignia,Diesel,Automatic,Used,10950,"163,0",2015,"9,301094735244646",7,"9,446346245289847","-0,14525151004520076","0,14525151004520076"
51000,Renault,Megane,Diesel,Manual,Used,13990,"131,0",2015,"9,546098067659527",7,"9,508145755307781","0,03795231235174512","0,03795231235174512"
12,Ford,Tourneo Custom,Diesel,Manual,Used,39850,"185,0",2021,"10,592877684218362",1,"10,508982248418517","0,08389543579984426","0,08389543579984426"
20,Ford,Fiesta,Gasoline,Manual,Pre-registered,23640,"155,0",2021,"10,070695471520034",1,"10,112729685104227","-0,042034213584193125","0,042034213584193125"
26585,Renault,Clio,Gasoline,Automatic,Used,16590,"131,0",2020,"9,71655538318449",2,"9,879796533947161","-0,16324115076267098","0,16324115076267098"
27477,Ford,Fiesta,Gasoline,Manual,Used,8190,"71,0",2018,"9,010669176847115",4,"9,130659745604397","-0,11999056875728265","0,11999056875728265"
67273,Opel,Astra,Gasoline,Manual,Used,9490,"140,0",2012,"9,157993891603974",10,"9,091095416109127","0,06689847549484718","0,06689847549484718"
45903,Renault,Twingo,Gasoline,Manual,Used,5980,"75,0",2014,"8,696175846944678",8,"8,804784450568395","-0,1086086036237166","0,1086086036237166"
42109,Volkswagen,Tiguan,Gasoline,Automatic,Used,36880,"220,0",2018,"10,51542467767053",4,"10,305648390268402","0,2097762874021285","0,2097762874021285"
43417,Skoda,Rapid/Spaceback,Gasoline,Manual,Used,9700,"95,0",2019,"9,179881164491475",3,"9,418767487484828","-0,23888632299335377","0,23888632299335377"
96000,Volkswagen,Polo,Diesel,Manual,Used,6190,"75,0",2012,"8,730690365678642",10,"8,758777842223987","-0,028087476545344714","0,028087476545344714"
154274,Skoda,Octavia,Diesel,Manual,Used,6150,"105,0",2013,"8,724207360800564",9,"8,919773730773631","-0,19556636997306676","0,19556636997306676"
20459,Volkswagen,up!,Electric,Automatic,Used,15975,"83,0",2019,"9,678780279245736",3,"9,66388222111794","0,014898058127796432","0,014898058127796432"
28277,Ford,Focus,Gasoline,Automatic,Used,19180,"125,0",2019,"9,86162334843743",3,"9,877001553392448","-0,015378204955018404","0,015378204955018404"
21100,Ford,Kuga,Gasoline,Manual,Used,13799,"150,0",2013,"9,532351404751555",9,"9,458408534975032","0,07394286977652342","0,07394286977652342"
49150,Ford,Kuga,Diesel,Automatic,Used,24960,"179,0",2018,"10,125029822483365",4,"10,142019330403029","-0,01698950791966425","0,01698950791966425"
58750,Ford,Kuga,Gasoline,Manual,Used,13880,"150,0",2015,"9,538204234060796",7,"9,492060201853437","0,04614403220735852","0,04614403220735852"
61111,Opel,Corsa,Gasoline,Manual,Used,6480,"87,0",2014,"8,776475789346321",8,"8,872259368149678","-0,0957835788033563","0,0957835788033563"
135661,Volkswagen,T5,Diesel,Manual,Used,16650,"102,0",2011,"9,72016549540859",11,"9,033500039280582","0,6866654561280079","0,6866654561280079"
133213,Volkswagen,Passat Variant,Gasoline,Manual,Used,6500,"122,0",2011,"8,779557455883728",11,"8,886821742181967","-0,10726428629823914","0,10726428629823914"
42412,Ford,Fiesta,Gasoline,Manual,Used,9000,"80,0",2015,"9,104979856318357",7,"9,018708039657435","0,08627181666092198","0,08627181666092198"
7395,Ford,Focus,Gasoline,Automatic,Employee's car,21780,"125,0",2020,"9,988747396486952",2,"9,99174565696277","-0,002998260475818526","0,002998260475818526"
95000,Ford,Galaxy,Gasoline,Manual,Used,11111,"145,0",2011,"9,315690887584008",11,"8,951312757539135","0,36437813004487296","0,36437813004487296"
149550,Volkswagen,T5 Multivan,Diesel,Automatic,Used,29446,"179,0",2015,"10,290313356425354",7,"9,583550343803266","0,7067630126220887","0,7067630126220887"
77723,Skoda,Fabia,Gasoline,Manual,Used,7490,"75,0",2016,"8,921324076511265",6,"8,913347807464232","0,007976269047032858","0,007976269047032858"
107046,Ford,B-Max,Gasoline,Manual,Used,7790,"101,0",2013,"8,960596138864794",9,"8,76197706166383","0,1986190772009646","0,1986190772009646"
500,Skoda,Scala,Gasoline,Manual,Demonstration,18480,"110,0",2021,"9,824444345195674",1,"9,938898512590253","-0,11445416739457848","0,11445416739457848"
180040,Opel,Astra,Diesel,Automatic,Used,8980,"136,0",2017,"9,102755161296246",5,"9,04000254575908","0,06275261553716582","0,06275261553716582"
1001,Renault,Kangoo,Electric,Automatic,Demonstration,15580,"60,0",2020,"9,65374331942474",2,"9,784649749936676","-0,13090643051193673","0,13090643051193673"
72428,Skoda,Kodiaq,Gasoline,Manual,Used,20460,"150,0",2017,"9,926227039505617",5,"9,670813572764994","0,2554134667406238","0,2554134667406238"
27300,Ford,Fiesta,Gasoline,Manual,Used,8950,"71,0",2018,"9,099408811268901",4,"9,130659745604397","-0,03125093433549608","0,03125093433549608"
11072,Renault,Kangoo,Diesel,Manual,Used,17791,"116,0",2020,"9,786447990434775",2,"9,99262076251047","-0,2061727720756945","0,2061727720756945"
145631,Skoda,Roomster,Gasoline,Manual,Used,6480,"86,0",2013,"8,776475789346321",9,"8,755163257498907","0,021312531847414107","0,021312531847414107"
61725,Volkswagen,Golf,Diesel,Manual,Used,14222,"116,0",2017,"9,562545340443464",5,"9,516247559168725","0,04629778127473827","0,04629778127473827"
84000,Volkswagen,Passat Variant,Diesel,Manual,Used,11500,"140,0",2014,"9,350102314351341",8,"9,413845514504875","-0,06374320015353341","0,06374320015353341"
95150,Volkswagen,Touran,Gasoline,Manual,Used,8990,"105,0",2011,"9,103868127465667",11,"8,896578368880274","0,207289758585393","0,207289758585393"
149000,Volkswagen,Golf,Gasoline,Manual,Used,6099,"105,0",2011,"8,715880102296456",11,"8,759239820657156","-0,04335971836069952","0,04335971836069952"
13245,Renault,ZOE,Electric,Automatic,Used,10780,"88,0",2019,"9,285447844462988",3,"9,427839289677232","-0,14239144521424407","0,14239144521424407"
21340,Ford,Galaxy,Diesel,Automatic,Used,32490,"190,0",2019,"10,388687628663146",3,"10,404938413234003","-0,01625078457085749","0,01625078457085749"
221256,Ford,S-Max,Diesel,Manual,Used,6750,"140,0",2014,"8,817297783866575",8,"9,103169479500789","-0,28587169563421355","0,28587169563421355"
57500,Ford,Kuga,Diesel,Manual,Used,13490,"140,0",2013,"9,509703949201802",9,"9,400200291758912","0,10950365744288959","0,10950365744288959"
82000,Opel,Corsa,Gasoline,Manual,Used,5990,"87,0",2013,"8,697846691109495",9,"8,749699781120682","-0,05185309001118732","0,05185309001118732"
134000,Ford,Mondeo,Gasoline,Manual,Used,12499,"160,0",2017,"9,433403920090221",5,"9,41694454400446","0,01645937608576098","0,01645937608576098"
11900,Volkswagen,Polo,Gasoline,Manual,Used,15550,"80,0",2020,"9,65181591760738",2,"9,55429971943851","0,09751619816886858","0,09751619816886858"
43000,Opel,Corsa,Gasoline,Manual,Used,6997,"69,0",2014,"8,853236764745898",8,"8,777352676836353","0,07588408790954482","0,07588408790954482"
31940,Renault,ZOE,Electric,Automatic,Used,7950,"58,0",2015,"8,980927207648378",7,"8,922036484750253","0,05889072289812525","0,05889072289812525"
23670,Ford,B-Max,Gasoline,Manual,Used,8790,"101,0",2014,"9,081369990679223",8,"9,110828427897832","-0,029458437218609745","0,029458437218609745"
170000,Ford,Focus,Gasoline,Manual,Used,4999,"150,0",2011,"8,51699317141357",11,"8,728706306982659","-0,211713135569088","0,211713135569088"
16973,Opel,Grandland X,Gasoline,Manual,Used,15990,"131,0",2019,"9,679718805828",3,"9,822016517991186","-0,14229771216318632","0,14229771216318632"
93500,Ford,Focus,Gasoline,Manual,Used,7400,"125,0",2014,"8,909235279192261",8,"9,132451347360126","-0,223216068167865","0,223216068167865"
10,Skoda,Kamiq,Gasoline,Manual,Pre-registered,19290,"95,0",2021,"9,867342105899775",1,"9,713888503814639","0,15345360208513625","0,15345360208513625"
1500,Ford,Fiesta,Gasoline,Manual,Demonstration,12580,"75,0",2021,"9,439863530254431",1,"9,559407267140028","-0,11954373688559627","0,11954373688559627"
45000,Volkswagen,Golf,Gasoline,Manual,Used,9350,"105,0",2011,"9,143131622282732",11,"9,075394103257693","0,0677375190250391","0,0677375190250391"
31678,Ford,Focus,Diesel,Manual,Used,17384,"120,0",2019,"9,763305521936266",3,"9,771630697434183","-0,00832517549791767","0,00832517549791767"
19560,Ford,EcoSport,Gasoline,Automatic,Used,18990,"125,0",2019,"9,85166780380633",3,"9,880298667023899","-0,028630863217568248","0,028630863217568248"
133095,Skoda,Fabia,Gasoline,Manual,Used,5100,"86,0",2011,"8,536995818712418",11,"8,686360166826551","-0,14936434811413335","0,14936434811413335"
147000,Opel,Astra,Diesel,Manual,Used,8650,"110,0",2016,"9,065314599925925",6,"9,021958784273535","0,043355815652390106","0,043355815652390106"
9990,Skoda,Rapid/Spaceback,Gasoline,Manual,Demonstration,14490,"95,0",2019,"9,581214035314728",3,"9,569636252454785","0,011577782859943042","0,011577782859943042"
71372,Skoda,Fabia,Gasoline,Manual,Used,5650,"69,0",2011,"8,639410824140487",11,"8,626514366662642","0,012896457477845402","0,012896457477845402"
50450,Ford,Focus,Gasoline,Manual,Used,18790,"250,0",2017,"9,84108009240751",5,"9,8884408931401","-0,04736080073258897","0,04736080073258897"
112000,Opel,Astra,Gasoline,Manual,Used,5998,"140,0",2011,"8,699181359308954",11,"8,83776381373601","-0,1385824544270573","0,1385824544270573"
16410,Volkswagen,Golf,Electric,Automatic,Employee's car,22870,"136,0",2020,"10,037581287016828",2,"10,059361741290665","-0,02178045427383779","0,02178045427383779"
200000,Renault,Talisman,Diesel,Automatic,Used,11710,"160,0",2017,"9,368198456591763",5,"9,193210716833246","0,17498773975851734","0,17498773975851734"
42926,Opel,Zafira,Gasoline,Automatic,Used,20450,"170,0",2018,"9,925738161470948",4,"10,031112102639245","-0,10537394116829724","0,10537394116829724"
16065,Volkswagen,up!,Gasoline,Manual,Used,9725,"60,0",2018,"9,182455168486648",4,"9,080217771701511","0,10223739678513688","0,10223739678513688"
19250,Ford,Fiesta,Gasoline,,Used,18900,"140,0",2020,"9,846917201047734",2,"9,855931202674853","-0,009014001627118517","0,009014001627118517"
16914,Volkswagen,Golf,Gasoline,Automatic,Used,37825,"245,0",2019,"10,540725538656556",3,"10,348289916178993","0,19243562247756252","0,19243562247756252"
103000,Opel,Zafira Tourer,Gasoline,Manual,Used,10900,"140,0",2015,"9,296518068217235",7,"9,192808041907053","0,103710026310182","0,103710026310182"
226000,Volkswagen,Caddy,Diesel,Manual,Used,6599,"102,0",2014,"8,794673401383422",8,"9,03138541781031","-0,23671201642688722","0,23671201642688722"
38640,Skoda,Fabia,Gasoline,Manual,Used,9980,"95,0",2018,"9,20833836930551",4,"9,329778342311059","-0,12143997300554865","0,12143997300554865"
15900,Volkswagen,T-Roc,Gasoline,Automatic,Used,38740,"300,0",2020,"10,564627936960987",2,"10,519827969028857","0,04479996793213026","0,04479996793213026"
85000,Volkswagen,Polo,Diesel,Manual,Demonstration,7990,"75,0",2012,"8,98594603876032",10,"8,752691918114218","0,23325412064610163","0,23325412064610163"
50,Ford,Fiesta,Gasoline,Manual,Used,13750,"75,0",2020,"9,528794103094718",2,"9,505431006678265","0,02336309641645329","0,02336309641645329"
109144,Renault,Megane,Diesel,Manual,Used,6450,"110,0",2014,"8,771835409789817",8,"9,078207101964164","-0,3063716921743467","0,3063716921743467"
190000,Volkswagen,Amarok,Diesel,Manual,Used,15600,"163,0",2013,"9,655026193237628",9,"8,911127992179846","0,7438982010577817","0,7438982010577817"
51192,Opel,Crossland X,Gasoline,Manual,Used,12890,"110,0",2018,"9,464207095933233",4,"9,54634882783434","-0,08214173190110685","0,08214173190110685"
8200,Ford,Puma,Gasoline,Automatic,Used,25980,"125,0",2020,"10,165082290224591",2,"9,98612334348049","0,1789589467441015","0,1789589467441015"
491,Ford,Fiesta,Gasoline,Manual,Used,10390,"75,0",2020,"9,248599084093273",2,"9,468639578581945","-0,22004049448867136","0,22004049448867136"
35707,Opel,Karl,Gasoline,Manual,Used,8990,"73,0",2019,"9,103868127465667",3,"9,113845538884538","-0,00997741141887154","0,00997741141887154"
59275,Volkswagen,Golf,Gasoline,Automatic,Used,13911,"110,0",2016,"9,54043517305957",6,"9,501390683142848","0,039044489916722824","0,039044489916722824"
50076,Renault,,Diesel,Manual,Used,14290,"110,0",2018,"9,567315270923913",4,"9,49437087430209","0,07294439662182306","0,07294439662182306"
34100,Volkswagen,up!,Gasoline,Manual,Used,9990,"75,0",2016,"9,2093398716426",6,"9,027039328546735","0,18230054309586485","0,18230054309586485"
15,Ford,Tourneo Custom,Electric/Diesel,Manual,Pre-registered,39970,"185,0",2021,"10,59588445170537",1,"10,495083500972196","0,10080095073317352","0,10080095073317352"
10,Skoda,Fabia,Gasoline,Manual,Pre-registered,15380,"95,0",2020,"9,640823243059636",2,"9,650152669933151","-0,009329426873515345","0,009329426873515345"
228500,Volkswagen,CC,Gasoline,Automatic,Used,9990,"211,0",2013,"9,2093398716426",9,"9,276917694105702","-0,06757782246310207","0,06757782246310207"
254590,Volkswagen,Passat Variant,Diesel,Manual,Used,5000,"105,0",2011,"8,517193191416238",11,"8,629115449915579","-0,1119222584993409","0,1119222584993409"
225884,Volkswagen,Polo,Diesel,Manual,Used,5700,"75,0",2012,"8,648221453822641",10,"8,498157934192372","0,15006351963026887","0,15006351963026887"
66074,Opel,Mokka X,Gasoline,Manual,Used,12450,"120,0",2019,"9,429475901892854",3,"9,552836793543817","-0,12336089165096276","0,12336089165096276"
35500,Ford,Fiesta,Gasoline,Manual,Used,6999,"82,0",2012,"8,85352256068954",10,"8,793454546173647","0,06006801451589183","0,06006801451589183"
15196,Volkswagen,T-Roc,Diesel,Automatic,Used,26771,"150,0",2019,"10,195074491065121",3,"10,251038410952845","-0,055963919887723534","0,055963919887723534"
7000,Volkswagen,Golf,Gasoline,Manual,Demonstration,30333,"150,0",2020,"10,319991507759509",2,"10,129416095869384","0,1905754118901246","0,1905754118901246"
25298,Renault,ZOE,Electric,Automatic,Used,6990,"58,0",2016,"8,852235835227855",6,"9,017170031635493","-0,1649341964076374","0,1649341964076374"
91663,Opel,Corsa,Gasoline,Manual,Used,5299,"69,0",2012,"8,575273402492762",10,"8,640290013299785","-0,0650166108070227","0,0650166108070227"
41390,Ford,Kuga,Gasoline,Automatic,Used,22650,"182,0",2018,"10,02791513091118",4,"9,96420424731401","0,06371088359717092","0,06371088359717092"
79000,Ford,Fiesta,Gasoline,Manual,Used,5550,"80,0",2013,"8,62155320674048",9,"8,789524138096208","-0,16797093135572894","0,16797093135572894"
41388,Volkswagen,up!,Gasoline,Automatic,Used,9888,"60,0",2018,"9,199077179697472",4,"9,213062407001637","-0,013985227304164738","0,013985227304164738"
6565,Volkswagen,Polo,Gasoline,Automatic,Employee's car,18490,"95,0",2020,"9,82498532438117",2,"9,789492972111669","0,03549235226950209","0,03549235226950209"
99500,Volkswagen,Golf Variant,Diesel,Automatic,Used,13949,"110,0",2015,"9,543163100092235",7,"9,282153376191301","0,26100972390093347","0,26100972390093347"
51427,Ford,Transit Courier,Diesel,Manual,Used,11300,"75,0",2017,"9,332558004700433",5,"9,161403429257424","0,17115457544300838","0,17115457544300838"
21962,Opel,Corsa,Gasoline,Manual,Used,10500,"90,0",2019,"9,259130536145614",3,"9,3609164037916","-0,10178586764598663","0,10178586764598663"
94500,Ford,Fiesta,Gasoline,Manual,Used,5800,"82,0",2012,"8,66561319653451",10,"8,66916934164317","-0,0035561451086607576","0,0035561451086607576"
25997,Volkswagen,Polo,Gasoline,Manual,Used,11490,"65,0",2019,"9,3492323708428",3,"9,303512858681753","0,04571951216104786","0,04571951216104786"
9486,Renault,Clio,Gasoline,Manual,Used,13990,"101,0",2020,"9,546098067659527",2,"9,672222085930466","-0,12612401827093933","0,12612401827093933"
4561,Ford,Fiesta,Gasoline,Manual,Used,12650,"86,0",2019,"9,445412494155667",3,"9,489880353461169","-0,044467859305502344","0,044467859305502344"
291000,Opel,Astra,Diesel,Automatic,Used,4999,"165,0",2015,"8,51699317141357",7,"8,714746653420152","-0,19775348200658094","0,19775348200658094"
50000,Opel,Corsa,Gasoline,Manual,Used,4970,"87,0",2012,"8,511175119090675",10,"8,74377535568559","-0,2326002365949158","0,2326002365949158"
27083,Volkswagen,up!,Gasoline,Manual,Demonstration,9735,"60,0",2018,"9,1834829178063",4,"9,033655312896112","0,14982760491018787","0,14982760491018787"
4500,Volkswagen,T-Roc,Gasoline,Manual,Used,25880,"150,0",2020,"10,161225748614838",2,"10,10940852053036","0,05181722808447731","0,05181722808447731"
49249,Renault,Megane,Gasoline,Manual,Used,8990,"132,0",2015,"9,103868127465667",7,"9,308230845406458","-0,20436271794079097","0,20436271794079097"
165583,Skoda,Octavia,Diesel,Manual,Used,5990,"140,0",2011,"8,697846691109495",11,"9,024393438357441","-0,32654674724794575","0,32654674724794575"
44631,Ford,EcoSport,Gasoline,Manual,Used,10970,"125,0",2015,"9,302919553269277",7,"9,374934780243844","-0,07201522697456753","0,07201522697456753"
52726,Volkswagen,Polo,Gasoline,Automatic,Used,12440,"90,0",2017,"9,42867236629317",5,"9,313113986147373","0,11555838014579756","0,11555838014579756"
21576,Volkswagen,T-Roc,Gasoline,Automatic,Demonstration,31111,"150,0",2020,"10,345316733380217",2,"10,134075510805928","0,211241222574289","0,211241222574289"
218690,Volkswagen,Passat Variant,Gasoline,Automatic,Used,7777,"160,0",2013,"8,958925938694943",9,"9,031908448902303","-0,07298251020736046","0,07298251020736046"
76817,Ford,Fiesta,Gasoline,Manual,Used,8990,"101,0",2016,"9,103868127465667",6,"9,102818993506684","0,001049133958982651","0,001049133958982651"
95050,Volkswagen,Golf,Gasoline,Manual,Used,12299,"140,0",2014,"9,41727323724241",8,"9,209471856412678","0,2078013808297321","0,2078013808297321"
100510,Ford,Kuga,Gasoline,Manual,Used,13990,"150,0",2016,"9,546098067659527",6,"9,395620336663494","0,15047773099603212","0,15047773099603212"
123000,Opel,Astra,Diesel,Manual,Used,6850,"110,0",2015,"8,83200393125627",7,"9,04221139938778","-0,21020746813150915","0,21020746813150915"
227000,Volkswagen,Golf,Diesel,Manual,Used,5299,"140,0",2011,"8,575273402492762",11,"8,937692777390446","-0,3624193748976836","0,3624193748976836"
114500,Opel,Astra,Diesel,Manual,Used,9299,"110,0",2017,"9,137662146478197",5,"9,17310962474234","-0,03544747826414252","0,03544747826414252"
23200,Volkswagen,up!,Gasoline,Manual,Used,10790,"60,0",2019,"9,28637505825218",3,"9,146875655297869","0,13949940295431063","0,13949940295431063"
10,Ford,EcoSport,Gasoline,Manual,Used,17970,"125,0",2018,"9,796458979777604",4,"9,792201909349973","0,004257070427630794","0,004257070427630794"
10,Volkswagen,T-Cross,Gasoline,Manual,Pre-registered,19780,"95,0",2021,"9,892426605176704",1,"9,713888503814639","0,17853810136206505","0,17853810136206505"
66000,Volkswagen,up!,Gasoline,Manual,Used,7689,"60,0",2017,"8,94754601503218",5,"8,887996579560609","0,05954943547157221","0,05954943547157221"
20,Ford,Fiesta,Gasoline,Manual,Pre-registered,12790,"75,0",2020,"9,456418894572888",2,"9,502946370166143","-0,04652747559325476","0,04652747559325476"
18330,Volkswagen,Golf Variant,Gasoline,Manual,Used,14970,"125,0",2017,"9,613803477413674",5,"9,57537636728721","0,03842711012646305","0,03842711012646305"
35510,Opel,Karl,Gasoline,Manual,Used,7990,"75,0",2016,"8,98594603876032",6,"9,031147167224823","-0,045201128464503526","0,045201128464503526"
9984,Opel,Astra,Gasoline,Manual,Used,13580,"105,0",2019,"9,516353401112687",3,"9,60595776320393","-0,08960436209124367","0,08960436209124367"
98700,Opel,Corsa,Gasoline,Manual,Used,6400,"101,0",2014,"8,764053269347762",8,"8,882442993232543","-0,1183897238847802","0,1183897238847802"
93000,Volkswagen,Tiguan,Gasoline,Automatic,Used,15000,"179,0",2011,"9,615805480084347",11,"9,141037927429014","0,474767552655333","0,474767552655333"
86268,Renault,ZOE,Electric,Automatic,Used,6490,"58,0",2015,"8,778017809698136",7,"8,803930517086267","-0,02591270738813023","0,02591270738813023"
19800,Ford,Transit Connect,Diesel,Manual,Used,12990,"95,0",2016,"9,471935109664646",6,"9,34343551850808","0,12849959115656517","0,12849959115656517"
18098,Renault,Twingo,Gasoline,Manual,Used,10490,"92,0",2020,"9,258177701390343",2,"9,381133824120843","-0,12295612273049983","0,12295612273049983"
7060,Ford,Fiesta,Gasoline,Manual,Used,13440,"95,0",2020,"9,50599061407714",2,"9,677276846170884","-0,1712862320937436","0,1712862320937436"
40562,Volkswagen,Passat Variant,Gasoline,Manual,Used,18444,"150,0",2018,"9,822494393326597",4,"9,833195203763127","-0,010700810436530261","0,010700810436530261"
103950,Volkswagen,Polo,Diesel,Manual,Used,8980,"75,0",2016,"9,102755161296246",6,"8,927010696793108","0,17574446450313808","0,17574446450313808"
3500,Ford,Focus,Gasoline,Manual,Used,18445,"125,0",2019,"9,822548610030776",3,"9,806484260645258","0,01606434938551793","0,01606434938551793"
67839,Opel,Corsa,Diesel,Manual,Used,7350,"75,0",2016,"8,902455592206882",6,"9,051784528183111","-0,14932893597622865","0,14932893597622865"
5000,Skoda,Karoq,Gasoline,Automatic,Demonstration,28990,"150,0",2020,"10,274706221915702",2,"10,211430448652234","0,06327577326346834","0,06327577326346834"
83839,Volkswagen,Golf,Gasoline,Manual,Used,8980,"86,0",2013,"9,102755161296246",9,"8,8403002172414","0,2624549440548467","0,2624549440548467"
110800,Skoda,Superb,Gasoline,Automatic,Used,18779,"220,0",2016,"9,840494503208207",6,"9,89923866552755","-0,05874416231934276","0,05874416231934276"
99200,Opel,Astra,Gasoline,Manual,Used,7900,"120,0",2013,"8,974618038455112",9,"8,930692726359581","0,04392531209553141","0,04392531209553141"
9135,Ford,Fiesta,Gasoline,Manual,Used,14344,"86,0",2019,"9,571087015284968",3,"9,492521480998883","0,07856553428608493","0,07856553428608493"
23000,Opel,Adam,Gasoline,Manual,Used,8200,"87,0",2014,"9,011889433252344",8,"9,000658375458524","0,011231057793819943","0,011231057793819943"
7500,Renault,Twingo,Gasoline,Manual,Demonstration,10880,"92,0",2019,"9,294681520409934",3,"9,33260138790969","-0,037919867499756066","0,037919867499756066"
139990,Opel,Insignia,Diesel,Manual,Used,6998,"160,0",2011,"8,853379672927634",11,"8,97985308026821","-0,12647340734057622","0,12647340734057622"
33500,Opel,Corsa,Gasoline,Manual,Used,6999,"69,0",2014,"8,85352256068954",8,"8,774362318340675","0,07916024234886443","0,07916024234886443"
55154,Skoda,Fabia,Gasoline,Manual,Used,8750,"60,0",2017,"9,07680897935166",5,"8,919480028934368","0,157328950417293","0,157328950417293"
159000,Ford,C-Max,Gasoline,Manual,Used,5000,"105,0",2011,"8,517193191416238",11,"8,706076567139098","-0,18888337572285963","0,18888337572285963"
189172,Opel,Insignia,Diesel,Manual,Used,5700,"160,0",2011,"8,648221453822641",11,"8,735390491988227","-0,08716903816558563","0,08716903816558563"
35278,Volkswagen,Golf,Gasoline,Manual,Used,14349,"110,0",2015,"9,571435532348406",7,"9,359608345819428","0,21182718652897847","0,21182718652897847"
35847,Renault,Megane,Diesel,Manual,Used,12990,"110,0",2018,"9,471935109664646",4,"9,492830361721424","-0,020895252056778446","0,020895252056778446"
12776,Renault,Twingo,Gasoline,Manual,Used,9790,"90,0",2020,"9,189116735524555",2,"9,573228119268162","-0,38411138374360654","0,38411138374360654"
50000,Ford,Grand C-Max,Gasoline,Automatic,Used,14500,"150,0",2015,"9,581903928408666",7,"9,672879338675397","-0,09097541026673106","0,09097541026673106"
134000,Ford,Transit Connect,Diesel,Manual,Used,4700,"75,0",2011,"8,45531778769815",11,"8,64976619144586","-0,19444840374771033","0,19444840374771033"
66000,Ford,Focus,Gasoline,Manual,Used,9480,"150,0",2013,"9,156939595249067",9,"9,330792697525323","-0,17385310227625617","0,17385310227625617"
25792,Renault,Megane,Gasoline,Manual,Used,13989,"132,0",2017,"9,546026585476431",5,"9,59668113245827","-0,05065454698183913","0,05065454698183913"
26141,Ford,Fiesta,Gasoline,Manual,Used,8880,"60,0",2017,"9,091556835986216",5,"9,013282860012252","0,07827397597396413","0,07827397597396413"
76200,Opel,Mokka X,Gasoline,Automatic,Used,15450,"140,0",2016,"9,645364282325891",6,"9,511473281351186","0,13389100097470497","0,13389100097470497"
57776,Renault,Twingo,Gasoline,Manual,Used,7000,"71,0",2015,"8,85366542803745",7,"8,76067451997481","0,09299090806264054","0,09299090806264054"
7603,Ford,Fiesta,Gasoline,Manual,Used,13795,"86,0",2019,"9,532061486651386",3,"9,491133017721973","0,0409284689294136","0,0409284689294136"
87500,Ford,Focus,Gasoline,Manual,Used,7990,"125,0",2012,"8,98594603876032",10,"9,00610199910862","-0,02015596034830125","0,02015596034830125"
10,Renault,Twingo,Gasoline,Manual,Pre-registered,9990,"65,0",2021,"9,2093398716426",1,"9,431510508039453","-0,22217063639685364","0,22217063639685364"
25,Ford,Puma,Gasoline,Manual,Demonstration,31990,"200,0",2021,"10,373178632943564",1,"10,189398501436905","0,1837801315066585","0,1837801315066585"
24715,Ford,Focus,Gasoline,Manual,Employee's car,17214,"125,0",2020,"9,75347828520942",2,"9,808683494405688","-0,05520520919626826","0,05520520919626826"
138995,Ford,Mondeo,Diesel,Automatic,Used,8990,"200,0",2011,"9,103868127465667",11,"9,17684517826833","-0,07297705080266326","0,07297705080266326"
138174,Opel,Meriva,Gasoline,Manual,Used,5987,"140,0",2011,"8,697345730925353",11,"8,830738442136404","-0,13339271121105156","0,13339271121105156"
168000,Opel,Corsa,Gasoline,Manual,Used,5200,"69,0",2016,"8,556413904569519",6,"8,634813149233318","-0,07839924466379955","0,07839924466379955"
11377,Renault,Clio,Gasoline,Automatic,Used,17489,"131,0",2020,"9,769327390849192",2,"9,961156702482834","-0,1918293116336418","0,1918293116336418"
102516,Volkswagen,T5 Transporter,Diesel,Automatic,Used,24440,"179,0",2015,"10,103976413285531",7,"9,808495491886994","0,29548092139853743","0,29548092139853743"
2076,Ford,Fiesta,Electric/Gasoline,Manual,Used,16890,"125,0",2020,"9,734477009801846",2,"9,902018869780857","-0,1675418599790106","0,1675418599790106"
60000,Volkswagen,Golf Sportsvan,Diesel,Manual,Used,13950,"150,0",2014,"9,543234787249512",8,"9,546610615050113","-0,0033758278006015274","0,0033758278006015274"
41000,Opel,Corsa,Gasoline,Manual,Used,8840,"90,0",2016,"9,08704215563169",6,"9,143369313306838","-0,05632715767514895","0,05632715767514895"
7001,Opel,Corsa,Gasoline,Manual,Used,8990,"69,0",2019,"9,103868127465667",3,"9,284725396886365","-0,18085726942069869","0,18085726942069869"
66787,Skoda,Octavia,Diesel,Automatic,Used,12990,"140,0",2013,"9,471935109664646",9,"9,446185663318863","0,0257494463457828","0,0257494463457828"
10,Opel,Corsa,Electric,Automatic,Used,28850,"136,0",2021,"10,269865271936245",1,"10,224852080151468","0,04501319178477736","0,04501319178477736"
170000,Volkswagen,Tiguan,Diesel,Automatic,Used,13000,"177,0",2014,"9,472704636443673",8,"9,382941806700163","0,0897628297435098","0,0897628297435098"
71000,Skoda,Citigo,Gasoline,Manual,Used,5850,"75,0",2014,"8,674196940225903",8,"8,74586891649303","-0,07167197626712785","0,07167197626712785"
171023,Opel,Insignia,Gasoline,Manual,Used,7990,"260,0",2011,"8,98594603876032",11,"9,26088254778521","-0,2749365090248901","0,2749365090248901"
44676,Volkswagen,Polo,Gasoline,Automatic,Used,12445,"179,0",2012,"9,429074214801693",10,"9,430619519072694","-0,001545304271001413","0,001545304271001413"
13491,Ford,S-Max,Diesel,Automatic,Demonstration,32553,"190,0",2020,"10,390624809288317",2,"10,428143403546622","-0,03751859425830517","0,03751859425830517"
75216,Volkswagen,up!,Gasoline,Manual,Used,6300,"60,0",2016,"8,748304912379623",6,"8,808606317811039","-0,06030140543141549","0,06030140543141549"
3690,Skoda,Scala,Gasoline,Automatic,Used,17880,"116,0",2020,"9,791438048727505",2,"10,011465285273106","-0,22002723654560086","0,22002723654560086"
99870,Skoda,Fabia,Gasoline,Manual,Used,5780,"69,0",2015,"8,662158961666423",7,"8,74486633325488","-0,08270737158845698","0,08270737158845698"
54400,Volkswagen,up!,Gasoline,Automatic,Used,10440,"75,0",2017,"9,25339986143663",5,"9,200393184061687","0,05300667737494358","0,05300667737494358"
8740,Ford,Kuga,Diesel,Manual,Employee's car,25750,"150,0",2020,"10,156189906091882",2,"10,215628125608731","-0,059438219516849244","0,059438219516849244"
58500,Ford,Edge,Diesel,Automatic,Used,29500,"209,0",2018,"10,292145542327912",4,"10,26012205394578","0,03202348838213176","0,03202348838213176"
100,Ford,Puma,Gasoline,Automatic,Pre-registered,26687,"125,0",2021,"10,191931834432474",1,"10,104434165741512","0,0874976686909612","0,0874976686909612"
148000,Volkswagen,Caddy,Diesel,Manual,Used,5990,"75,0",2013,"8,697846691109495",9,"8,631637071610228","0,06620961949926674","0,06620961949926674"
77000,Volkswagen,Polo,Gasoline,Manual,Used,5990,"69,0",2012,"8,697846691109495",10,"8,657412194902335","0,04043449620716011","0,04043449620716011"
33656,Opel,Astra,Gasoline,Manual,Used,13995,"125,0",2017,"9,546455401949554",5,"9,525727403435027","0,020727998514527002","0,020727998514527002"
95600,Opel,Astra,Gasoline,Manual,Used,7900,"120,0",2015,"8,974618038455112",7,"9,11179344141438","-0,1371754029592669","0,1371754029592669"
48000,Opel,Corsa,Gasoline,Manual,Used,4990,"69,0",2013,"8,515191188745565",9,"8,735292327224435","-0,2201011384788707","0,2201011384788707"
15702,Ford,Fiesta,Gasoline,Automatic,Used,11850,"101,0",2017,"9,380083146563278",5,"9,474476338510584","-0,09439319194730622","0,09439319194730622"
63899,Renault,Talisman,Gasoline,Automatic,Used,16890,"150,0",2016,"9,734477009801846",6,"9,742784531216097","-0,00830752141425073","0,00830752141425073"
22132,Ford,Mondeo,Diesel,Automatic,Employee's car,26650,"150,0",2020,"10,19054442959399",2,"10,239753626214329","-0,04920919662033896","0,04920919662033896"
172000,Volkswagen,Tiguan,Diesel,Manual,Used,10800,"170,0",2012,"9,287301413112312",10,"9,133462962032425","0,1538384510798867","0,1538384510798867"
68790,Opel,Astra,Gasoline,Manual,Used,7450,"116,0",2011,"8,915969311373605",11,"8,803868862796296","0,1121004485773085","0,1121004485773085"
150533,Opel,Astra,Diesel,Manual,Used,7480,"110,0",2018,"8,919988070968524",4,"9,043826883304849","-0,12383881233632543","0,12383881233632543"
6000,Renault,Clio,Gasoline,Manual,Demonstration,18190,"91,0",2021,"9,808627271512169",1,"9,775062250952567","0,03356502055960142","0,03356502055960142"
1100,Volkswagen,Polo,Gasoline,Automatic,Demonstration,19750,"95,0",2021,"9,890908770329268",1,"9,89655750862474","-0,005648738295471745","0,005648738295471745"
80000,Volkswagen,Polo,Gasoline,Manual,Used,7490,"90,0",2013,"8,921324076511265",9,"8,863912262587842","0,05741181392342298","0,05741181392342298"
54400,Ford,Fiesta,Gasoline,Manual,Used,8180,"82,0",2016,"9,009447429596793",6,"9,063005673245163","-0,0535582436483697","0,0535582436483697"
50,Volkswagen,Tiguan,Gasoline,Automatic,Pre-registered,32399,"150,0",2021,"10,38588283710658",1,"10,28141471518612","0,10446812192046018","0,10446812192046018"
650,Ford,Galaxy,Diesel,Automatic,Demonstration,34390,"150,0",2021,"10,445521103426312",1,"10,466556172227031","-0,02103506880071926","0,02103506880071926"
5900,Skoda,Octavia,Gasoline,Automatic,Demonstration,22990,"131,0",2020,"10,042814617757227",2,"10,01269855915375","0,030116058603477214","0,030116058603477214"
194000,Volkswagen,Touran,Diesel,Manual,Used,7950,"140,0",2012,"8,980927207648378",10,"8,97496786792181","0,005959339726567592","0,005959339726567592"
133160,Ford,Focus,Diesel,Manual,Used,6990,"105,0",2015,"8,852235835227855",7,"9,10075485405925","-0,24851901883139504","0,24851901883139504"
162700,Volkswagen,Sharan,Diesel,Automatic,Used,12999,"140,0",2015,"9,47262771040802",7,"9,247637497205071","0,22499021320294865","0,22499021320294865"
12790,Opel,Corsa,Gasoline,Manual,Used,14290,"101,0",2020,"9,567315270923913",2,"9,6471349455417","-0,07981967461778616","0,07981967461778616"
49429,Skoda,Fabia,Gasoline,Manual,Used,7900,"105,0",2012,"8,974618038455112",10,"9,084919157456","-0,11030111900088713","0,11030111900088713"
107000,Opel,Meriva,Gasoline,Manual,Used,5490,"120,0",2011,"8,610683534503575",11,"8,73628238778535","-0,12559885328177423","0,12559885328177423"
150130,Volkswagen,Golf,Diesel,Automatic,Used,12680,"110,0",2015,"9,447781227991216",7,"9,073948370854813","0,3738328571364029","0,3738328571364029"
39900,Volkswagen,Golf,Electric/Gasoline,Automatic,Used,22479,"150,0",2016,"10,020336819032421",6,"9,896005830626672","0,12433098840574885","0,12433098840574885"
100000,Ford,Fiesta,Gasoline,Manual,Used,5650,"82,0",2014,"8,639410824140487",8,"8,764657877065208","-0,1252470529247205","0,1252470529247205"
55,Ford,Kuga,Diesel,Automatic,Demonstration,36470,"190,0",2020,"10,504245283802726",2,"10,464378686858213","0,03986659694451333","0,03986659694451333"
5,Renault,Captur,Electric/Gasoline,Automatic,Used,32990,"91,0",2020,"10,403959764222627",2,"9,907316913535865","0,4966428506867615","0,4966428506867615"
77000,Ford,C-Max,Gasoline,Manual,Used,8490,"150,0",2011,"9,046644279305394",11,"9,076297478754132","-0,02965319944873812","0,02965319944873812"
91200,Volkswagen,Golf Cabriolet,Gasoline,Manual,Used,10800,"122,0",2013,"9,287301413112312",9,"9,195756467387689","0,0915449457246229","0,0915449457246229"
37357,Renault,Koleos,Diesel,Manual,Used,21990,"177,0",2017,"9,998343083548807",5,"10,01546364971113","-0,017120566162322604","0,017120566162322604"
10,Skoda,Scala,Gasoline,Manual,Used,15490,"95,0",2020,"9,647949933410914",2,"9,650152669933151","-0,0022027365222374584","0,0022027365222374584"
38000,Volkswagen,up!,Gasoline,Manual,Used,5999,"60,0",2015,"8,699348067653093",7,"8,848795638401235","-0,1494475707481424","0,1494475707481424"
71254,Skoda,Citigo,Gasoline,Manual,Used,6930,"60,0",2017,"8,84361509218395",5,"8,866184814413641","-0,02256972222969189","0,02256972222969189"
37000,Renault,ZOE,Electric,Automatic,Used,10470,"58,0",2018,"9,256269303864583",4,"9,27866471958672","-0,022395415722137102","0,022395415722137102"
119408,Skoda,Fabia,Gasoline,Manual,Used,6599,"86,0",2013,"8,794673401383422",9,"8,75306859266521","0,04160480871821193","0,04160480871821193"
8378,Opel,Adam,Gasoline,Manual,Used,13097,"87,0",2019,"9,480138475329403",3,"9,452608848932774","0,02752962639662826","0,02752962639662826"
136380,Skoda,Fabia,Gasoline,Manual,Used,6471,"75,0",2018,"8,775085935057266",4,"8,837393354763446","-0,0623074197061797","0,0623074197061797"
13710,Ford,Focus,Gasoline,Automatic,Used,26480,"150,0",2019,"10,184145010050944",3,"10,098959648538816","0,08518536151212786","0,08518536151212786"
24043,Volkswagen,Passat Variant,Diesel,Automatic,Used,21980,"120,0",2019,"9,997888227957612",3,"9,965752666395783","0,032135561561828396","0,032135561561828396"
63000,Skoda,Citigo,Gasoline,Manual,Used,6999,"60,0",2018,"8,85352256068954",4,"8,938411718842536","-0,08488915815299691","0,08488915815299691"
52326,Volkswagen,up!,Gasoline,Manual,Used,7299,"75,0",2016,"8,895492631451633",6,"8,982830906792612","-0,08733827534097927","0,08733827534097927"
87760,Volkswagen,Golf,Gasoline,Manual,Used,6990,"122,0",2011,"8,852235835227855",11,"9,090597304970762","-0,23836146974290706","0,23836146974290706"
27115,Renault,Twingo,Gasoline,Manual,Used,6790,"75,0",2014,"8,823206220552741",8,"8,847020485053399","-0,0238142645006576","0,0238142645006576"
186000,Volkswagen,Golf Variant,Diesel,Manual,Used,6380,"105,0",2013,"8,760923376338836",9,"8,796271373631624","-0,03534799729278859","0,03534799729278859"
9295,Skoda,Fabia,Gasoline,Manual,Used,12480,"95,0",2019,"9,43188264192342",3,"9,584771093100823","-0,1528884511774038","0,1528884511774038"
17350,Volkswagen,Golf,Diesel,Automatic,Used,17700,"116,0",2019,"9,78131991856192",3,"10,001696258256292","-0,2203763396943721","0,2203763396943721"
104500,Skoda,Octavia,Diesel,Automatic,Used,13985,"150,0",2015,"9,54574060563606",7,"9,575622223464546","-0,029881617828484863","0,029881617828484863"
240000,Volkswagen,Passat Variant,Diesel,Automatic,Used,7499,"140,0",2011,"8,92252495730139",11,"8,84187423395082","0,08065072335056911","0,08065072335056911"
70000,Volkswagen,up!,Gasoline,Manual,Used,6399,"75,0",2014,"8,76389700713946",8,"8,753416670841021","0,010480336298439141","0,010480336298439141"
63650,Ford,Fiesta,Gasoline,Manual,Used,5500,"60,0",2014,"8,612503371220562",8,"8,701649440724598","-0,08914606950403581","0,08914606950403581"
4800,Skoda,Octavia,Gasoline,Manual,Demonstration,31439,"150,0",2021,"10,355804439421526",1,"10,288972681642534","0,06683175777899208","0,06683175777899208"
14522,Renault,Twingo,Gasoline,Manual,Used,7900,"69,0",2017,"8,974618038455112",5,"9,073668208688776","-0,09905017023366369","0,09905017023366369"
123000,Renault,Scenic,Diesel,Automatic,Used,5990,"110,0",2012,"8,697846691109495",10,"8,903866508774009","-0,20601981766451338","0,20601981766451338"
114000,Renault,Megane,Gasoline,Manual,Used,6650,"116,0",2013,"8,8023721336499",9,"8,807481284372539","-0,005109150722638844","0,005109150722638844"
81150,Ford,B-Max,Gasoline,Manual,Used,7890,"101,0",2015,"8,97335141383992",7,"8,98836455307573","-0,015013139235810158","0,015013139235810158"
54000,Ford,Fiesta,Gasoline,Manual,Used,13300,"219,0",2015,"9,495519314209846",7,"9,766774491962721","-0,27125517775287555","0,27125517775287555"
59500,Volkswagen,Passat Variant,Gasoline,Manual,Used,15890,"150,0",2015,"9,673445259530762",7,"9,491410334747354","0,18203492478340877","0,18203492478340877"
75000,Renault,Twingo,Gasoline,Manual,Used,6900,"71,0",2014,"8,83927669058535",8,"8,657606108823222","0,1816705817621287","0,1816705817621287"
20000,Skoda,Scala,Gasoline,Manual,Used,19440,"150,0",2020,"9,87508807801443",2,"10,051292676776113","-0,17620459876168226","0,17620459876168226"
16379,Volkswagen,Tiguan,Gasoline,Automatic,Used,39880,"220,0",2019,"10,593630224075774",3,"10,42593085268082","0,1676993713949546","0,1676993713949546"
69490,Volkswagen,up!,Gasoline,Manual,Used,5490,"60,0",2017,"8,610683534503575",5,"8,86911952031536","-0,2584359858117846","0,2584359858117846"
20,Ford,Puma,Gasoline,Automatic,Used,23500,"125,0",2021,"10,06475570013225",1,"10,044453954569747","0,02030174556250408","0,02030174556250408"
1354,Opel,Corsa,Gasoline,Manual,Used,15980,"101,0",2021,"9,679093219320265",1,"9,774008366413666","-0,09491514709340088","0,09491514709340088"
100000,Renault,Clio,Diesel,Manual,Used,7140,"75,0",2016,"8,87346805533363",6,"8,928409565378775","-0,05494151004514514","0,05494151004514514"
61067,Volkswagen,Touran,Gasoline,Manual,Used,10890,"105,0",2014,"9,295600215927006",8,"9,234027962160814","0,06157225376619202","0,06157225376619202"
74500,Renault,Clio,Gasoline,Manual,Used,7990,"73,0",2015,"8,98594603876032",7,"8,844791419234324","0,14115461952599517","0,14115461952599517"
13430,Ford,Grand C-Max,Gasoline,Manual,Used,11900,"101,0",2016,"9,38429367909962",6,"9,296597485724421","0,08769619337519963","0,08769619337519963"
12480,Ford,Fiesta,Gasoline,Manual,Used,6444,"60,0",2011,"8,770904744296866",11,"8,71203265346294","0,058872090833926194","0,058872090833926194"
185000,Opel,Insignia,Diesel,Manual,Used,6699,"160,0",2013,"8,809713540508268",9,"8,875727326865787","-0,06601378635751942","0,06601378635751942"
22900,Renault,Twingo,Gasoline,Manual,Used,7399,"69,0",2018,"8,90910013492555",4,"9,124521871708982","-0,21542173678343168","0,21542173678343168"
60000,Renault,Kadjar,Gasoline,Manual,Used,12499,"131,0",2016,"9,433403920090221",6,"9,411135422346678","0,02226849774354278","0,02226849774354278"
119133,Volkswagen,Golf Variant,Diesel,Manual,Used,12980,"150,0",2018,"9,471164990258082",4,"9,708646738950595","-0,23748174869251315","0,23748174869251315"
15830,Volkswagen,Polo,Diesel,Manual,Used,15940,"95,0",2019,"9,676586952344206",3,"9,610112584699495","0,0664743676447106","0,0664743676447106"
48000,Renault,Twingo,Gasoline,Manual,Used,5990,"71,0",2015,"8,697846691109495",7,"8,77830514205526","-0,08045845094576443","0,08045845094576443"
74611,Opel,Meriva,Gasoline,Manual,Used,6990,"101,0",2012,"8,852235835227855",10,"8,79753205161553","0,054703783612325196","0,054703783612325196"
10834,Volkswagen,T-Roc,Gasoline,Automatic,Used,35777,"300,0",2020,"10,485060507823594",2,"10,529891773618603","-0,0448312657950094","0,0448312657950094"
184338,Volkswagen,Polo,Diesel,Manual,Used,5700,"75,0",2014,"8,648221453822641",8,"8,608772211426325","0,03944924239631575","0,03944924239631575"
33000,Renault,Clio,Gasoline,Manual,Used,11699,"118,0",2018,"9,367258647047601",4,"9,547380407835202","-0,18012176078760156","0,18012176078760156"
1001,Renault,ZOE,Electric,Automatic,Demonstration,25637,"107,0",2021,"10,151791899508838",1,"9,895783008925111","0,2560088905837272","0,2560088905837272"
18137,Volkswagen,up!,Gasoline,Manual,Used,12980,"90,0",2019,"9,471164990258082",3,"9,385719499969792","0,08544549028828996","0,08544549028828996"
26503,Volkswagen,Polo,Gasoline,Automatic,Used,17990,"116,0",2018,"9,79757132694458",4,"9,770108680375586","0,027462646568993776","0,027462646568993776"
50300,Skoda,Citigo,Gasoline,Manual,Used,7000,"75,0",2016,"8,85366542803745",6,"8,986103316343872","-0,13243788830642167","0,13243788830642167"
16416,Ford,Focus,Gasoline,Manual,Employee's car,17669,"125,0",2020,"9,77956697061665",2,"9,84521270353743","-0,06564573292078002","0,06564573292078002"
10990,Volkswagen,Golf Sportsvan,Gasoline,Manual,Used,19440,"131,0",2020,"9,87508807801443",2,"9,93175793231164","-0,056669854297210165","0,056669854297210165"
73000,Opel,Corsa,Gasoline,Manual,Used,4998,"69,0",2012,"8,516793111394898",10,"8,657689184930666","-0,14089607353576739","0,14089607353576739"
57200,Opel,Corsa,Gasoline,Manual,Used,6250,"69,0",2013,"8,740336742730447",9,"8,707052745657787","0,03328399707265994","0,03328399707265994"
58011,Ford,Kuga,Gasoline,Manual,Used,13589,"150,0",2016,"9,517015920920498",6,"9,580340216091605","-0,06332429517110683","0,06332429517110683"
14600,Skoda,Fabia,Gasoline,Manual,Used,9590,"60,0",2019,"9,168476167877484",3,"9,198208328261835","-0,029732160384350337","0,029732160384350337"
58200,Ford,Fiesta,Gasoline,Manual,Used,5200,"60,0",2013,"8,556413904569519",9,"8,6757948473198","-0,119380942750281","0,119380942750281"
53000,Skoda,Fabia,Gasoline,Manual,Used,9490,"60,0",2016,"9,157993891603974",6,"8,861431700054432","0,2965621915495422","0,2965621915495422"
210000,Opel,Astra,Diesel,Manual,Used,4699,"110,0",2012,"8,455104999102815",10,"8,629891711868872","-0,17478671276605695","0,17478671276605695"
70440,Opel,Meriva,Gasoline,Manual,Used,7999,"120,0",2014,"8,987071812848821",8,"9,095518841866241","-0,10844702901741954","0,10844702901741954"
145488,Ford,Transit,Diesel,Manual,Used,15890,"131,0",2017,"9,673445259530762",5,"9,197763387081201","0,4756818724495613","0,4756818724495613"
73400,Renault,Megane,Gasoline,Manual,Used,11000,"132,0",2016,"9,305650551780507",6,"9,341625277986171","-0,035974726205664","0,035974726205664"
21315,Opel,Corsa,Gasoline,Manual,Used,9500,"69,0",2017,"9,159047077588632",5,"9,051151820268839","0,1078952573197931","0,1078952573197931"
27400,Renault,Twingo,Gasoline,Manual,Used,6000,"75,0",2013,"8,699514748210191",9,"8,738124778202724","-0,03861002999253316","0,03861002999253316"
50000,Opel,Adam,Gasoline,Manual,Used,7900,"87,0",2017,"8,974618038455112",5,"9,171891914425917","-0,19727387597080437","0,19727387597080437"
125113,Opel,Mokka,Diesel,Automatic,Used,10890,"136,0",2015,"9,295600215927006",7,"9,177347994999193","0,11825222092781296","0,11825222092781296"
73500,Renault,Kangoo,Diesel,Manual,Used,6980,"75,0",2014,"8,850804195756417",8,"8,877370716127038","-0,02656652037062024","0,02656652037062024"
127000,Ford,Fiesta,Gasoline,Manual,Used,5990,"80,0",2013,"8,697846691109495",9,"8,677355915751129","0,02049077535836652","0,02049077535836652"
110000,Skoda,Octavia,Diesel,Automatic,Used,17757,"150,0",2019,"9,784535083358834",3,"9,864845283528373","-0,0803102001695386","0,0803102001695386"
15406,Ford,Kuga,Diesel,Manual,Employee's car,30490,"150,0",2020,"10,3251540399823",2,"10,187971927840639","0,13718211214166054","0,13718211214166054"
69614,Ford,Fiesta,Gasoline,Manual,Used,8990,"86,0",2017,"9,103868127465667",5,"9,169697770275098","-0,06582964280943138","0,06582964280943138"
58000,Ford,Fiesta,Gasoline,Manual,Used,8600,"101,0",2015,"9,0595174822416",7,"9,090318249790787","-0,030800767549187924","0,030800767549187924"
190257,Ford,Mondeo,Diesel,Automatic,Used,10580,"179,0",2018,"9,26672070541229",4,"9,716401137680382","-0,4496804322680923","0,4496804322680923"
15710,Opel,Adam,Gasoline,Manual,Used,12797,"87,0",2019,"9,456966047437597",3,"9,41864399124089","0,03832205619670681","0,03832205619670681"
31000,Ford,Fiesta,Gasoline,Manual,Used,7500,"82,0",2015,"8,922658299524402",7,"9,056671558557335","-0,13401325903293326","0,13401325903293326"
119000,Volkswagen,up!,Gasoline,Manual,Used,4680,"75,0",2012,"8,451053388911692",10,"8,580344465204863","-0,12929107629317116","0,12929107629317116"
129520,Skoda,Fabia,Gasoline,Manual,Used,6985,"60,0",2015,"8,851520271691061",7,"8,611054011904526","0,24046625978653502","0,24046625978653502"
118000,Volkswagen,Golf Plus,Diesel,Manual,Used,7600,"140,0",2012,"8,935903526274423",10,"9,201738705022507","-0,26583517874808393","0,26583517874808393"
50,Opel,Corsa,Gasoline,Manual,Used,17390,"101,0",2021,"9,763650607348328",1,"9,752865671152403","0,010784936195925354","0,010784936195925354"
94000,Renault,Kadjar,Diesel,Manual,Used,11980,"110,0",2015,"9,39099387166944",7,"9,171896741791864","0,2190971298775768","0,2190971298775768"
70000,Skoda,Citigo,Gasoline,Manual,Used,4650,"60,0",2014,"8,444622498581403",8,"8,692578034805454","-0,2479555362240511","0,2479555362240511"
193400,Ford,Focus,Diesel,Automatic,Used,7240,"120,0",2016,"8,887376485379763",6,"9,111788737096784","-0,2244122517170215","0,2244122517170215"
13700,Volkswagen,Tiguan,Diesel,Automatic,Used,32900,"150,0",2019,"10,401227936753463",3,"10,253972337334547","0,14725559941891575","0,14725559941891575"
121350,Opel,Zafira Tourer,Diesel,Manual,Used,9790,"136,0",2016,"9,189116735524555",6,"9,142064137544391","0,047052597980163924","0,047052597980163924"
120000,Skoda,Superb,Diesel,Automatic,Used,18500,"190,0",2017,"9,825526011066415",5,"9,95828961223947","-0,13276360117305508","0,13276360117305508"
2347,Ford,Fiesta,Electric/Gasoline,Manual,Used,17380,"125,0",2020,"9,763075398819383",2,"9,902018869780857","-0,13894347096147364","0,13894347096147364"
153800,Skoda,Rapid/Spaceback,Gasoline,Manual,Used,5950,"86,0",2014,"8,691146498539675",8,"8,751480589408516","-0,06033409086884056","0,06033409086884056"
7,Renault,Grand Scenic,Diesel,Manual,Pre-registered,25790,"120,0",2021,"10,15774209887539",1,"10,101772148024178","0,05596995085121215","0,05596995085121215"
33203,Renault,Scenic,Diesel,Automatic,Used,15990,"110,0",2018,"9,679718805828",4,"9,692546772040165","-0,012827966212165975","0,012827966212165975"
35360,Volkswagen,up!,Gasoline,Manual,Used,6990,"60,0",2017,"8,852235835227855",5,"8,958289553532719","-0,10605371830486376","0,10605371830486376"
46800,Volkswagen,Golf,Gasoline,Automatic,Used,12879,"122,0",2014,"9,46335335689267",8,"9,48038462277669","-0,01703126588401993","0,01703126588401993"
57000,Opel,Astra,Gasoline,Manual,Used,7999,"140,0",2013,"8,987071812848821",9,"9,218456931099483","-0,2313851182506621","0,2313851182506621"
160000,Volkswagen,Caddy,Diesel,Manual,Used,12000,"102,0",2013,"9,392661928770137",9,"9,107327493855033","0,2853344349151037","0,2853344349151037"
9837,Renault,ZOE,Electric,Automatic,Used,15890,"72,0",2019,"9,673445259530762",3,"9,58452645255004","0,08891880698072185","0,08891880698072185"
42154,Skoda,Citigo,Gasoline,Manual,Used,7447,"75,0",2016,"8,915566545710645",6,"9,012580136055762","-0,09701359034511725","0,09701359034511725"
45000,Ford,Fiesta,Gasoline,Manual,Used,8750,"80,0",2017,"9,07680897935166",5,"9,168532953401014","-0,09172397404935317","0,09172397404935317"
127000,Renault,ZOE,Electric,,Used,5999,"58,0",2013,"8,699348067653093",9,"8,459248744759009","0,24009932289408376","0,24009932289408376"
39967,Ford,Fiesta,Gasoline,Manual,Used,7999,"80,0",2017,"8,987071812848821",5,"9,144076769003057","-0,1570049561542355","0,1570049561542355"
76310,Opel,Corsa,Diesel,Manual,Used,6630,"75,0",2014,"8,799360083179907",8,"8,868873753875814","-0,06951367069590653","0,06951367069590653"
42500,Volkswagen,Golf,Gasoline,Manual,Used,20964,"230,0",2017,"9,950561959922057",5,"9,962607107002704","-0,012045147080646856","0,012045147080646856"
86262,Volkswagen,Polo,Gasoline,Manual,Used,8590,"75,0",2015,"9,0583540149783",7,"8,813295064068459","0,24505895090984176","0,24505895090984176"
6485,Ford,Focus,Gasoline,Automatic,Employee's car,25780,"150,0",2020,"10,157354276493178",2,"10,2188255939684","-0,061471317475222165","0,061471317475222165"
137000,Ford,Focus,Diesel,Manual,Used,7999,"120,0",2017,"8,987071812848821",5,"9,154768885367387","-0,1676970725185658","0,1676970725185658"
51717,Skoda,Fabia,Gasoline,Manual,Used,9890,"110,0",2015,"9,199279424616758",7,"9,305409980020844","-0,10613055540408567","0,10613055540408567"
14700,Opel,Corsa,Gasoline,Manual,Used,13900,"150,0",2019,"9,539644119118783",3,"9,994397201876998","-0,4547530827582147","0,4547530827582147"
100000,Skoda,Octavia,Gasoline,Manual,Used,7980,"122,0",2012,"8,984693690443855",10,"9,03219646212188","-0,0475027716780243","0,0475027716780243"
52620,Renault,Twingo,Gasoline,Manual,Used,6990,"90,0",2015,"8,852235835227855",7,"9,056290423524006","-0,20405458829615064","0,20405458829615064"
61000,Volkswagen,Arteon,Diesel,Automatic,Used,25900,"150,0",2017,"10,16199824768763",5,"9,978618669665385","0,1833795780222438","0,1833795780222438"
182500,Ford,Focus,Gasoline,Manual,Used,6450,"182,0",2012,"8,771835409789817",10,"8,749546477187389","0,0222889326024287","0,0222889326024287"
29700,Skoda,Fabia,Gasoline,Manual,Used,13250,"110,0",2019,"9,491752831414368",3,"9,614918878786378","-0,12316604737200976","0,12316604737200976"
92500,Volkswagen,Polo,Gasoline,Manual,Used,7650,"90,0",2013,"8,942460926820582",9,"8,825567529351096","0,1168933974694859","0,1168933974694859"
169329,Volkswagen,Golf,Diesel,Manual,Used,8390,"110,0",2016,"9,034795799461252",6,"8,968730357202398","0,06606544225885358","0,06606544225885358"
9999,Volkswagen,Golf,Diesel,Automatic,Demonstration,38975,"150,0",2021,"10,570675693925978",1,"10,46389522754256","0,10678046638341776","0,10678046638341776"
11950,Volkswagen,Golf,Electric,Automatic,Used,21720,"136,0",2019,"9,985988774047872",3,"9,980354892022143","0,005633882025728454","0,005633882025728454"
127000,Volkswagen,Golf Plus,Gasoline,Manual,Used,6790,"86,0",2013,"8,823206220552741",9,"8,738551072657526","0,08465514789521578","0,08465514789521578"
49500,Skoda,Citigo,Gasoline,Manual,Used,7500,"60,0",2017,"8,922658299524402",5,"8,936482306052278","-0,01382400652787652","0,01382400652787652"
30000,Opel,Astra,Gasoline,Manual,Used,11450,"105,0",2018,"9,345745008982385",4,"9,483108215811466","-0,13736320682908065","0,13736320682908065"
37315,Opel,Corsa,Gasoline,Manual,Used,9490,"90,0",2018,"9,157993891603974",4,"9,232176444471717","-0,07418255286774311","0,07418255286774311"
249905,Opel,Astra,Diesel,Manual,Used,6480,"110,0",2017,"8,776475789346321",5,"8,910612129199984","-0,13413633985366324","0,13413633985366324"
31500,Volkswagen,Touran,Gasoline,Automatic,Used,24200,"150,0",2019,"10,094107912144779",3,"10,055321126338068","0,038786785806710355","0,038786785806710355"
89900,Opel,Meriva,Diesel,Manual,Used,9500,"136,0",2016,"9,159047077588632",6,"9,31698194552362","-0,1579348679349888","0,1579348679349888"
243800,Volkswagen,Golf,Diesel,Automatic,Used,7990,"110,0",2015,"8,98594603876032",7,"8,770553216631477","0,2153928221288428","0,2153928221288428"
23087,Volkswagen,Golf Variant,Gasoline,Automatic,Used,33890,"300,0",2019,"10,430875264601097",3,"10,478851769612291","-0,04797650501119399","0,04797650501119399"
164000,Volkswagen,Touran,Diesel,Manual,Used,7900,"105,0",2011,"8,974618038455112",11,"8,785969797289845","0,1886482411652679","0,1886482411652679"
51731,Opel,Zafira,Gasoline,Manual,Used,9950,"120,0",2014,"9,205327830152639",8,"9,151212631364555","0,05411519878808413","0,05411519878808413"
104000,Opel,Astra,Gasoline,Manual,Used,7650,"140,0",2013,"8,942460926820582",9,"9,041787534621436","-0,09932660780085456","0,09932660780085456"
146000,Opel,Insignia,Diesel,Manual,Used,11000,"170,0",2016,"9,305650551780507",6,"9,230431245646114","0,0752193061343931","0,0752193061343931"
8852,Renault,Clio,Gasoline,Manual,Demonstration,9960,"76,0",2019,"9,206332350578643",3,"9,357321737025961","-0,15098938644731774","0,15098938644731774"
63000,Volkswagen,Golf,Gasoline,Automatic,Used,8500,"122,0",2011,"9,047821442478408",11,"9,147735979220405","-0,09991453674199668","0,09991453674199668"
12777,Renault,Captur,Gasoline,Automatic,Used,19990,"131,0",2020,"9,902987427494446",2,"9,953466345720077","-0,050478918225630665","0,050478918225630665"
71856,Volkswagen,Touareg,Diesel,Automatic,Used,31944,"262,0",2018,"10,371739648743057",4,"10,488097745507634","-0,11635809676457676","0,11635809676457676"
52000,Ford,Fiesta,Gasoline,Manual,Used,5999,"82,0",2013,"8,699348067653093",9,"8,811117648506437","-0,11176958085334476","0,11176958085334476"
166554,Skoda,Superb,Diesel,Manual,Used,10490,"170,0",2015,"9,258177701390343",7,"9,199270245718216","0,058907455672127185","0,058907455672127185"
111200,Opel,Astra,Gasoline,Manual,Used,6800,"140,0",2013,"8,824677891164198",9,"9,039057955144079","-0,21438006397988119","0,21438006397988119"
12515,Opel,Astra,Gasoline,Automatic,Used,18990,"145,0",2020,"9,85166780380633",2,"10,04077696428406","-0,18910916047772908","0,18910916047772908"
82844,Opel,Astra,Diesel,Automatic,Used,13450,"165,0",2013,"9,506734385029985",9,"9,256605036217183","0,250129348812802","0,250129348812802"
49550,Renault,ZOE,Electric,Automatic,Used,7699,"58,0",2016,"8,94884572927805",6,"8,983536546509896","-0,03469081723184608","0,03469081723184608"
36725,Volkswagen,up!,Gasoline,Manual,Used,6450,"60,0",2016,"8,771835409789817",6,"8,912851202473052","-0,14101579268323405","0,14101579268323405"
89122,Volkswagen,up!,Gasoline,Manual,Used,5250,"60,0",2012,"8,565983355585669",10,"8,613085773007237","-0,04710241742156818","0,04710241742156818"
15400,Ford,Focus,Gasoline,Manual,Employee's car,29470,"280,0",2020,"10,29112807573174",2,"10,281851637863705","0,009276437868035003","0,009276437868035003"
55200,Skoda,Fabia,Gasoline,Automatic,Used,11990,"110,0",2015,"9,39182824802156",7,"9,39488179912658","-0,003053551105020702","0,003053551105020702"
106100,Opel,Corsa,Gasoline,Manual,Used,4990,"86,0",2011,"8,515191188745565",11,"8,715746465189536","-0,2005552764439713","0,2005552764439713"
39076,Volkswagen,Polo,Gasoline,Manual,Used,10980,"65,0",2018,"9,30383071506352",4,"9,182981753503418","0,12084896156010316","0,12084896156010316"
10804,Volkswagen,Touran,Diesel,Manual,Employee's car,32450,"150,0",2020,"10,387455722132236",2,"10,189498996010578","0,19795672612165838","0,19795672612165838"
130636,Renault,Kangoo,Gasoline,Manual,Used,6000,"106,0",2011,"8,699514748210191",11,"8,701107857134604","-0,0015931089244123342","0,0015931089244123342"
106191,Opel,Zafira Tourer,Diesel,Manual,Used,9280,"136,0",2015,"9,135616825780247",7,"9,201300907393906","-0,06568408161365902","0,06568408161365902"
89500,Ford,C-Max,Gasoline,Manual,Used,9485,"125,0",2013,"9,157466882369114",9,"9,041772049322079","0,11569483304703532","0,11569483304703532"
60000,Opel,Corsa,Gasoline,Manual,Used,5200,"69,0",2014,"8,556413904569519",8,"8,752870553534907","-0,19645664896538761","0,19645664896538761"
95338,Skoda,Octavia,Gasoline,Manual,Used,8490,"105,0",2014,"9,046644279305394",8,"9,129107681151622","-0,08246340184622802","0,08246340184622802"
137000,Volkswagen,Golf,Diesel,Manual,Used,8700,"105,0",2013,"9,071078304642676",9,"8,983868627972244","0,08720967667043134","0,08720967667043134"
80380,Volkswagen,Golf,Diesel,Automatic,Used,12550,"110,0",2016,"9,43747594455993",6,"9,433172326929132","0,004303617630798229","0,004303617630798229"
15,Ford,Tourneo Custom,Diesel,Automatic,Employee's car,41470,"185,0",2021,"10,632725553240427",1,"10,558508029778977","0,07421752346144928","0,07421752346144928"
26245,Opel,Corsa,Gasoline,Manual,Used,6890,"69,0",2016,"8,837826364007704",6,"8,950775966686171","-0,11294960267846754","0,11294960267846754"
176500,Volkswagen,Tiguan,Diesel,Manual,Used,9900,"140,0",2012,"9,20029003612268",10,"9,02238454860229","0,17790548752039115","0,17790548752039115"
287350,Volkswagen,Caddy,Diesel,Manual,Used,5770,"75,0",2013,"8,660427359502146",9,"8,499675132155849","0,1607522273462969","0,1607522273462969"
116000,Opel,Corsa,Diesel,Manual,Used,7990,"95,0",2015,"8,98594603876032",7,"8,881141048406587","0,10480499035373292","0,10480499035373292"
137347,Opel,Meriva,Diesel,Automatic,Used,6499,"101,0",2011,"8,77940359789435",11,"8,865207513240298","-0,08580391534594867","0,08580391534594867"
93000,Opel,Corsa,Gasoline,Manual,Used,5995,"87,0",2012,"8,698681067461614",10,"8,649013344692218","0,049667722769395795","0,049667722769395795"
129480,Renault,Clio,Gasoline,Manual,Used,5500,"128,0",2011,"8,612503371220562",11,"8,66330809736736","-0,05080472614679721","0,05080472614679721"
32618,Opel,Astra,Gasoline,Manual,Used,13890,"125,0",2017,"9,53892443574839",5,"9,525252344535684","0,013672091212706405","0,013672091212706405"
51851,Opel,Combo,Diesel,Manual,Used,8440,"90,0",2016,"9,040737587590003",6,"9,246535453100131","-0,20579786551012802","0,20579786551012802"
209804,Opel,Astra,Diesel,Manual,Used,6300,"110,0",2014,"8,748304912379623",8,"8,811661670566632","-0,06335675818700892","0,06335675818700892"
26524,Opel,Adam,Gasoline,Manual,Used,10290,"87,0",2017,"9,238927828828094",5,"9,245757191995521","-0,00682936316742655","0,00682936316742655"
136000,Skoda,Octavia,Diesel,Manual,Used,7950,"140,0",2013,"8,980927207648378",9,"9,228322148816353","-0,24739494116797545","0,24739494116797545"
52000,Ford,Ka/Ka+,Gasoline,Manual,Used,8650,"71,0",2018,"9,065314599925925",4,"9,086058892173025","-0,02074429224709995","0,02074429224709995"
75324,Opel,Meriva,Gasoline,Automatic,Used,8990,"120,0",2014,"9,103868127465667",8,"9,225362775776507","-0,12149464831083989","0,12149464831083989"
178174,Ford,Grand C-Max,Diesel,Manual,Used,6980,"140,0",2014,"8,850804195756417",8,"9,170249428122982","-0,3194452323665651","0,3194452323665651"
14450,Ford,Kuga,Gasoline,Automatic,Used,24633,"175,0",2020,"10,111842286376898",2,"10,241807070524729","-0,12996478414783041","0,12996478414783041"
121900,Skoda,Rapid/Spaceback,Diesel,Manual,Used,6700,"90,0",2014,"8,809862805379057",8,"8,864916196308974","-0,0550533909299169","0,0550533909299169"
73720,Ford,Mustang,Gasoline,Automatic,Used,29489,"317,0",2017,"10,29177259143444",5,"10,215977228588988","0,07579536284545085","0,07579536284545085"
124800,Opel,Meriva,Gasoline,Automatic,Used,8990,"140,0",2014,"9,103868127465667",8,"9,282289346546033","-0,17842121908036646","0,17842121908036646"
20000,Opel,Insignia,Gasoline,Automatic,Used,22990,"165,0",2018,"10,042814617757227",4,"10,000211056651567","0,04260356110565944","0,04260356110565944"
114000,Opel,Insignia,Diesel,Manual,Used,8290,"131,0",2012,"9,022805248129341",10,"8,886740298451482","0,1360649496778592","0,1360649496778592"
33328,Renault,Kangoo,Diesel,Automatic,Used,12990,"91,0",2018,"9,471935109664646",4,"9,531747347674933","-0,0598122380102879","0,0598122380102879"
17278,Opel,Corsa,Gasoline,Manual,Used,8990,"69,0",2018,"9,103868127465667",4,"9,148407569072193","-0,0445394416065259","0,0445394416065259"
146104,Ford,Transit,Diesel,Manual,Used,13900,"136,0",2013,"9,539644119118783",9,"9,221778027776383","0,31786609134240074","0,31786609134240074"
111600,Volkswagen,Golf,Gasoline,Automatic,Used,8500,"122,0",2013,"9,047821442478408",9,"9,229213132273133","-0,1813916897947241","0,1813916897947241"
85000,Ford,Focus,Diesel,Automatic,Used,9890,"120,0",2015,"9,199279424616758",7,"9,368863986733091","-0,16958456211633255","0,16958456211633255"
65000,Skoda,Octavia,Diesel,Automatic,Used,25550,"184,0",2018,"10,14839259563185",4,"10,128567135254453","0,01982546037739752","0,01982546037739752"
45362,Ford,Fiesta,Gasoline,Manual,Used,13490,"125,0",2018,"9,509703949201802",4,"9,632582759186024","-0,12287880998422196","0,12287880998422196"
59300,Ford,Grand C-Max,Gasoline,Manual,Used,14000,"150,0",2015,"9,546812608597396",7,"9,491410334747354","0,05540227385004215","0,05540227385004215"
17300,Volkswagen,Polo,Diesel,Manual,Used,13985,"95,0",2018,"9,54574060563606",4,"9,484701100480091","0,061039505155969564","0,061039505155969564"
59500,Volkswagen,Golf,Gasoline,Automatic,Used,17690,"150,0",2017,"9,780754787153832",5,"9,871534145152577","-0,09077935799874481","0,09077935799874481"
60000,Volkswagen,up!,Gasoline,Manual,Used,5400,"75,0",2012,"8,594154232552366",10,"8,642041431895109","-0,04788719934274255","0,04788719934274255"
114000,Opel,Corsa,Gasoline,Manual,Used,4990,"86,0",2011,"8,515191188745565",11,"8,724597647975871","-0,20940645923030665","0,20940645923030665"
67231,Opel,Mokka,Gasoline,Manual,Used,12390,"140,0",2016,"9,424644974623188",6,"9,377622511053824","0,04702246356936435","0,04702246356936435"
46045,Skoda,Fabia,Gasoline,Manual,Used,10650,"75,0",2018,"9,273315171137572",4,"9,15309043174726","0,12022473939031109","0,12022473939031109"
55058,Volkswagen,Polo,Gasoline,Manual,Used,11290,"90,0",2017,"9,331672657143708",5,"9,181888657255755","0,1497839998879531","0,1497839998879531"
19707,Ford,Kuga,Diesel,Automatic,Used,29885,"179,0",2019,"10,305111961258355",3,"10,280902354969033","0,024209606289321783","0,024209606289321783"
82212,Volkswagen,Golf,Gasoline,Manual,Used,10900,"110,0",2015,"9,296518068217235",7,"9,207565016547015","0,08895305167022016","0,08895305167022016"
37500,Opel,Corsa,Gasoline,Manual,Used,5100,"69,0",2013,"8,536995818712418",9,"8,762186151555207","-0,22519033284278933","0,22519033284278933"
12463,Opel,Astra,Gasoline,Manual,Used,14990,"145,0",2020,"9,615138591096644",2,"9,916787795760603","-0,30164920466395984","0,30164920466395984"
13135,Opel,Adam,Gasoline,Manual,Used,10780,"69,0",2018,"9,285447844462988",4,"9,168966851884878","0,11648099257810962","0,11648099257810962"
87000,Skoda,Yeti,Gasoline,Automatic,Used,14700,"122,0",2014,"9,595602772766828",8,"9,416169287568062","0,179433485198766","0,179433485198766"
54000,Ford,Focus,Gasoline,Manual,Used,11950,"125,0",2015,"9,388486557359657",7,"9,360646814898862","0,027839742460795236","0,027839742460795236"
46833,Ford,Kuga,Gasoline,Manual,Used,19490,"150,0",2018,"9,877656792501606",4,"9,845404197922234","0,03225259457937213","0,03225259457937213"
88000,Ford,Fiesta,Gasoline,Manual,Used,6400,"60,0",2015,"8,764053269347762",7,"8,711195208433423","0,05285806091433898","0,05285806091433898"
93000,Ford,Focus,Gasoline,Manual,Used,12900,"250,0",2013,"9,464982590349763",9,"9,533828752272697","-0,06884616192293436","0,06884616192293436"
258000,Volkswagen,Passat Variant,Diesel,Automatic,Used,8490,"140,0",2013,"9,046644279305394",9,"8,93675715208766","0,10988712721773375","0,10988712721773375"
6000,Volkswagen,up!,Gasoline,Manual,Used,13880,"65,0",2020,"9,538204234060796",2,"9,41613366796987","0,12207056609092604","0,12207056609092604"
84800,Opel,Corsa,Gasoline,Manual,Used,6990,"87,0",2014,"8,852235835227855",8,"8,79906623569484","0,0531695995330157","0,0531695995330157"
48700,Opel,Mokka,Others,Manual,Used,14290,"140,0",2015,"9,567315270923913",7,"9,469721122321426","0,09759414860248761","0,09759414860248761"
23107,Volkswagen,Tiguan,Gasoline,Manual,Used,26990,"150,0",2019,"10,20322170601205",3,"9,966493096984106","0,2367286090279439","0,2367286090279439"
14340,Opel,Corsa,Gasoline,Manual,Used,12990,"101,0",2019,"9,471935109664646",3,"9,532978412226658","-0,061043302562012514","0,061043302562012514"
25581,Skoda,Fabia,Gasoline,Manual,Used,7390,"86,0",2014,"8,907883013942248",8,"9,090092335720621","-0,18220932177837312","0,18220932177837312"
175000,Skoda,Fabia,Diesel,Manual,Used,4990,"105,0",2012,"8,515191188745565",10,"8,806455463613919","-0,2912642748683538","0,2912642748683538"
245100,Volkswagen,Sharan,Diesel,Manual,Used,10090,"116,0",2012,"9,219300113347655",10,"8,564756445673238","0,6545436676744174","0,6545436676744174"
76750,Volkswagen,Polo,Diesel,Manual,Used,8989,"75,0",2017,"9,103756886573398",5,"9,083326646677152","0,02043023989624615","0,02043023989624615"
25700,Skoda,Octavia,Gasoline,Manual,Used,22478,"230,0",2017,"10,020292332078212",5,"10,026607612833525","-0,0063152807553130685","0,0063152807553130685"
61005,Volkswagen,up!,Gasoline,Manual,Used,6577,"60,0",2017,"8,79133399330135",5,"8,90745960850535","-0,116125615204","0,116125615204"
79000,Renault,Twingo,Gasoline,Manual,Used,4990,"75,0",2014,"8,515191188745565",8,"8,740601476902144","-0,2254102881565796","0,2254102881565796"
111300,Volkswagen,up!,Gasoline,Manual,Used,4960,"75,0",2012,"8,509161019718974",10,"8,589150197483443","-0,07998917776446923","0,07998917776446923"
13900,Ford,Fiesta,Gasoline,Manual,Used,15580,"125,0",2019,"9,65374331942474",3,"9,776065103888618","-0,1223217844638782","0,1223217844638782"
4900,Ford,Tourneo Custom,Diesel,Automatic,Used,37980,"185,0",2020,"10,544814984366276",2,"10,47325222528286","0,0715627590834167","0,0715627590834167"
140000,Renault,Megane,Diesel,Manual,Used,4999,"106,0",2011,"8,51699317141357",11,"8,721463784141234","-0,20447061272766298","0,20447061272766298"
208000,Opel,Antara,Diesel,Automatic,Used,5200,"150,0",2011,"8,556413904569519",11,"8,97384242439247","-0,4174285198229519","0,4174285198229519"
50590,Skoda,Octavia,Gasoline,Manual,Used,11480,"110,0",2015,"9,348361669873558",7,"9,305409980020844","0,042951689852714026","0,042951689852714026"
96000,Opel,Astra,Diesel,Manual,Used,7700,"110,0",2015,"8,948975607841776",7,"9,17720050924551","-0,22822490140373475","0,22822490140373475"
31568,Ford,Kuga,Diesel,Manual,Used,22950,"150,0",2018,"10,04107321548869",4,"9,995829613964743","0,04524360152394813","0,04524360152394813"
74016,Opel,Astra,Diesel,Manual,Used,11749,"110,0",2019,"9,371523409567573",3,"9,440994927236327","-0,06947151766875415","0,06947151766875415"
46550,Ford,Fiesta,Gasoline,Manual,Used,5990,"82,0",2011,"8,697846691109495",11,"8,734451405801877","-0,036604714692382245","0,036604714692382245"
119934,Renault,Kangoo,Diesel,Manual,Used,5250,"90,0",2015,"8,565983355585669",7,"8,901732873482665","-0,33574951789699625","0,33574951789699625"
12036,Skoda,Octavia,Gasoline,Manual,Employee's car,23780,"150,0",2020,"10,076600170244772",2,"10,079436955337096","-0,002836785092323879","0,002836785092323879"
19990,Ford,Fiesta,Gasoline,Manual,Used,11790,"71,0",2019,"9,375006993531416",3,"9,159633004413953","0,21537398911746308","0,21537398911746308"
50230,Renault,ZOE,Electric,Automatic,Used,8398,"58,0",2016,"9,035748861244139",6,"8,984523576105543","0,05122528513859592","0,05122528513859592"
9856,Ford,Fiesta,Gasoline,Manual,Used,13795,"86,0",2019,"9,532061486651386",3,"9,497656622838367","0,03440486381301966","0,03440486381301966"
23104,Ford,Focus,Gasoline,Manual,Used,19990,"125,0",2020,"9,902987427494446",2,"9,820597557574","0,08238986992044595","0,08238986992044595"
66741,Ford,Fiesta,Gasoline,Manual,Used,9290,"101,0",2018,"9,136693831807884",4,"9,299557054119132","-0,16286322231124828","0,16286322231124828"
175000,Skoda,Octavia,Diesel,Manual,Used,4900,"105,0",2011,"8,496990484098719",11,"8,769925980144677","-0,27293549604595846","0,27293549604595846"
210000,Volkswagen,Touran,Diesel,,Used,8700,"105,0",2013,"9,071078304642676",9,"8,757252909342126","0,3138253953005492","0,3138253953005492"
189800,Skoda,Roomster,Diesel,Manual,Used,5250,"90,0",2014,"8,565983355585669",8,"8,735811616173471","-0,16982826058780276","0,16982826058780276"
38000,Opel,Corsa,Gasoline,Manual,Used,6880,"69,0",2014,"8,836373930927389",8,"8,786329072783692","0,0500448581436963","0,0500448581436963"
56650,Volkswagen,Touareg,Diesel,Automatic,Used,33850,"262,0",2017,"10,42969427834042",5,"10,444909969879047","-0,015215691538626785","0,015215691538626785"
19854,Ford,Fiesta,Gasoline,Manual,Used,8440,"71,0",2019,"9,040737587590003",3,"9,162003068223875","-0,12126548063387155","0,12126548063387155"
163000,Volkswagen,Golf,Diesel,Manual,Used,11299,"116,0",2017,"9,332469505209247",5,"9,144475241194193","0,18799426401505315","0,18799426401505315"
12300,Volkswagen,up!,CNG,Manual,Used,9970,"68,0",2016,"9,207335862955883",6,"9,01994394468661","0,18739191826927382","0,18739191826927382"
88064,Ford,Fiesta,Gasoline,Manual,Used,6980,"101,0",2014,"8,850804195756417",8,"8,914125442743135","-0,06332124698671748","0,06332124698671748"
138000,Ford,Kuga,Diesel,Automatic,Used,8999,"140,0",2011,"9,104868739033948",11,"9,175892992615294","-0,07102425358134568","0,07102425358134568"
128000,Volkswagen,Golf,Diesel,Automatic,Used,9950,"110,0",2016,"9,205327830152639",6,"9,245799752382696","-0,0404719222300578","0,0404719222300578"
64844,Volkswagen,Golf Sportsvan,Gasoline,Manual,Used,14900,"150,0",2014,"9,60911649193355",8,"9,421370455230011","0,18774603670353862","0,18774603670353862"
12270,Ford,Fiesta,Gasoline,Automatic,Used,17790,"101,0",2019,"9,786391780659882",3,"9,65673078606356","0,1296609945963212","0,1296609945963212"
89800,Opel,Meriva,Diesel,Manual,Used,7990,"136,0",2014,"8,98594603876032",8,"9,243286588943581","-0,25734055018326174","0,25734055018326174"
47239,Volkswagen,Passat,Gasoline,Manual,Used,13855,"125,0",2016,"9,536401457297078",6,"9,430600157086882","0,10580130021019585","0,10580130021019585"
122000,Volkswagen,Golf,Diesel,Manual,Used,14000,"170,0",2011,"9,546812608597396",11,"9,290790583028864","0,25602202556853193","0,25602202556853193"
153600,Renault,Clio,Diesel,Manual,Used,7999,"90,0",2017,"8,987071812848821",5,"8,930630044138377","0,05644176871044415","0,05644176871044415"
64087,Ford,Mondeo,Electric/Gasoline,Automatic,Used,19790,"140,0",2019,"9,892932038596612",3,"9,815641141016938","0,07729089757967422","0,07729089757967422"
362000,Ford,Kuga,Diesel,Manual,Used,7900,"140,0",2012,"8,974618038455112",10,"8,81635625839756","0,15826178005755231","0,15826178005755231"
12,Opel,Crossland X,Gasoline,Manual,Employee's car,22581,"131,0",2021,"10,024864123702642",1,"10,04238235583766","-0,017518232135017797","0,017518232135017797"
14688,Ford,EcoSport,Gasoline,Manual,Used,17690,"125,0",2019,"9,780754787153832",3,"9,7755046052971","0,005250181856732539","0,005250181856732539"
31597,Skoda,Fabia,Gasoline,Manual,Used,9890,"75,0",2019,"9,199279424616758",3,"9,2323468355572","-0,03306741094044163","0,03306741094044163"
27273,Ford,Fiesta,Gasoline,Manual,Used,19119,"200,0",2019,"9,858437883982404",3,"9,968128112507495","-0,10969022852509092","0,10969022852509092"
110000,Opel,Astra,Diesel,Manual,Used,6950,"125,0",2013,"8,846496938558838",9,"9,122310190157068","-0,27581325159822967","0,27581325159822967"
34000,Volkswagen,Golf,Gasoline,Manual,Used,9500,"86,0",2013,"9,159047077588632",9,"8,977616485985505","0,18143059160312625","0,18143059160312625"
41716,Ford,Fiesta,Gasoline,Manual,Used,8580,"71,0",2018,"9,057189192482008",4,"9,092221205816466","-0,035032013334458156","0,035032013334458156"
72700,Renault,Grand Scenic,Diesel,Automatic,Used,7990,"110,0",2013,"8,98594603876032",9,"9,149914543028435","-0,16396850426811582","0,16396850426811582"
29463,Volkswagen,Polo,Gasoline,Manual,Used,10870,"65,0",2018,"9,293761980115255",4,"9,2226031212036","0,07115885891165519","0,07115885891165519"
104000,Ford,Focus,Diesel,Manual,Used,8290,"120,0",2016,"9,022805248129341",6,"9,188745057847138","-0,16593980971779665","0,16593980971779665"
200000,Volkswagen,Passat Variant,Diesel,Automatic,Used,8600,"177,0",2014,"9,0595174822416",8,"9,306739936310333","-0,24722245406873355","0,24722245406873355"
500,Opel,Corsa,Gasoline,Manual,Used,19990,"101,0",2021,"9,902987427494446",1,"9,772961650219507","0,13002577727493936","0,13002577727493936"
107000,Volkswagen,Golf,Gasoline,Automatic,Used,8990,"122,0",2011,"9,103868127465667",11,"9,051854897058135","0,05201323040753181","0,05201323040753181"
48000,Skoda,Fabia,Diesel,Manual,Used,12439,"90,0",2018,"9,428591977209965",4,"9,311673283646739","0,11691869356322648","0,11691869356322648"
225500,Opel,Astra,Diesel,Manual,Used,4700,"110,0",2012,"8,45531778769815",10,"8,62075418531459","-0,1654363976164408","0,1654363976164408"
6500,Opel,Astra,Gasoline,Manual,Used,17800,"150,0",2017,"9,786953736280177",5,"9,928780840361261","-0,14182710408108434","0,14182710408108434"
17801,Renault,Scenic,Gasoline,Automatic,Used,18790,"140,0",2018,"9,84108009240751",4,"9,861744364396504","-0,02066427198899312","0,02066427198899312"
1300,Skoda,Karoq,Gasoline,Automatic,Demonstration,31999,"150,0",2021,"10,373459931293572",1,"10,360213573898916","0,013246357394656627","0,013246357394656627"
10,Skoda,Fabia,Gasoline,Manual,Pre-registered,14580,"95,0",2020,"9,587406005562649",2,"9,650152669933151","-0,06274666437050236","0,06274666437050236"
10,Renault,Clio,Gasoline,Automatic,Pre-registered,19990,"131,0",2021,"9,902987427494446",1,"10,072729591623522","-0,16974216412907595","0,16974216412907595"
117300,Volkswagen,Passat Variant,Diesel,Manual,Used,9170,"140,0",2011,"9,123692565250511",11,"9,190849456901363","-0,06715689165085159","0,06715689165085159"
149000,Skoda,Octavia,Diesel,Manual,Used,9999,"150,0",2016,"9,21024036697585",6,"9,35302790931533","-0,1427875423394802","0,1427875423394802"
9850,Volkswagen,Golf Sportsvan,Diesel,Automatic,Used,28450,"150,0",2019,"10,255903439554476",3,"10,277570208041467","-0,021666768486991117","0,021666768486991117"
19632,Opel,Grandland X,Gasoline,Automatic,Used,18951,"131,0",2019,"9,84961197956681",3,"9,874292964456558","-0,02468098488974846","0,02468098488974846"
15130,Ford,Transit,Diesel,Manual,Used,26989,"131,0",2018,"10,203184654566114",4,"9,968441220898583","0,23474343366753025","0,23474343366753025"
64800,Opel,Astra,Gasoline,Manual,Used,11400,"105,0",2018,"9,341368634382587",4,"9,452861578583985","-0,1114929442013981","0,1114929442013981"
67300,Renault,Megane,Gasoline,Manual,Used,8222,"110,0",2014,"9,014568767457824",8,"9,196828255207505","-0,18225948774968082","0,18225948774968082"
76000,Volkswagen,Passat Variant,Gasoline,Manual,Used,9490,"122,0",2011,"9,157993891603974",11,"9,034477519004241","0,1235163725997328","0,1235163725997328"
14300,Opel,Corsa,Gasoline,Manual,Used,13800,"101,0",2020,"9,532423871145296",2,"9,645057782763562","-0,11263391161826597","0,11263391161826597"
42000,Opel,Adam,Gasoline,Manual,Used,9999,"101,0",2016,"9,21024036697585",6,"9,205165028814783","0,005075338161066867","0,005075338161066867"
158062,Skoda,Octavia,Diesel,Manual,Used,10990,"150,0",2016,"9,304741047397666",6,"9,292419045984818","0,012322001412847783","0,012322001412847783"
37000,Ford,Fiesta,Gasoline,Manual,Used,8599,"82,0",2014,"9,059401196410896",8,"8,941349294544677","0,1180519018662185","0,1180519018662185"
8214,Ford,Fiesta,Electric/Gasoline,Manual,Employee's car,18450,"125,0",2020,"9,822819649468673",2,"9,890704801505695","-0,06788515203702161","0,06788515203702161"
110266,Skoda,Octavia,Diesel,Automatic,Used,15480,"116,0",2019,"9,647304147143718",3,"9,60262190684734","0,04468224029637824","0,04468224029637824"
79579,Volkswagen,up!,Gasoline,Manual,Used,6290,"75,0",2014,"8,746716349694486",8,"8,735594815605706","0,011121534088779583","0,011121534088779583"
26825,Opel,Adam,Gasoline,Manual,Used,9980,"87,0",2017,"9,20833836930551",5,"9,245757191995521","-0,037418822690010956","0,037418822690010956"
78916,Opel,Mokka,Gasoline,Manual,Used,10990,"140,0",2013,"9,304741047397666",9,"9,173875457532318","0,1308655898653477","0,1308655898653477"
19890,Renault,Twingo,Gasoline,Manual,Used,10990,"92,0",2020,"9,304741047397666",2,"9,35698389090525","-0,05224284350758346","0,05224284350758346"
50,Opel,Corsa,Gasoline,Automatic,Employee's car,17890,"101,0",2021,"9,791997176502765",1,"9,825208861972522","-0,03321168546975706","0,03321168546975706"
90000,Ford,Fiesta,Gasoline,Manual,Used,7600,"101,0",2014,"8,935903526274423",8,"8,9084996083891","0,027403917885322926","0,027403917885322926"
97214,Volkswagen,Passat Variant,Gasoline,Automatic,Used,25333,"280,0",2017,"10,139863172619055",5,"10,214606523392145","-0,07474335077309036","0,07474335077309036"
47610,Opel,Ampera,Electric,Automatic,Used,14600,"151,0",2014,"9,588776807696428",8,"9,795630585732209","-0,20685377803578042","0,20685377803578042"
124482,Ford,Focus,Diesel,Automatic,Used,5600,"140,0",2013,"8,630521876723241",9,"9,256269899444863","-0,6257480227216217","0,6257480227216217"
10297,Volkswagen,Golf,Gasoline,Manual,Employee's car,23480,"150,0",2020,"10,063904273942033",2,"10,088403425553476","-0,024499151611443892","0,024499151611443892"
122000,Opel,Meriva,Gasoline,Manual,Used,5900,"120,0",2011,"8,68270762989381",11,"8,699714024167587","-0,017006394273776593","0,017006394273776593"
42845,Volkswagen,up!,Gasoline,Manual,Used,8480,"75,0",2016,"9,045465728785949",6,"9,012580136055762","0,032885592730186985","0,032885592730186985"
70697,Ford,Focus,Gasoline,Manual,Used,9990,"101,0",2017,"9,2093398716426",5,"9,194857576043905","0,01448229559869496","0,01448229559869496"
19661,Skoda,Scala,Gasoline,Manual,Used,13870,"95,0",2020,"9,537483513308878",2,"9,600332412130546","-0,06284889882166844","0,06284889882166844"
66000,Opel,Corsa,Diesel,Manual,Used,4850,"75,0",2014,"8,48673398393153",8,"8,90219779528278","-0,4154638113512501","0,4154638113512501"
56000,Opel,Corsa,Gasoline,Manual,Used,6700,"87,0",2013,"8,809862805379057",9,"8,809065335008167","0,0007974703708892861","0,0007974703708892861"
128300,Opel,Corsa,Diesel,Manual,Used,6850,"75,0",2016,"8,83200393125627",6,"8,830772223622654","0,0012317076336163524","0,0012317076336163524"
10,Renault,Clio,Gasoline,Manual,Used,18790,"91,0",2021,"9,84108009240751",1,"9,757998241642072","0,0830818507654385","0,0830818507654385"
173388,Ford,Mondeo,Diesel,Manual,Used,5990,"116,0",2011,"8,697846691109495",11,"8,634008730700506","0,06383796040898915","0,06383796040898915"
100500,Volkswagen,Polo,Gasoline,Manual,Used,5290,"60,0",2011,"8,573573524852344",11,"8,60007684923625","-0,026503324383906346","0,026503324383906346"
93450,Volkswagen,Tiguan,Diesel,Automatic,Used,14990,"140,0",2014,"9,615138591096644",8,"9,460087491107078","0,15505109998956534","0,15505109998956534"
42306,Skoda,Octavia,Gasoline,Manual,Used,12750,"150,0",2016,"9,453286550586572",6,"9,62394560805804","-0,17065905747146815","0,17065905747146815"
166000,Opel,Astra,Diesel,Manual,Used,5800,"110,0",2015,"8,66561319653451",7,"8,92583028595829","-0,2602170894237794","0,2602170894237794"
127000,Opel,Astra,Gasoline,Manual,Used,6250,"140,0",2012,"8,740336742730447",10,"8,857704463247655","-0,11736772051720834","0,11736772051720834"
46327,Volkswagen,Touran,Gasoline,Automatic,Used,21480,"150,0",2017,"9,974877548622802",5,"9,890165785904482","0,08471176271831915","0,08471176271831915"
17550,Opel,Corsa,Gasoline,Manual,Used,9390,"64,0",2017,"9,147400572202308",5,"9,105178307847003","0,04222226435530452","0,04222226435530452"
170300,Opel,Insignia,Diesel,Automatic,Used,8000,"160,0",2011,"8,987196820661973",11,"8,939468836108054","0,047727984553919356","0,047727984553919356"
22249,Volkswagen,Polo,Gasoline,Manual,Used,10570,"65,0",2018,"9,265775078864284",4,"9,262106901822222","0,0036681770420621262","0,0036681770420621262"
18775,Ford,Fiesta,Gasoline,Manual,Used,11980,"71,0",2019,"9,39099387166944",3,"9,161275833936084","0,22971803773335608","0,22971803773335608"
96000,Opel,Insignia,Diesel,Automatic,Used,13499,"170,0",2016,"9,510370887608827",6,"9,604325286855207","-0,09395439924638005","0,09395439924638005"
176699,Renault,Scenic,Diesel,Manual,Used,9500,"95,0",2017,"9,159047077588632",5,"8,87050961125625","0,2885374663323823","0,2885374663323823"
40214,Ford,Transit Courier,Diesel,Manual,Used,11330,"75,0",2018,"9,335209354022052",4,"9,20311271650703","0,132096637515021","0,132096637515021"
23000,Opel,Meriva,Gasoline,Automatic,Used,9000,"120,0",2013,"9,104979856318357",9,"9,246844012662262","-0,14186415634390492","0,14186415634390492"
7844,Ford,Fiesta,Gasoline,Manual,Used,14388,"101,0",2019,"9,574149804815514",3,"9,59211350120863","-0,01796369639311557","0,01796369639311557"
69900,Renault,Megane,Gasoline,Manual,Used,7990,"131,0",2011,"8,98594603876032",11,"8,844924700789539","0,14102133797078054","0,14102133797078054"
32753,Skoda,Citigo,Gasoline,Manual,Used,6900,"60,0",2016,"8,83927669058535",6,"8,904268530777399","-0,0649918401920484","0,0649918401920484"
150000,Opel,Meriva,Gasoline,Manual,Used,4990,"120,0",2013,"8,515191188745565",9,"8,73717255768368","-0,22198136893811515","0,22198136893811515"
25700,Opel,Insignia,Diesel,Manual,Used,21880,"170,0",2019,"9,993328256535918",3,"10,12527109695365","-0,1319428404177323","0,1319428404177323"
126000,Volkswagen,Golf,Gasoline,Manual,Used,6990,"86,0",2014,"8,852235835227855",8,"8,808587156184155","0,04364867904370051","0,04364867904370051"
140000,Opel,Insignia,Diesel,Manual,Used,7890,"136,0",2015,"8,97335141383992",7,"9,068123894381552","-0,09477248054163212","0,09477248054163212"
131000,Ford,Fiesta,Gasoline,Manual,Used,5800,"82,0",2013,"8,66561319653451",9,"8,646908034856128","0,018705161678381543","0,018705161678381543"
25000,Ford,Fiesta,Gasoline,Manual,Used,12990,"86,0",2019,"9,471935109664646",3,"9,408805050585295","0,06313005907935043","0,06313005907935043"
148000,Volkswagen,Golf,Diesel,Manual,Used,10150,"110,0",2015,"9,225228984469933",7,"8,96758839938571","0,25764058508422316","0,25764058508422316"
62300,Volkswagen,Golf,Diesel,Manual,Used,10500,"140,0",2012,"9,259130536145614",10,"9,34831743939703","-0,08918690325141654","0,08918690325141654"
62310,Skoda,Yeti,Gasoline,Automatic,Used,14440,"110,0",2016,"9,577757412446818",6,"9,502892136378252","0,07486527606856619","0,07486527606856619"
7000,Volkswagen,ID.3,Electric,Automatic,Employee's car,35980,"204,0",2020,"10,490718507504525",2,"10,44811588498861","0,042602622515914845","0,042602622515914845"
24780,Volkswagen,up!,Gasoline,Manual,Used,9780,"75,0",2017,"9,188094763028863",5,"9,143187937622368","0,04490682540649438","0,04490682540649438"
100000,Renault,Kangoo,Gasoline,Manual,Used,6600,"106,0",2013,"8,794824928014517",9,"8,965859011395256","-0,17103408338073933","0,17103408338073933"
8238,Volkswagen,Golf,Gasoline,Manual,Used,20360,"131,0",2019,"9,921327470664458",3,"9,865196764180673","0,05613070648378482","0,05613070648378482"
75598,Opel,Meriva,Gasoline,Manual,Used,8990,"120,0",2013,"9,103868127465667",9,"8,99222487674442","0,11164325072124726","0,11164325072124726"
116039,Volkswagen,Golf,Diesel,Manual,Used,15950,"150,0",2017,"9,67721410821299",5,"9,600566316114204","0,07664779209878603","0,07664779209878603"
192422,Renault,Master,Diesel,Manual,Used,13250,"163,0",2016,"9,491752831414368",6,"9,038091686275113","0,4536611451392556","0,4536611451392556"
165765,Renault,Trafic,Diesel,Manual,Used,5600,"90,0",2012,"8,630521876723241",10,"8,695224578412468","-0,06470270168922632","0,06470270168922632"
100,Renault,Twingo,Gasoline,Manual,Pre-registered,10980,"65,0",2021,"9,30383071506352",1,"9,433508798112669","-0,12967808304914819","0,12967808304914819"
600,Renault,Twingo,Gasoline,Manual,Demonstration,11480,"65,0",2021,"9,348361669873558",1,"9,428283877431248","-0,07992220755768997","0,07992220755768997"
53438,Skoda,Fabia,Gasoline,Manual,Used,8890,"90,0",2017,"9,09268232850795",5,"9,192039774021488","-0,09935744551353842","0,09935744551353842"
63480,Volkswagen,up!,Gasoline,Manual,Used,6890,"75,0",2015,"8,837826364007704",7,"8,88358436559733","-0,04575800158962551","0,04575800158962551"
165752,Skoda,Octavia,Diesel,Manual,Used,5288,"105,0",2012,"8,573195381531523",10,"8,827852223903518","-0,25465684237199504","0,25465684237199504"
98500,Volkswagen,Phaeton,Diesel,Automatic,Used,23995,"245,0",2015,"10,085600754292345",7,"10,193737108309286","-0,10813635401694022","0,10813635401694022"
59800,Opel,Adam,Gasoline,Manual,Used,8699,"87,0",2015,"9,07096335550754",7,"8,998786015735249","0,07217733977229202","0,07217733977229202"
32510,Volkswagen,Golf,Gasoline,Manual,Used,13880,"140,0",2012,"9,538204234060796",10,"9,166162729143974","0,3720415049168224","0,3720415049168224"
121500,Volkswagen,Polo,Gasoline,Manual,Used,4999,"69,0",2011,"8,51699317141357",11,"8,61731587112237","-0,10032269970879959","0,10032269970879959"
79307,Renault,Twingo,Gasoline,Manual,Used,7690,"90,0",2017,"8,94767606249969",5,"9,106075907615901","-0,15839984511621097","0,15839984511621097"
58280,Volkswagen,up!,Gasoline,Manual,Used,5980,"60,0",2012,"8,696175846944678",10,"8,630552829587936","0,06562301735674225","0,06562301735674225"
74500,Opel,Corsa,Gasoline,Manual,Used,6000,"86,0",2014,"8,699514748210191",8,"8,944713567117253","-0,24519881890706152","0,24519881890706152"
43832,Opel,Astra,Diesel,Manual,Used,12410,"110,0",2018,"9,426257878198653",4,"9,47405723711173","-0,04779935891307652","0,04779935891307652"
150000,Volkswagen,T5 Transporter,Diesel,Manual,Used,12800,"102,0",2014,"9,457200449907708",8,"9,162787017213985","0,2944134326937231","0,2944134326937231"
131000,Volkswagen,Polo,Diesel,Manual,Used,7750,"75,0",2016,"8,955448122347393",6,"8,807291485846248","0,1481566365011453","0,1481566365011453"
10,Ford,Fiesta,Gasoline,Manual,Used,12990,"75,0",2020,"9,471935109664646",2,"9,500347043693063","-0,028411934028417463","0,028411934028417463"
2500,Renault,Captur,Gasoline,Manual,Demonstration,19180,"91,0",2021,"9,86162334843743",1,"9,747934356694614","0,11368899174281566","0,11368899174281566"
25750,Volkswagen,Golf,Gasoline,Manual,Used,16395,"116,0",2020,"9,704731689278749",2,"9,793380393140236","-0,08864870386148738","0,08864870386148738"
34900,Skoda,Fabia,Gasoline,Manual,Used,7990,"60,0",2018,"8,98594603876032",4,"8,981257801418417","0,004688237341902379","0,004688237341902379"
26900,Volkswagen,T-Cross,Gasoline,Manual,Used,18550,"95,0",2020,"9,82822506803558",2,"9,561698996354565","0,2665260716810156","0,2665260716810156"
74616,Opel,Zafira Tourer,Gasoline,Manual,Used,12770,"140,0",2015,"9,454853949026585",7,"9,319525759892835","0,1353281891337499","0,1353281891337499"
267000,Opel,Astra,Diesel,Automatic,Used,4999,"165,0",2012,"8,51699317141357",10,"8,73424060314922","-0,21724743173564853","0,21724743173564853"
2851,Ford,Fiesta,Electric/Gasoline,Manual,Employee's car,17550,"125,0",2020,"9,772809228894012",2,"9,899010495251902","-0,12620126635789042","0,12620126635789042"
259986,Ford,S-Max,Diesel,Automatic,Used,6990,"163,0",2012,"8,852235835227855",10,"8,677743266301368","0,17449256892648712","0,17449256892648712"
89000,Opel,Corsa,Gasoline,Manual,Used,5250,"101,0",2011,"8,565983355585669",11,"8,666682368265837","-0,10069901268016856","0,10069901268016856"
79950,Renault,Megane,Diesel,Manual,Used,9300,"110,0",2016,"9,137769679141348",6,"9,294680238059335","-0,15691055891798733","0,15691055891798733"
162000,Volkswagen,Golf,Diesel,Manual,Used,11490,"110,0",2014,"9,3492323708428",8,"8,898540498603767","0,45069187223903384","0,45069187223903384"
10,Skoda,Fabia,Gasoline,Manual,Employee's car,13890,"95,0",2021,"9,53892443574839",1,"9,713888503814639","-0,17496406806624876","0,17496406806624876"
22900,Ford,S-Max,Gasoline,Manual,Used,25650,"165,0",2019,"10,152298850598916",3,"10,062249502791772","0,09004934780714358","0,09004934780714358"
114495,Volkswagen,Golf Plus,Gasoline,Manual,Used,6200,"122,0",2011,"8,732304571033183",11,"8,938869010309347","-0,20656443927616408","0,20656443927616408"
31614,Renault,Master,Diesel,Manual,Used,23890,"145,0",2019,"10,081215240319855",3,"10,042281190918418","0,038934049401436965","0,038934049401436965"
44936,Ford,Mondeo,Gasoline,Automatic,Used,17990,"165,0",2019,"9,79757132694458",3,"9,963578727175491","-0,16600740023091198","0,16600740023091198"
24000,Renault,Scenic,Gasoline,Automatic,Used,9980,"140,0",2011,"9,20833836930551",11,"9,282411896320045","-0,0740735270145354","0,0740735270145354"
50000,Ford,Fiesta,Gasoline,Manual,Used,6900,"60,0",2015,"8,83927669058535",7,"8,80962707752925","0,029649613056101032","0,029649613056101032"
36557,Opel,Astra,Gasoline,Manual,Used,18990,"200,0",2018,"9,85166780380633",4,"9,845975742670735","0,005692061135595949","0,005692061135595949"
10,Renault,Twingo,Gasoline,Manual,Pre-registered,10390,"65,0",2021,"9,248599084093273",1,"9,431510508039453","-0,1829114239461802","0,1829114239461802"
85597,Opel,Astra,Diesel,Manual,Used,10360,"110,0",2018,"9,245707515813473",4,"9,31671308810658","-0,07100557229310667","0,07100557229310667"
59682,Opel,Mokka,Gasoline,Manual,Used,10750,"140,0",2012,"9,28266103355581",10,"9,12259410604654","0,16006692750926987","0,16006692750926987"
68000,Volkswagen,Passat Variant,Diesel,Automatic,Used,29950,"239,0",2018,"10,307284603543595",4,"10,356748429298973","-0,04946382575537811","0,04946382575537811"
23000,Volkswagen,Beetle,Gasoline,Manual,Used,15100,"105,0",2015,"9,622450022803015",7,"9,374888770104164","0,24756125269885132","0,24756125269885132"
119076,Renault,Clio,Others,Manual,Used,5990,"73,0",2013,"8,697846691109495",9,"8,688652018527002","0,009194672582493624","0,009194672582493624"
102,Skoda,Karoq,Gasoline,Automatic,Pre-registered,28488,"150,0",2021,"10,257238224957614",1,"10,32316254099269","-0,0659243160350762","0,0659243160350762"
9950,Ford,Mondeo,Diesel,Automatic,Demonstration,37990,"190,0",2021,"10,54507824618167",1,"10,596651094350703","-0,05157284816903207","0,05157284816903207"
89900,Renault,Scenic,Gasoline,Manual,Used,9999,"116,0",2016,"9,21024036697585",6,"9,188115560576646","0,022124806399203223","0,022124806399203223"
9463,Volkswagen,Golf Sportsvan,Gasoline,Manual,Used,19990,"116,0",2020,"9,902987427494446",2,"9,88766289474838","0,015324532746067376","0,015324532746067376"
63830,Opel,Adam,Gasoline,Manual,Used,7000,"101,0",2014,"8,85366542803745",8,"8,98584821996525","-0,13218279192780003","0,13218279192780003"
8,Opel,Corsa,Gasoline,Automatic,Pre-registered,17480,"101,0",2021,"9,768812649209526",1,"9,82032766146693","-0,05151501225740418","0,05151501225740418"
78892,Skoda,Kodiaq,Diesel,Automatic,Used,27670,"190,0",2017,"10,228104072780972",5,"10,083667696477495","0,14443637630347794","0,14443637630347794"
177376,Ford,Focus,Diesel,Manual,Used,4900,"120,0",2017,"8,496990484098719",5,"9,085764445349664","-0,5887739612509453","0,5887739612509453"
99980,Volkswagen,Tiguan,Diesel,Automatic,Used,23450,"150,0",2018,"10,062625773874425",4,"9,856645417675306","0,20598035619911848","0,20598035619911848"
23500,Renault,ZOE,Electric,Automatic,Used,9999,"58,0",2016,"9,21024036697585",6,"9,01184072743195","0,19839963954389894","0,19839963954389894"
34990,Opel,Astra,Gasoline,Manual,Used,12990,"150,0",2016,"9,471935109664646",6,"9,634551836371918","-0,162616726707272","0,162616726707272"
99115,Volkswagen,Passat Variant,Diesel,Manual,Used,14490,"120,0",2017,"9,581214035314728",5,"9,308702142083073","0,2725118932316555","0,2725118932316555"
57000,Ford,Fiesta,Gasoline,Manual,Used,6470,"82,0",2013,"8,774931387494947",9,"8,809629017465337","-0,034697629970390054","0,034697629970390054"
50,Renault,Clio,Gasoline,Manual,Demonstration,13290,"67,0",2021,"9,494767151707292",1,"9,541143898442641","-0,04637674673534953","0,04637674673534953"
39850,Ford,Fiesta,Gasoline,Manual,Used,8900,"80,0",2015,"9,093806555720231",7,"9,003743918289947","0,0900626374302842","0,0900626374302842"
170000,Volkswagen,Golf,Diesel,Automatic,Used,7997,"105,0",2014,"8,98682175033189",8,"9,01782377752651","-0,03100202719462075","0,03100202719462075"
99900,Opel,Mokka,Diesel,Manual,Used,11990,"136,0",2015,"9,39182824802156",7,"9,240920774841763","0,15090747317979591","0,15090747317979591"
141460,Volkswagen,Golf Plus,Diesel,Manual,Used,7490,"105,0",2012,"8,921324076511265",10,"8,876919862049494","0,04440421446177112","0,04440421446177112"
1500,Skoda,Fabia,Gasoline,Manual,Demonstration,15980,"95,0",2021,"9,679093219320265",1,"9,76255069459349","-0,08345747527322445","0,08345747527322445"
87500,Volkswagen,Tiguan,Diesel,Automatic,Used,25479,"150,0",2017,"10,145609862448119",5,"9,839502415040926","0,306107447407193","0,306107447407193"
100000,Opel,Meriva,Gasoline,Manual,Used,5550,"120,0",2011,"8,62155320674048",11,"8,746724687867689","-0,1251714811272091","0,1251714811272091"
28000,Ford,Focus,Gasoline,Automatic,Used,21900,"182,0",2019,"9,994241915804592",3,"10,083121745872152","-0,08887983006755995","0,08887983006755995"
95000,Volkswagen,Touran,Diesel,Manual,Used,12290,"140,0",2013,"9,416541202560081",9,"9,320919415238546","0,09562178732153548","0,09562178732153548"
47500,Volkswagen,Golf Sportsvan,Gasoline,Manual,Used,11750,"110,0",2015,"9,371608519572305",7,"9,305524405334689","0,06608411423761673","0,06608411423761673"
100,Skoda,Octavia,Gasoline,Automatic,Pre-registered,27949,"150,0",2021,"10,238136699767878",1,"10,32316254099269","-0,08502584122481238","0,08502584122481238"
6800,Ford,Fiesta,Electric/Gasoline,Manual,Used,18450,"125,0",2020,"9,822819649468673",2,"9,910137634456467","-0,0873179849877932","0,0873179849877932"
47600,Volkswagen,Touran,Gasoline,Manual,Used,16875,"110,0",2016,"9,733588515740731",6,"9,393109340943935","0,3404791747967959","0,3404791747967959"
100000,Ford,Transit Courier,Diesel,Manual,Used,8690,"95,0",2017,"9,069928218259438",5,"9,091833374288115","-0,021905156028676487","0,021905156028676487"
39258,Skoda,Superb,Diesel,Automatic,Used,24990,"190,0",2016,"10,126231023828998",6,"10,097887932538399","0,02834309129059953","0,02834309129059953"
106575,Ford,Mondeo,Gasoline,Manual,Used,7799,"160,0",2013,"8,961750799330497",9,"9,263959127556554","-0,30220832822605637","0,30220832822605637"
12733,Volkswagen,up!,Gasoline,Manual,Used,7450,"60,0",2017,"8,915969311373605",5,"9,051950580929413","-0,13598126955580803","0,13598126955580803"
95985,Volkswagen,Tiguan,Gasoline,Manual,Used,11850,"160,0",2011,"9,380083146563278",11,"9,212736951184032","0,16734619537924544","0,16734619537924544"
76000,Opel,Corsa,Gasoline,Manual,Used,4888,"69,0",2014,"8,494538500851432",8,"8,718333292173947","-0,2237947913225149","0,2237947913225149"
14904,Opel,Adam,Gasoline,Manual,Used,12897,"87,0",2019,"9,464750005164392",3,"9,438084147152614","0,026665858011778454","0,026665858011778454"
74000,Opel,Insignia,Diesel,Automatic,Used,8700,"131,0",2014,"9,071078304642676",8,"9,340717330946235","-0,26963902630355996","0,26963902630355996"
132500,Ford,Transit Custom,Diesel,Manual,Used,11499,"101,0",2014,"9,350015354048665",8,"9,074994962585683","0,2750203914629825","0,2750203914629825"
49300,Skoda,Rapid/Spaceback,Gasoline,Manual,Used,8750,"95,0",2019,"9,07680897935166",3,"9,383582354665032","-0,30677337531337123","0,30677337531337123"
35000,Ford,Edge,Diesel,Automatic,Used,26990,"209,0",2017,"10,20322170601205",5,"10,289974981634995","-0,08675327562294477","0,08675327562294477"
15700,Opel,Astra,Gasoline,Manual,Used,10980,"101,0",2018,"9,30383071506352",4,"9,44056194315823","-0,1367312280947086","0,1367312280947086"
140000,Volkswagen,Golf,Gasoline,Manual,Used,5450,"86,0",2012,"8,60337088765729",10,"8,667445868064313","-0,06407498040702286","0,06407498040702286"
13300,Ford,EcoSport,Gasoline,Manual,Demonstration,17990,"125,0",2019,"9,79757132694458",3,"9,776065103888618","0,021506223055961726","0,021506223055961726"
20,Ford,Fiesta,Gasoline,Manual,Pre-registered,17280,"140,0",2020,"9,757305042358047",2,"9,98089974497672","-0,22359470261867287","0,22359470261867287"
49589,Opel,Corsa,Gasoline,Manual,Used,9450,"90,0",2018,"9,153770020487789",4,"9,233264578514623","-0,07949455802683403","0,07949455802683403"
206700,Volkswagen,Touran,Diesel,Automatic,Used,8490,"170,0",2012,"9,046644279305394",10,"9,174093255244781","-0,1274489759393873","0,1274489759393873"
80636,Renault,Espace,Diesel,Automatic,Used,20190,"160,0",2016,"9,912942711306883",6,"9,67594093938005","0,23700177192683292","0,23700177192683292"
39068,Skoda,Rapid/Spaceback,Gasoline,Manual,Used,10899,"105,0",2015,"9,296426320889312",7,"9,313852586398843","-0,01742626550953119","0,01742626550953119"
10,Skoda,Kamiq,Gasoline,Automatic,Pre-registered,34390,"150,0",2021,"10,445521103426312",1,"10,281368257662706","0,16415284576360634","0,16415284576360634"
53690,Volkswagen,Sharan,Diesel,Automatic,Used,27980,"150,0",2016,"10,239245248219472",6,"9,879984736457263","0,3592605117622085","0,3592605117622085"
42491,Skoda,Citigo,Gasoline,Manual,Used,6690,"60,0",2018,"8,808369153122275",4,"8,975670416841302","-0,1673012637190272","0,1673012637190272"
93960,Skoda,Fabia,Gasoline,Manual,Used,7590,"60,0",2016,"8,934586870389676",6,"8,75991522423778","0,17467164615189645","0,17467164615189645"
52485,Opel,Corsa,Gasoline,Manual,Used,8990,"90,0",2015,"9,103868127465667",7,"9,056290423524006","0,04757770394166094","0,04757770394166094"
15,Skoda,Octavia,Gasoline,Automatic,Used,31400,"245,0",2018,"10,354563171896345",4,"10,329482717335795","0,02508045456055008","0,02508045456055008"
230320,Ford,Mondeo,Diesel,Manual,Used,8000,"200,0",2014,"8,987196820661973",8,"8,976664514466624","0,010532306195349506","0,010532306195349506"
45000,Opel,Corsa,Gasoline,Manual,Used,5900,"86,0",2014,"8,68270762989381",8,"9,026286656078483","-0,3435790261846723","0,3435790261846723"
124990,Ford,C-Max,Diesel,Manual,Used,10490,"120,0",2016,"9,258177701390343",6,"9,132053656762753","0,12612404462758953","0,12612404462758953"
68900,Skoda,Citigo,Gasoline,Manual,Used,6880,"60,0",2016,"8,836373930927389",6,"8,816898466984322","0,019475463943066984","0,019475463943066984"
65990,Volkswagen,Golf,Diesel,Automatic,Used,19980,"150,0",2019,"9,902487052202545",3,"10,07594236340952","-0,17345531120697544","0,17345531120697544"
33200,Volkswagen,up!,Gasoline,Manual,Used,7600,"60,0",2018,"8,935903526274423",4,"8,984625941716528","-0,048722415442105316","0,048722415442105316"
91985,Volkswagen,Golf,Diesel,Manual,Used,11440,"116,0",2017,"9,344871264933788",5,"9,380339148487502","-0,03546788355371433","0,03546788355371433"
82662,Opel,Adam,Gasoline,Manual,Used,7990,"87,0",2014,"8,98594603876032",8,"8,816437244838546","0,1695087939217732","0,1695087939217732"
160000,Ford,Focus,Diesel,Manual,Used,5499,"95,0",2013,"8,612321536507814",9,"8,681116343224872","-0,06879480671705807","0,06879480671705807"
86700,Skoda,Citigo,Gasoline,Manual,Used,5900,"60,0",2015,"8,68270762989381",7,"8,705987768272559","-0,023280138378748205","0,023280138378748205"
52385,Volkswagen,Golf Sportsvan,Gasoline,Manual,Used,13950,"110,0",2016,"9,543234787249512",6,"9,399352853203819","0,14388193404569272","0,14388193404569272"
108300,Skoda,Octavia,Diesel,Automatic,Used,18980,"184,0",2017,"9,85114107216392",5,"9,916662502663598","-0,06552143049967896","0,06552143049967896"
82000,Ford,Focus,Diesel,Manual,Used,10500,"120,0",2014,"9,259130536145614",8,"9,176719916514639","0,08241061963097529","0,08241061963097529"
29200,Opel,Corsa,Gasoline,Manual,Used,7900,"116,0",2015,"8,974618038455112",7,"9,247607877994309","-0,2729898395391963","0,2729898395391963"
89990,Renault,Koleos,Diesel,Manual,Used,12988,"173,0",2014,"9,471781133222736",8,"9,468237805376928","0,0035433278458079087","0,0035433278458079087"
164900,Volkswagen,Golf,Gasoline,Manual,Used,10999,"211,0",2011,"9,305559638557117",11,"9,140797345855892","0,16476229270122467","0,16476229270122467"
83946,Renault,Grand Scenic,Diesel,Manual,Used,11990,"110,0",2017,"9,39182824802156",5,"9,274944147892082","0,11688410012947692","0,11688410012947692"
38000,Volkswagen,Polo,Gasoline,Manual,Used,9900,"90,0",2015,"9,20029003612268",7,"9,09459928759554","0,10569074852713989","0,10569074852713989"
33884,Opel,Zafira,Gasoline,Manual,Used,17650,"140,0",2018,"9,778491062361443",4,"9,65468651909079","0,12380454327065316","0,12380454327065316"
73568,Volkswagen,Golf,Diesel,Automatic,Used,16420,"150,0",2017,"9,70625538300642",5,"9,914623324987705","-0,20836794198128494","0,20836794198128494"
82500,Ford,C-Max,Gasoline,Manual,Used,8790,"125,0",2014,"9,081369990679223",8,"9,168290463136566","-0,08692047245734358","0,08692047245734358"
110000,Opel,Corsa,Gasoline,Manual,Used,4999,"101,0",2012,"8,51699317141357",10,"8,670379134754443","-0,15338596334087207","0,15338596334087207"
300,Opel,Mokka,Gasoline,Manual,Demonstration,20950,"101,0",2021,"9,949893925350283",1,"9,772961650219507","0,1769322751307758","0,1769322751307758"
80000,Renault,Megane,Gasoline,Manual,Used,5999,"131,0",2011,"8,699348067653093",11,"8,811706877005511","-0,11235880935241838","0,11235880935241838"
83450,Ford,Fiesta,Gasoline,Manual,Used,6990,"82,0",2014,"8,852235835227855",8,"8,807046449655422","0,04518938557243324","0,04518938557243324"
57922,Opel,Karl,Gasoline,Manual,Used,8590,"75,0",2018,"9,0583540149783",4,"9,131178116837072","-0,07282410185877097","0,07282410185877097"
207700,Volkswagen,T5 Transporter,Diesel,Manual,Used,12980,"179,0",2012,"9,471164990258082",10,"9,768986566622868","-0,297821576364786","0,297821576364786"
322418,Skoda,Octavia,Diesel,Automatic,Used,4900,"140,0",2012,"8,496990484098719",10,"8,65593067277206","-0,15894018867334125","0,15894018867334125"
31324,Ford,Fiesta,Gasoline,Manual,Used,9890,"101,0",2015,"9,199279424616758",7,"9,1517317117505","0,04754771286625825","0,04754771286625825"
94000,Volkswagen,Golf,Diesel,Manual,Used,10700,"150,0",2013,"9,277999020449997",9,"9,36476972584264","-0,08677070539264342","0,08677070539264342"
92055,Ford,C-Max,Gasoline,Manual,Used,10400,"125,0",2013,"9,249561085129464",9,"9,020138044273994","0,22942304085547072","0,22942304085547072"
99900,Ford,Fiesta,Diesel,Manual,Used,7599,"95,0",2017,"8,935771938669784",5,"9,123278348932867","-0,187506410263083","0,187506410263083"
42000,Volkswagen,Polo,Gasoline,Manual,Used,12900,"90,0",2017,"9,464982590349763",5,"9,203720239142358","0,2612623512074048","0,2612623512074048"
55000,Ford,Kuga,Diesel,Manual,Used,12999,"120,0",2015,"9,47262771040802",7,"9,380797204818975","0,09183050558904426","0,09183050558904426"
42819,Volkswagen,up!,Gasoline,Manual,Used,8225,"60,0",2018,"9,014933575633572",4,"8,975670416841302","0,03926315879227005","0,03926315879227005"
1555,Volkswagen,T6.1 Transporter,Diesel,Manual,Used,25580,"90,0",2021,"10,149566075132833",1,"9,815451589308568","0,33411448582426573","0,33411448582426573"
202300,Volkswagen,Touran,Diesel,Automatic,Used,6800,"105,0",2011,"8,824677891164198",11,"8,742829598085555","0,08184829307864305","0,08184829307864305"
14896,Ford,Focus,Gasoline,Automatic,Employee's car,24430,"150,0",2020,"10,103567164251785",2,"10,160179204730747","-0,056612040478961845","0,056612040478961845"
79900,Volkswagen,Polo GTI,Gasoline,Automatic,Used,11985,"179,0",2012,"9,391411146868485",10,"9,350849591279204","0,04056155558928154","0,04056155558928154"
109000,Volkswagen,up!,Gasoline,Manual,Used,5899,"75,0",2015,"8,682538124003075",7,"8,766696388054761","-0,0841582640516858","0,0841582640516858"
133550,Volkswagen,CC,Gasoline,Automatic,Used,12950,"160,0",2014,"9,468851067127684",8,"9,414234979060987","0,05461608806669638","0,05461608806669638"
106700,Skoda,Fabia,Diesel,Manual,Used,5710,"75,0",2014,"8,649974302650056",8,"8,789129271873822","-0,1391549692237657","0,1391549692237657"
1,Opel,Corsa,Gasoline,Manual,Pre-registered,12700,"75,0",2021,"9,449357272446683",1,"9,514345042027996","-0,0649877695813128","0,0649877695813128"
91240,Skoda,Rapid/Spaceback,Gasoline,Manual,Used,6400,"86,0",2013,"8,764053269347762",9,"8,8432800302021","-0,079226760854338","0,079226760854338"
50324,Volkswagen,up!,Gasoline,Manual,Used,6200,"60,0",2016,"8,732304571033183",6,"8,870377846709081","-0,13807327567589844","0,13807327567589844"
50,Ford,Fiesta,Gasoline,Manual,Pre-registered,16990,"95,0",2021,"9,740380214665977",1,"9,716314462333369","0,02406575233260888","0,02406575233260888"
67674,Opel,Corsa,Gasoline,Manual,Used,8480,"90,0",2017,"9,045465728785949",5,"9,150442285024829","-0,10497655623887958","0,10497655623887958"
37397,Opel,Corsa,Gasoline,Manual,Used,7299,"69,0",2016,"8,895492631451633",6,"8,944655662070195","-0,049163030618561976","0,049163030618561976"
12500,Skoda,Fabia,Gasoline,Manual,Used,11250,"60,0",2020,"9,328123407632566",2,"9,349354907857245","-0,021231500224679678","0,021231500224679678"
30000,Volkswagen,Tiguan,Diesel,Automatic,Used,32590,"150,0",2019,"10,391760771831608",3,"10,198556127163677","0,1932046446679312","0,1932046446679312"
130571,Volkswagen,Tiguan,Diesel,Manual,Used,12499,"110,0",2015,"9,433403920090221",7,"9,00721154432927","0,4261923757609516","0,4261923757609516"
85800,Opel,Astra,Gasoline,Manual,Used,8750,"120,0",2014,"9,07680897935166",8,"9,081081301259932","-0,004272321908270982","0,004272321908270982"
75000,Skoda,Fabia,Gasoline,Manual,Used,10499,"110,0",2016,"9,259035293514941",6,"9,322091203578047","-0,06305591006310607","0,06305591006310607"
65500,Volkswagen,Polo,Gasoline,Manual,Used,8950,"90,0",2015,"9,099408811268901",7,"9,008243130285884","0,0911656809830177","0,0911656809830177"
80000,Skoda,Fabia,Gasoline,Manual,Used,5990,"69,0",2014,"8,697846691109495",8,"8,729252075505785","-0,03140538439629026","0,03140538439629026"
6,Skoda,Octavia,Gasoline,Manual,Pre-registered,22490,"150,0",2020,"10,020826044953361",2,"10,139597697921882","-0,11877165296852077","0,11877165296852077"
88513,Volkswagen,Golf Plus,Diesel,Manual,Used,7680,"105,0",2013,"8,946374826141717",9,"9,126141500736834","-0,17976667459511653","0,17976667459511653"
96500,Opel,Meriva,Gasoline,Manual,Used,9800,"120,0",2016,"9,190137664658664",6,"9,180480093464482","0,009657571194182424","0,009657571194182424"
44598,Opel,Adam,Gasoline,Manual,Used,9990,"116,0",2015,"9,2093398716426",7,"9,20745147500498","0,0018883966376197492","0,0018883966376197492"
41000,Opel,Insignia,Diesel,Manual,Used,13850,"140,0",2015,"9,536040511615484",7,"9,62469957724422","-0,08865906562873604","0,08865906562873604"
74000,Volkswagen,Polo,Gasoline,Manual,Used,9850,"90,0",2016,"9,195226734166134",6,"9,056267203115219","0,13895953105091507","0,13895953105091507"
10670,Opel,Corsa,Gasoline,Manual,Employee's car,11890,"90,0",2019,"9,383452989684827",3,"9,415414222637214","-0,031961232952387064","0,031961232952387064"
160000,Skoda,Octavia,Diesel,Automatic,Used,7499,"105,0",2011,"8,92252495730139",11,"8,825668824087908","0,09685613321348185","0,09685613321348185"
30000,Skoda,Citigo,Gasoline,Manual,Used,6400,"75,0",2014,"8,764053269347762",8,"8,835552731435929","-0,07149946208816615","0,07149946208816615"
55000,Renault,Twingo,Gasoline,Manual,Used,5990,"71,0",2015,"8,697846691109495",7,"8,76197234306348","-0,06412565195398479","0,06412565195398479"
89300,Opel,Astra,Diesel,Manual,Used,12900,"136,0",2016,"9,464982590349763",6,"9,31698194552362","0,1480006448261424","0,1480006448261424"
16,Volkswagen,T-Roc,Gasoline,Automatic,Pre-registered,27990,"150,0",2021,"10,2396025825095",1,"10,262050379122373","-0,022447796612873105","0,022447796612873105"
39399,Opel,Corsa,Gasoline,Manual,Used,6990,"69,0",2017,"8,852235835227855",5,"8,988825661980359","-0,13658982675250364","0,13658982675250364"
100,Renault,Twingo,Gasoline,Manual,Pre-registered,10980,"65,0",2021,"9,30383071506352",1,"9,433508798112669","-0,12967808304914819","0,12967808304914819"
75950,Renault,Megane,Gasoline,Manual,Used,11795,"220,0",2014,"9,375430991841775",8,"9,733177862362437","-0,35774687052066234","0,35774687052066234"
18100,Volkswagen,Passat,Diesel,Automatic,Used,25740,"150,0",2020,"10,155801481150117",2,"10,259259156452888","-0,10345767530277072","0,10345767530277072"
20,Opel,Corsa,Gasoline,Manual,Pre-registered,13990,"75,0",2021,"9,546098067659527",1,"9,55830289147457","-0,012204823815043397","0,012204823815043397"
144000,Opel,Astra,Gasoline,Manual,Used,6950,"179,0",2012,"8,846496938558838",10,"8,937651452819981","-0,0911545142611434","0,0911545142611434"
10592,Volkswagen,Polo,Gasoline,Manual,Used,14950,"80,0",2019,"9,612466578818832",3,"9,437786613693268","0,1746799651255646","0,1746799651255646"
116848,Renault,Scenic,Diesel,Manual,Used,7399,"131,0",2012,"8,90910013492555",10,"8,86215204741483","0,04694808751072088","0,04694808751072088"
149000,Ford,Grand Tourneo,Diesel,Manual,Used,9990,"116,0",2014,"9,2093398716426",8,"8,882659355989736","0,32668051565286405","0,32668051565286405"
123000,Ford,Focus,Diesel,Manual,Used,7749,"105,0",2016,"8,95531908176395",6,"9,119600895088762","-0,16428181332481273","0,16428181332481273"
185430,Skoda,Octavia,Diesel,Manual,Used,7450,"150,0",2015,"8,915969311373605",7,"9,170382439169801","-0,2544131277961963","0,2544131277961963"
47000,Skoda,Superb,Diesel,Automatic,Demonstration,29990,"190,0",2019,"10,308619271743055",3,"10,287958252970355","0,020661018772699435","0,020661018772699435"
44610,Opel,Karl,Gasoline,Manual,Used,7700,"75,0",2016,"8,948975607841776",6,"9,011924241024266","-0,06294863318249","0,06294863318249"
60696,Volkswagen,Crafter,Diesel,Manual,Used,38950,"177,0",2019,"10,570034051298894",3,"10,035440700688042","0,5345933506108516","0,5345933506108516"
69120,Skoda,Roomster,Gasoline,Manual,Used,6590,"86,0",2012,"8,793308627496552",10,"8,825675427816215","-0,03236680031966266","0,03236680031966266"
123000,Volkswagen,Golf,Gasoline,Manual,Used,7900,"122,0",2012,"8,974618038455112",10,"8,948108101429266","0,026509937025846142","0,026509937025846142"
83002,Volkswagen,up!,Gasoline,Manual,Used,5980,"60,0",2018,"8,696175846944678",4,"8,860039379020828","-0,16386353207614945","0,16386353207614945"
99800,Ford,Grand C-Max,Gasoline,Manual,Used,10690,"150,0",2014,"9,27706400401909",8,"9,338969120583828","-0,06190511656473774","0,06190511656473774"
75785,Opel,Astra,Diesel,Automatic,Used,12490,"136,0",2018,"9,432683603119623",4,"9,679027308867228","-0,24634370574760567","0,24634370574760567"
90205,Volkswagen,Polo,Gasoline,Manual,Used,6950,"105,0",2011,"8,846496938558838",11,"8,910770921599173","-0,06427398304033538","0,06427398304033538"
98450,Opel,Astra,Diesel,Manual,Used,11449,"110,0",2018,"9,345657668923812",4,"9,26479811103835","0,08085955788546073","0,08085955788546073"
53544,Ford,Fiesta,Gasoline,Manual,Used,8440,"71,0",2018,"9,040737587590003",4,"9,094431993352446","-0,05369440576244244","0,05369440576244244"
9990,Renault,Kadjar,Diesel,Manual,Demonstration,28860,"150,0",2020,"10,270211832327862",2,"10,217289563782208","0,05292226854565385","0,05292226854565385"
80000,Opel,Mokka,Diesel,Manual,Used,13100,"136,0",2015,"9,480367509189243",7,"9,313227907357486","0,16713960183175658","0,16713960183175658"
102600,Ford,EcoSport,Gasoline,Manual,Used,9880,"125,0",2016,"9,198267790741914",6,"9,222902701105975","-0,024634910364060403","0,024634910364060403"
61500,Ford,Focus,Gasoline,Manual,Used,7599,"101,0",2013,"8,935771938669784",9,"8,9358663462834","-9,440761361467764e-05","9,440761361467764e-05"
134000,Opel,Zafira Tourer,Gasoline,Manual,Used,7750,"140,0",2012,"8,955448122347393",10,"8,871024942218396","0,08442318012899719","0,08442318012899719"
51372,Volkswagen,Crafter,Diesel,Manual,Used,23990,"102,0",2019,"10,08539235583374",3,"9,817575159718078","0,26781719611566146","0,26781719611566146"
200000,Renault,Scenic,Diesel,Manual,Used,6700,"131,0",2012,"8,809862805379057",10,"8,668615177317799","0,141247628061258","0,141247628061258"
23309,Ford,Fiesta,Gasoline,Manual,Used,8290,"71,0",2019,"9,022805248129341",3,"9,155660993619358","-0,13285574549001744","0,13285574549001744"
80000,Volkswagen,Passat,Diesel,Automatic,Used,12990,"170,0",2011,"9,471935109664646",11,"9,495735608233241","-0,023800498568595785","0,023800498568595785"
46980,Ford,Fiesta,Gasoline,Automatic,Used,7990,"97,0",2012,"8,98594603876032",10,"8,944246046507562","0,04169999225275767","0,04169999225275767"
12,Opel,Corsa,Gasoline,Manual,Employee's car,18980,"101,0",2021,"9,85114107216392",1,"9,775403442058973","0,07573763010494616","0,07573763010494616"
99000,Renault,Kangoo,Gasoline,Manual,Used,8999,"114,0",2015,"9,104868739033948",7,"9,175146424226545","-0,0702776851925968","0,0702776851925968"
56504,Opel,Corsa,Gasoline,Manual,Used,8490,"90,0",2017,"9,046644279305394",5,"9,176593721379513","-0,1299494420741194","0,1299494420741194"
57343,Volkswagen,Golf,Gasoline,Automatic,Used,17330,"125,0",2016,"9,760194382709651",6,"9,566877704592471","0,19331667811717956","0,19331667811717956"
55842,Volkswagen,Golf,Gasoline,Manual,Used,12440,"125,0",2017,"9,42867236629317",5,"9,507678930936596","-0,07900656464342504","0,07900656464342504"
7500,Renault,ZOE,Electric,Automatic,Demonstration,27410,"136,0",2020,"10,218663189296832",2,"10,10137544367228","0,11728774562455158","0,11728774562455158"
73000,Volkswagen,Golf,Gasoline,Automatic,Used,13999,"116,0",2019,"9,546741177474825",3,"9,645617434219341","-0,09887625674451606","0,09887625674451606"
89950,Skoda,Superb,Diesel,Automatic,Used,16590,"120,0",2017,"9,71655538318449",5,"9,500056335725958","0,216499047458532","0,216499047458532"
38000,Volkswagen,Golf Sportsvan,Gasoline,Manual,Used,12200,"125,0",2014,"9,409191230721348",8,"9,28153452629642","0,12765670442492727","0,12765670442492727"
150000,Volkswagen,Golf Variant,Diesel,Automatic,Used,10680,"150,0",2016,"9,276128112514186",6,"9,393509952088655","-0,11738183957446857","0,11738183957446857"
3755,Renault,Clio,Gasoline,Manual,Used,13900,"101,0",2020,"9,539644119118783",2,"9,66570929644554","-0,12606517732675648","0,12606517732675648"
96938,Skoda,Kodiaq,Diesel,Automatic,Used,24970,"190,0",2017,"10,12543038327382",5,"10,026595148071564","0,09883523520225523","0,09883523520225523"
21945,Opel,Corsa,Gasoline,Manual,Used,10990,"90,0",2019,"9,304741047397666",3,"9,3609164037916","-0,05617535639393445","0,05617535639393445"
27270,Opel,Mokka,Gasoline,Automatic,Used,17999,"140,0",2019,"9,798071479779479",3,"9,89736944918914","-0,09929796940966185","0,09929796940966185"
997,Volkswagen,up!,Gasoline,Manual,Used,12640,"60,0",2019,"9,444621667700849",3,"9,309382189424863","0,13523947827598626","0,13523947827598626"
57635,Volkswagen,up!,Gasoline,Manual,Used,7244,"75,0",2016,"8,887928819003305",6,"8,9665383993378","-0,07860958033449528","0,07860958033449528"
129500,Ford,Focus,Diesel,Manual,Used,5990,"116,0",2014,"8,697846691109495",8,"8,949997147884451","-0,25215045677495596","0,25215045677495596"
70000,Opel,Meriva,Gasoline,Manual,Used,7490,"101,0",2012,"8,921324076511265",10,"8,813270963450279","0,1080531130609863","0,1080531130609863"
39500,Opel,Adam,Gasoline,Manual,Used,7400,"69,0",2016,"8,909235279192261",6,"8,916210900951832","-0,0069756217595706715","0,0069756217595706715"
108965,Opel,Corsa,Gasoline,Manual,Used,5500,"87,0",2013,"8,612503371220562",9,"8,675386893274045","-0,06288352205348247","0,06288352205348247"
62500,Opel,Astra,Diesel,Automatic,Used,14700,"136,0",2019,"9,595602772766828",3,"9,771726772163941","-0,1761239993971131","0,1761239993971131"
68000,Opel,Corsa,Gasoline,Manual,Used,8000,"150,0",2011,"8,987196820661973",11,"9,087190242040906","-0,09999342137893308","0,09999342137893308"
79100,Ford,B-Max,Gasoline,Manual,Used,10300,"101,0",2017,"9,239899174217728",5,"9,16084713267172","0,07905204154600831","0,07905204154600831"
10017,Volkswagen,Caddy,Diesel,Manual,Used,23190,"102,0",2019,"10,051476430249577",3,"10,059109416905285","-0,007632986655707441","0,007632986655707441"
77800,Volkswagen,Golf,Gasoline,Automatic,Used,17999,"211,0",2013,"9,798071479779479",9,"9,771316602833101","0,026754876946377237","0,026754876946377237"
25582,Opel,Corsa,Gasoline,Manual,Used,8990,"69,0",2019,"9,103868127465667",3,"9,167646505003711","-0,0637783775380445","0,0637783775380445"
145982,Renault,Kangoo,Diesel,Manual,Used,7790,"90,0",2014,"8,960596138864794",8,"8,80137152418544","0,15922461467935456","0,15922461467935456"
25500,Ford,Focus,Gasoline,Manual,Used,17490,"150,0",2018,"9,769384568012647",4,"9,871143059623554","-0,10175849161090689","0,10175849161090689"
109850,Volkswagen,Golf,Diesel,Manual,Used,10490,"105,0",2013,"9,258177701390343",9,"9,06317561253321","0,19500208885713377","0,19500208885713377"
17450,Opel,Corsa,Gasoline,Manual,Used,9950,"75,0",2017,"9,205327830152639",5,"9,159294533554645","0,04603329659799371","0,04603329659799371"
86000,Renault,Clio,Gasoline,Manual,Used,5890,"90,0",2014,"8,681011276645632",8,"8,90970070765392","-0,22868943100828787","0,22868943100828787"
147000,Ford,Kuga,Diesel,Manual,Used,10990,"120,0",2015,"9,304741047397666",7,"9,024893296421224","0,2798477509764421","0,2798477509764421"
28877,Opel,Meriva,Gasoline,Automatic,Used,9500,"120,0",2013,"9,159047077588632",9,"9,209842167513841","-0,050795089925209425","0,050795089925209425"
50,Volkswagen,Polo,Gasoline,Manual,Used,17685,"95,0",2021,"9,780472101639582",1,"9,716314462333369","0,0641576393062131","0,0641576393062131"
99464,Volkswagen,Golf,Diesel,Manual,Used,12300,"150,0",2015,"9,417354541360508",7,"9,500411975992925","-0,08305743463241733","0,08305743463241733"
4350,Opel,Corsa,Gasoline,Manual,Used,12990,"75,0",2020,"9,471935109664646",2,"9,457270885496886","0,014664224167759699","0,014664224167759699"
149352,Opel,Insignia,Diesel,Manual,Used,10999,"194,0",2014,"9,305559638557117",8,"9,215841650680034","0,08971798787708352","0,08971798787708352"
30000,Ford,C-Max,Diesel,Automatic,Used,19390,"120,0",2019,"9,872512748236698",3,"9,950028855229007","-0,07751610699230937","0,07751610699230937"
180100,Ford,B-Max,Gasoline,Manual,Used,5499,"125,0",2013,"8,612321536507814",9,"8,649123464109651","-0,03680192760183765","0,03680192760183765"
88490,Opel,Adam,Gasoline,Manual,Used,8890,"101,0",2017,"9,09268232850795",5,"9,139580888959813","-0,04689856045186325","0,04689856045186325"
86000,Renault,Clio,Gasoline,Manual,Used,6300,"90,0",2015,"8,748304912379623",7,"8,948958653106194","-0,20065374072657072","0,20065374072657072"
50000,Ford,Fiesta,Gasoline,Manual,Used,8490,"60,0",2017,"9,046644279305394",5,"8,934953532097932","0,11169074720746153","0,11169074720746153"
40872,Opel,Corsa,Gasoline,Manual,Used,6950,"69,0",2016,"8,846496938558838",6,"8,923683940200894","-0,07718700164205572","0,07718700164205572"
44745,Ford,Ka/Ka+,Gasoline,Manual,Used,4800,"69,0",2012,"8,476371196895983",10,"8,692544031723482","-0,21617283482749983","0,21617283482749983"
35000,Opel,Adam,Gasoline,Manual,Used,9550,"101,0",2015,"9,164296433474776",7,"9,150702094318865","0,013594339155911683","0,013594339155911683"
187800,Opel,Astra,Diesel,Manual,Used,5250,"131,0",2014,"8,565983355585669",8,"8,848036799633261","-0,2820534440475928","0,2820534440475928"
79987,Ford,B-Max,Gasoline,Automatic,Used,10444,"105,0",2015,"9,25378292981902",7,"9,329968875443646","-0,07618594562462633","0,07618594562462633"
71950,Skoda,Yeti,Gasoline,Automatic,Used,14490,"110,0",2016,"9,581214035314728",6,"9,48764626958419","0,09356776573053871","0,09356776573053871"
57709,Opel,Astra,Gasoline,Manual,Used,9980,"105,0",2016,"9,20833836930551",6,"9,330684922194452","-0,12234655288894203","0,12234655288894203"
22909,Opel,Adam,Gasoline,Manual,Used,11997,"87,0",2019,"9,392411897514927",3,"9,39170300248145","0,0007088950334779298","0,0007088950334779298"
124050,Skoda,Fabia,Gasoline,Manual,Used,5980,"86,0",2012,"8,696175846944678",10,"8,681797534181673","0,014378312763005496","0,014378312763005496"
5000,Renault,Scenic,Gasoline,Automatic,Pre-registered,29750,"140,0",2021,"10,300584410973777",1,"10,212136350746828","0,0884480602269484","0,0884480602269484"
10,Volkswagen,Polo,Gasoline,Manual,Employee's car,17333,"95,0",2021,"9,76036747794131",1,"9,713888503814639","0,046478974126671346","0,046478974126671346"
96000,Opel,Zafira Tourer,Gasoline,Manual,Used,10490,"140,0",2012,"9,258177701390343",10,"9,030557744031851","0,22761995735849183","0,22761995735849183"
154881,Ford,S-Max,Diesel,Automatic,Used,8499,"140,0",2014,"9,047703788498627",8,"9,243598206518795","-0,19589441802016871","0,19589441802016871"
122424,Volkswagen,Golf,Diesel,Manual,Used,10800,"110,0",2015,"9,287301413112312",7,"9,04221139938778","0,24509001372453199","0,24509001372453199"
143000,Opel,Astra,Diesel,Manual,Used,8999,"136,0",2017,"9,104868739033948",5,"9,109973751612971","-0,0051050125790226275","0,0051050125790226275"
22076,Ford,Fiesta,Diesel,Manual,Used,12990,"86,0",2019,"9,471935109664646",3,"9,468379947903298","0,003555161761347847","0,003555161761347847"
123000,Volkswagen,Touran,Gasoline,Automatic,Used,10850,"140,0",2012,"9,291920358968605",10,"9,00555432867788","0,2863660302907256","0,2863660302907256"
73500,Opel,Mokka,Gasoline,Manual,Used,9400,"116,0",2015,"9,148464968258095",7,"9,12807340136459","0,02039156689350463","0,02039156689350463"
35867,Renault,Clio,Gasoline,Manual,Used,8790,"90,0",2015,"9,081369990679223",7,"9,098893798170774","-0,01752380749155158","0,01752380749155158"
10355,Ford,EcoSport,Gasoline,Manual,Used,16950,"125,0",2019,"9,738023112808596",3,"9,786815883403033","-0,048792770594436874","0,048792770594436874"
24470,Skoda,Superb,Gasoline,Automatic,Used,26870,"179,0",2018,"10,198765701609537",4,"10,213835090168297","-0,015069388558760721","0,015069388558760721"
16643,Volkswagen,Passat Variant,Gasoline,Automatic,Used,28360,"190,0",2020,"10,252734980646064",2,"10,36977053202629","-0,11703555138022637","0,11703555138022637"
206216,Volkswagen,CC,Diesel,Automatic,Used,9270,"177,0",2014,"9,1345386585599",8,"9,298159042951124","-0,16362038439122273","0,16362038439122273"
37646,Opel,Adam,Gasoline,Manual,Used,10998,"87,0",2018,"9,30546871706776",4,"9,251746304030192","0,05372241303756731","0,05372241303756731"
8089,Volkswagen,Caddy,Diesel,Automatic,Used,27859,"150,0",2019,"10,234911352935114",3,"10,283254694090326","-0,04834334115521166","0,04834334115521166"
20,Opel,Corsa,Gasoline,Manual,Pre-registered,14190,"75,0",2021,"9,560292770154089",1,"9,55830289147457","0,0019898786795184975","0,0019898786795184975"
110000,Volkswagen,Golf,Diesel,Manual,Used,6989,"105,0",2011,"8,85209276347713",11,"8,932799996318106","-0,08070723284097703","0,08070723284097703"
26600,Volkswagen,Polo,Gasoline,Manual,Used,8970,"60,0",2017,"9,101640955052842",5,"9,013282860012252","0,08835809504059","0,08835809504059"
10858,Ford,EcoSport,Gasoline,Manual,Employee's car,17250,"125,0",2020,"9,755567422459507",2,"9,866008890076762","-0,11044146761725493","0,11044146761725493"
10,Renault,Clio,Gasoline,Manual,Pre-registered,14500,"90,0",2021,"9,581903928408666",1,"9,695878640470015","-0,11397471206134924","0,11397471206134924"
59285,Opel,Meriva,Gasoline,Manual,Used,8980,"120,0",2016,"9,102755161296246",6,"9,299584511330915","-0,19682935003466895","0,19682935003466895"
39430,Volkswagen,Golf Cabriolet,Gasoline,Automatic,Used,29999,"220,0",2017,"10,308919326755392",5,"10,192934709353901","0,11598461740149091","0,11598461740149091"
46560,Ford,Fiesta,Gasoline,Manual,Used,7750,"60,0",2016,"8,955448122347393",6,"8,881193774736483","0,07425434761091054","0,07425434761091054"
8453,Opel,Adam,Gasoline,Manual,Used,11440,"87,0",2019,"9,344871264933788",3,"9,452608848932774","-0,10773758399898625","0,10773758399898625"
73920,Renault,Clio,Gasoline,Manual,Used,7980,"73,0",2016,"8,984693690443855",6,"8,897533568643663","0,08716012180019206","0,08716012180019206"
67015,Opel,Insignia,Gasoline,Automatic,Used,23450,"260,0",2017,"10,062625773874425",5,"10,067612494647422","-0,004986720772997444","0,004986720772997444"
113000,Renault,Clio,Gasoline,Manual,Used,5200,"73,0",2014,"8,556413904569519",8,"8,712063974437534","-0,155650069868015","0,155650069868015"
48306,Skoda,Superb,Gasoline,Manual,Used,17444,"150,0",2017,"9,766751028962657",5,"9,729945879277599","0,036805149685058325","0,036805149685058325"
35000,Renault,Captur,Diesel,Automatic,Used,12470,"90,0",2015,"9,431081038674082",7,"9,258123603024952","0,17295743564912947","0,17295743564912947"
34900,Ford,B-Max,Gasoline,Manual,Used,8990,"90,0",2012,"9,103868127465667",10,"8,888849742229628","0,21501838523603922","0,21501838523603922"
52000,Ford,Kuga,Gasoline,Manual,Used,14250,"150,0",2014,"9,564512185696797",8,"9,45756030482028","0,10695188087651708","0,10695188087651708"
100,Volkswagen,Tiguan,Gasoline,Manual,Pre-registered,26049,"131,0",2021,"10,167734658728754",1,"10,060772655486263","0,10696200324249183","0,10696200324249183"
132950,Volkswagen,up!,Gasoline,Manual,Used,5990,"60,0",2018,"8,697846691109495",4,"8,651247593819566","0,0465990972899295","0,0465990972899295"
102790,Opel,Zafira,Gasoline,Manual,Used,7790,"120,0",2014,"8,960596138864794",8,"8,98824059178341","-0,02764445291861506","0,02764445291861506"
4711,Volkswagen,Golf Variant,Gasoline,Automatic,Used,25950,"150,0",2020,"10,163926888594034",2,"10,218115613633547","-0,054188725039512775","0,054188725039512775"
84700,Ford,Edge,Diesel,Automatic,Used,23690,"209,0",2017,"10,07280829715283",5,"10,109775767187491","-0,03696747003466072","0,03696747003466072"
7500,Opel,Corsa,Gasoline,Automatic,Used,16950,"101,0",2020,"9,738023112808596",2,"9,765122938864572","-0,027099826055975385","0,027099826055975385"
101512,Skoda,Yeti,Gasoline,Automatic,Used,9450,"105,0",2011,"9,153770020487789",11,"8,935241244551824","0,2185287759359653","0,2185287759359653"
44842,Renault,Grand Scenic,Gasoline,Manual,Used,16900,"116,0",2019,"9,735068900911164",3,"9,654024561318112","0,08104433959305268","0,08104433959305268"
58710,Renault,,Electric,Automatic,Used,9990,"58,0",2015,"9,2093398716426",7,"8,903111604550757","0,3062282670918428","0,3062282670918428"
84300,Renault,Megane,Diesel,Manual,Used,6299,"110,0",2013,"8,74814616962193",9,"9,051435309527589","-0,30328913990565987","0,30328913990565987"
117000,Volkswagen,Polo,Gasoline,Manual,Used,6500,"75,0",2014,"8,779557455883728",8,"8,675021005903908","0,10453644997982003","0,10453644997982003"
104536,Skoda,Fabia,Diesel,Manual,Used,7777,"90,0",2016,"8,958925938694943",6,"9,02753414497369","-0,06860820627874631","0,06860820627874631"
2083,Ford,Mondeo,Electric/Gasoline,Automatic,Used,26990,"186,0",2019,"10,20322170601205",3,"10,255230218733097","-0,052008512721046785","0,052008512721046785"
99800,Ford,Focus,Diesel,Automatic,Used,9990,"163,0",2014,"9,2093398716426",8,"9,39493041635841","-0,1855905447158097","0,1855905447158097"
64965,Volkswagen,Touareg,Diesel,Automatic,Used,28888,"262,0",2017,"10,271181562957294",5,"10,424548189841659","-0,15336662688436498","0,15336662688436498"
2568,Renault,Twingo,Gasoline,Manual,Demonstration,10668,"65,0",2021,"9,275003885301905",1,"9,451584727803919","-0,17658084250201433","0,17658084250201433"
149952,Volkswagen,Golf,Diesel,Automatic,Used,8280,"110,0",2015,"9,021598247379305",7,"9,092438254795615","-0,0708400074163098","0,0708400074163098"
87000,Volkswagen,Golf,Gasoline,Manual,Used,10950,"110,0",2015,"9,301094735244646",7,"9,196175322652058","0,1049194125925883","0,1049194125925883"
8343,Opel,Corsa,Gasoline,Manual,Used,12480,"75,0",2019,"9,43188264192342",3,"9,360405562318467","0,07147707960495175","0,07147707960495175"
11455,Renault,Talisman,Gasoline,Automatic,Used,31490,"224,0",2020,"10,357425314095071",2,"10,416311780223916","-0,05888646612884507","0,05888646612884507"
100,Volkswagen,Caddy,Diesel,Manual,Demonstration,26250,"122,0",2021,"10,17542126801977",1,"10,36364049077171","-0,1882192227519397","0,1882192227519397"
96386,Ford,Focus,Diesel,Automatic,Used,11296,"120,0",2018,"9,332203959733024",4,"9,57927967657703","-0,24707571684400698","0,24707571684400698"
129578,Volkswagen,Golf,Diesel,Manual,Used,8390,"105,0",2014,"9,034795799461252",8,"9,057382223894567","-0,0225864244333156","0,0225864244333156"
65561,Ford,Fiesta,Gasoline,Manual,Used,7894,"80,0",2014,"8,973858256222792",8,"8,868015754486963","0,10584250173582888","0,10584250173582888"
345000,Renault,Master,Diesel,Manual,Used,5000,"101,0",2012,"8,517193191416238",10,"8,742049507628817","-0,22485631621257873","0,22485631621257873"
59500,Volkswagen,up!,Gasoline,Manual,Used,6970,"60,0",2017,"8,84937050375457",5,"8,911051777139832","-0,06168127338526297","0,06168127338526297"
9,Volkswagen,Caddy,Diesel,Automatic,Pre-registered,39990,"122,0",2021,"10,596384701840863",1,"10,436776935801213","0,15960776603965066","0,15960776603965066"
22133,Opel,Combo,Gasoline,Manual,Used,10900,"95,0",2014,"9,296518068217235",8,"9,106863775346056","0,18965429287117885","0,18965429287117885"
60655,Opel,Corsa,Gasoline,Manual,Used,7290,"86,0",2014,"8,894258825002703",8,"8,988629751786643","-0,09437092678393988","0,09437092678393988"
105307,Ford,EcoSport,Gasoline,Manual,Used,8990,"125,0",2015,"9,103868127465667",7,"9,159682580666654","-0,05581445320098766","0,05581445320098766"
9733,Ford,C-Max,Gasoline,Manual,Used,14990,"101,0",2019,"9,615138591096644",3,"9,566266916650445","0,048871674446198554","0,048871674446198554"
110270,Opel,Insignia,Diesel,Manual,Used,10480,"136,0",2016,"9,257223957875032",6,"9,218641308743361","0,038582649131670976","0,038582649131670976"
5000,Renault,Twingo,Gasoline,Manual,Used,10970,"92,0",2019,"9,302919553269277",3,"9,346436715756846","-0,04351716248756965","0,04351716248756965"
79211,Skoda,Octavia,Diesel,Manual,Used,12190,"150,0",2016,"9,408371222475317",6,"9,641739172631345","-0,23336795015602796","0,23336795015602796"
2000,Opel,Mokka,Gasoline,Automatic,Demonstration,29990,"131,0",2021,"10,308619271743055",1,"10,14656386647371","0,1620554052693457","0,1620554052693457"
8000,Opel,Karl,Gasoline,Manual,Used,10480,"73,0",2019,"9,257223957875032",3,"9,24594151762617","0,011282440248862713","0,011282440248862713"
25000,Ford,Fiesta,Gasoline,Manual,Used,14200,"101,0",2019,"9,560997243589352",3,"9,465898627169137","0,09509861642021455","0,09509861642021455"
46585,Opel,Corsa,Diesel,Manual,Used,8900,"75,0",2017,"9,093806555720231",5,"9,164697155601191","-0,07089059988095947","0,07089059988095947"
33456,Skoda,Octavia,Gasoline,Manual,Used,17850,"150,0",2019,"9,789758787207784",3,"9,907304076197057","-0,11754528898927319","0,11754528898927319"
38590,Volkswagen,Golf,Gasoline,Manual,Used,12990,"86,0",2015,"9,471935109664646",7,"9,211173625136757","0,2607614845278885","0,2607614845278885"
5,Opel,Crossland X,Gasoline,Automatic,Pre-registered,25480,"131,0",2021,"10,145649109686099",1,"10,116382759635727","0,02926635005037248","0,02926635005037248"
19800,Volkswagen,Passat Variant,Gasoline,Automatic,Used,25247,"150,0",2018,"10,136462615763627",4,"10,011916524681586","0,12454609108204018","0,12454609108204018"
68600,Volkswagen,Golf,Diesel,Automatic,Used,13900,"110,0",2017,"9,539644119118783",5,"9,543109110693866","-0,003464991575082621","0,003464991575082621"
74500,Renault,Twingo,Gasoline,Manual,Used,5990,"71,0",2016,"8,697846691109495",6,"8,774255492567644","-0,07640880145814855","0,07640880145814855"
33700,Skoda,Octavia,Gasoline,Manual,Used,20666,"230,0",2015,"9,9362451167743",7,"9,814339449515991","0,12190566725830898","0,12190566725830898"
84000,Opel,Meriva,Gasoline,Manual,Used,7440,"120,0",2013,"8,914626127827137",9,"8,946888214713143","-0,03226208688600529","0,03226208688600529"
140770,Opel,Astra,Diesel,Manual,Used,5900,"136,0",2014,"8,68270762989381",8,"9,033917788655613","-0,35121015876180195","0,35121015876180195"
90782,Renault,Megane,Diesel,Manual,Used,7500,"131,0",2014,"8,922658299524402",8,"9,184835289193872","-0,2621769896694701","0,2621769896694701"
150000,Opel,Astra,Diesel,Manual,Used,5800,"110,0",2013,"8,66561319653451",9,"8,817130362312348","-0,1515171657778378","0,1515171657778378"
53800,Volkswagen,Polo,Gasoline,Manual,Used,6450,"60,0",2013,"8,771835409789817",9,"8,705620159655131","0,06621525013468599","0,06621525013468599"
98000,Opel,Meriva,Gasoline,Automatic,Used,9280,"120,0",2013,"9,135616825780247",9,"9,075757725520933","0,05985910025931318","0,05985910025931318"
218000,Skoda,Octavia,Diesel,Automatic,Used,7500,"150,0",2013,"8,922658299524402",9,"9,110777692009705","-0,1881193924853033","0,1881193924853033"
132000,Ford,Kuga,Diesel,Automatic,Used,12500,"163,0",2013,"9,433483923290392",9,"9,217502217818787","0,21598170547160578","0,21598170547160578"
23404,Opel,Corsa,Gasoline,Manual,Used,8990,"69,0",2018,"9,103868127465667",4,"9,119436933939873","-0,015568806474206554","0,015568806474206554"
24863,Ford,Fiesta,Gasoline,Manual,Used,8290,"71,0",2019,"9,022805248129341",3,"9,13793235099637","-0,11512710286702976","0,11512710286702976"
39680,Ford,Edge,Diesel,Manual,Used,26690,"179,0",2017,"10,19204424239857",5,"10,009024119768437","0,18302012263013268","0,18302012263013268"
164000,Ford,Focus,Gasoline,Manual,Used,6100,"125,0",2012,"8,716044050161402",10,"8,621193308559146","0,09485074160225615","0,09485074160225615"
1250,Opel,Corsa,Gasoline,Manual,Demonstration,15790,"101,0",2020,"9,667132107249687",2,"9,683461594661914","-0,01632948741222684","0,01632948741222684"
13482,Opel,Grandland X,Gasoline,Automatic,Used,24480,"131,0",2019,"10,105611736626262",3,"9,9102134907817","0,19539824584456156","0,19539824584456156"
2100,Volkswagen,Golf,Gasoline,Manual,Used,30900,"150,0",2021,"10,338511462885837",1,"10,268543813596061","0,06996764928977584","0,06996764928977584"
83000,Skoda,Karoq,Gasoline,Automatic,Used,20960,"150,0",2017,"9,950371138434978",5,"9,816009087008046","0,13436205142693147","0,13436205142693147"
74000,Skoda,Yeti,Gasoline,Manual,Used,12700,"122,0",2014,"9,449357272446683",8,"9,35118864331973","0,09816862912695257","0,09816862912695257"
90000,Ford,Mondeo,Gasoline,Manual,Used,8750,"120,0",2013,"9,07680897935166",9,"8,956345778310403","0,1204632010412574","0,1204632010412574"
133650,Opel,Astra,Diesel,Manual,Used,6100,"131,0",2013,"8,716044050161402",9,"8,947685460067932","-0,23164140990652982","0,23164140990652982"
10,Ford,Kuga,Gasoline,Manual,Used,27770,"150,0",2020,"10,231711580300844",2,"10,140441393449633","0,09127018685121158","0,09127018685121158"
1858,Renault,Twingo,Gasoline,Manual,Demonstration,11580,"65,0",2021,"9,357034751126987",1,"9,43527245748396","-0,07823770635697258","0,07823770635697258"
70227,Opel,Mokka,Gasoline,Automatic,Used,13400,"140,0",2015,"9,503009985939002",7,"9,450377742701043","0,052632243237958676","0,052632243237958676"
94000,Opel,Astra,Diesel,Manual,Used,7999,"110,0",2015,"8,987071812848821",7,"9,171896741791864","-0,18482492894304237","0,18482492894304237"
1460,Renault,Twingo,Gasoline,Automatic,Used,11200,"69,0",2018,"9,323669057283185",4,"9,441191969048823","-0,11752291176563823","0,11752291176563823"
181468,Skoda,Fabia,Diesel,Manual,Used,6777,"90,0",2017,"8,821289805136113",5,"8,875021209135712","-0,05373140399959908","0,05373140399959908"
56320,Ford,Focus,Gasoline,Manual,Used,9450,"101,0",2016,"9,153770020487789",6,"9,172302952354183","-0,018532931866394264","0,018532931866394264"
112267,Volkswagen,Golf,Gasoline,Manual,Used,8980,"122,0",2011,"9,102755161296246",11,"8,919465315626878","0,18328984566936768","0,18328984566936768"
107000,Opel,Insignia,Diesel,Manual,Used,8000,"160,0",2012,"8,987196820661973",10,"9,135178719777588","-0,14798189911561543","0,14798189911561543"
17408,Volkswagen,up!,Gasoline,Manual,Used,8870,"60,0",2018,"9,090430075303626",4,"9,079882960506497","0,010547114797128998","0,010547114797128998"
27917,Volkswagen,Polo,Gasoline,Manual,Used,13480,"75,0",2018,"9,508962384466297",4,"9,197380638000398","0,3115817464658992","0,3115817464658992"
67500,Opel,Meriva,Gasoline,Manual,Used,8875,"120,0",2014,"9,090993614343617",8,"9,108638529116847","-0,01764491477323027","0,01764491477323027"
85149,Volkswagen,Beetle,Gasoline,Manual,Used,19480,"150,0",2017,"9,877143577196525",5,"9,625895494291887","0,2512480829046382","0,2512480829046382"
100500,Skoda,Superb,Diesel,Automatic,Used,12490,"140,0",2013,"9,432683603119623",9,"9,298944661004453","0,13373894211516912","0,13373894211516912"
10,Opel,Zafira,Gasoline,Automatic,Pre-registered,23450,"136,0",2018,"10,062625773874425",4,"9,890246403902257","0,17237936997216785","0,17237936997216785"
2500,Renault,Grand Scenic,Gasoline,Manual,Demonstration,29380,"140,0",2021,"10,288069449727868",1,"10,096280763757077","0,19178868597079024","0,19178868597079024"
49126,Renault,Clio,Gasoline,Manual,Used,10100,"90,0",2016,"9,22029070282935",6,"9,123626261805905","0,09666444102344585","0,09666444102344585"
17783,Opel,Zafira,Gasoline,Manual,Used,13995,"140,0",2016,"9,546455401949554",6,"9,552093219264219","-0,005637817314664062","0,005637817314664062"
20450,Opel,Astra,Diesel,Manual,Used,15449,"105,0",2020,"9,64529955531205",2,"9,82024620202103","-0,17494664670897997","0,17494664670897997"
49482,Ford,Fiesta,Gasoline,Manual,Used,14190,"120,0",2018,"9,560292770154089",4,"9,573374178913145","-0,013081408759056501","0,013081408759056501"
8000,Volkswagen,Golf,Diesel,Automatic,Used,26900,"116,0",2020,"10,19988156558993",2,"10,149538622198284","0,050342943391646244","0,050342943391646244"
80,Ford,Transit Connect,Gasoline,Manual,Used,22985,"101,0",2020,"10,042597108240328",2,"9,687798671372288","0,35479843686803925","0,35479843686803925"
18880,Volkswagen,Passat Variant,Gasoline,Automatic,Used,37590,"272,0",2019,"10,534493336558224",3,"10,505663661002634","0,02882967555559013","0,02882967555559013"
202000,Renault,Megane,Diesel,Manual,Used,4950,"110,0",2013,"8,507142855562735",9,"8,704989046363131","-0,19784619080039612","0,19784619080039612"
138457,Volkswagen,Tiguan,Diesel,Automatic,Used,12699,"140,0",2014,"9,449278529189034",8,"9,359390463381068","0,08988806580796549","0,08988806580796549"
49500,Opel,Karl,Gasoline,Manual,Used,5490,"75,0",2016,"8,610683534503575",6,"8,988101698504451","-0,3774181640008756","0,3774181640008756"
118000,Volkswagen,Tiguan,Diesel,Manual,Used,14290,"140,0",2013,"9,567315270923913",9,"9,261989993027077","0,30532527789683606","0,30532527789683606"
24000,Opel,Adam,Gasoline,Manual,Used,10999,"116,0",2015,"9,305559638557117",7,"9,257715868496666","0,04784377006045126","0,04784377006045126"
225000,Ford,Transit Custom,Diesel,Manual,Used,11900,"155,0",2015,"9,38429367909962",7,"9,166160993700599","0,21813268539902175","0,21813268539902175"
40834,Opel,Insignia,Diesel,Automatic,Used,20950,"170,0",2017,"9,949893925350283",5,"9,99304821594493","-0,04315429059464648","0,04315429059464648"
13300,Volkswagen,Sharan,Gasoline,Automatic,Used,29980,"150,0",2020,"10,308285771656589",2,"10,165086435251276","0,14319933640531346","0,14319933640531346"
133637,Volkswagen,Golf,Diesel,Automatic,Used,9699,"105,0",2014,"9,179778066393542",8,"9,186484357519063","-0,006706291125521346","0,006706291125521346"
9357,Ford,Puma,Gasoline,Manual,Employee's car,21430,"125,0",2020,"9,972547088467623",2,"9,89331208631659","0,07923500215103374","0,07923500215103374"
52900,Skoda,Fabia,Gasoline,Manual,Used,9499,"90,0",2016,"9,158941808890182",6,"9,120564043004528","0,038377765885654114","0,038377765885654114"
19800,Skoda,Citigo,Gasoline,Manual,Used,9450,"60,0",2019,"9,153770020487789",3,"9,154210185533234","-0,0004401650454450845","0,0004401650454450845"
69200,Opel,Corsa,Gasoline,Manual,Used,8980,"69,0",2017,"9,102755161296246",5,"8,921853496508957","0,18090166478728875","0,18090166478728875"
100,Skoda,Octavia,Gasoline,Automatic,Used,34800,"245,0",2021,"10,457372665762566",1,"10,531384332986208","-0,07401166722364216","0,07401166722364216"
74558,Renault,Wind,Gasoline,Manual,Used,4990,"101,0",2011,"8,515191188745565",11,"8,688132989839769","-0,1729418010942041","0,1729418010942041"
259500,Volkswagen,Golf,Diesel,Manual,Used,4690,"105,0",2012,"8,453187861440325",10,"8,666274799498334","-0,2130869380580087","0,2130869380580087"
10,Ford,Kuga,Gasoline,Manual,Pre-registered,32390,"150,0",2021,"10,385605012165374",1,"10,177700652845145","0,20790435932022966","0,20790435932022966"
10,Ford,Kuga,Gasoline,Manual,Pre-registered,31990,"150,0",2021,"10,373178632943564",1,"10,177700652845145","0,19547798009841877","0,19547798009841877"
129600,Skoda,Octavia,Diesel,Automatic,Used,12799,"184,0",2014,"9,457122321855792",8,"9,621803458264928","-0,1646811364091363","0,1646811364091363"
169792,Ford,Focus,Diesel,Manual,Used,11000,"120,0",2018,"9,305650551780507",4,"9,152176203711996","0,1534743480685119","0,1534743480685119"
121000,Volkswagen,Golf,Gasoline,Manual,Used,7100,"122,0",2011,"8,867850063029406",11,"8,898014851634311","-0,030164788604905013","0,030164788604905013"
62839,Volkswagen,Touareg,Diesel,Automatic,Used,32490,"262,0",2017,"10,388687628663146",5,"10,441874760819132","-0,053187132155986916","0,053187132155986916"
6758,Volkswagen,Golf,Gasoline,Manual,Used,19590,"116,0",2019,"9,882774510938587",3,"9,814328836368984","0,06844567456960249","0,06844567456960249"
100,Renault,Twingo,Gasoline,Manual,Pre-registered,11580,"65,0",2021,"9,357034751126987",1,"9,433508798112669","-0,07647404698568216","0,07647404698568216"
14533,Volkswagen,Golf,Diesel,Automatic,Used,29234,"184,0",2019,"10,283087694449238",3,"10,39252406086346","-0,10943636641422216","0,10943636641422216"
147500,Ford,Transit,Diesel,Manual,Used,7950,"101,0",2013,"8,980927207648378",9,"8,949206929565598","0,031720278082779885","0,031720278082779885"
59300,Ford,Fiesta,Gasoline,Manual,Used,6250,"97,0",2011,"8,740336742730447",11,"8,71214509468364","0,02819164804680696","0,02819164804680696"
248000,Opel,Insignia,Diesel,Manual,Used,7999,"194,0",2013,"8,987071812848821",9,"8,805762011486179","0,18130980136264263","0,18130980136264263"
8000,Volkswagen,Caddy,Diesel,Manual,Demonstration,25444,"102,0",2020,"10,144235237798695",2,"10,102882776659163","0,041352461139531727","0,041352461139531727"
99500,Volkswagen,Tiguan,Diesel,Automatic,Used,14999,"140,0",2013,"9,61573881119536",9,"9,348842266750825","0,2668965444445348","0,2668965444445348"
78315,Volkswagen,Passat Variant,Diesel,Manual,Used,16990,"150,0",2018,"9,740380214665977",4,"9,908070896065954","-0,16769068139997678","0,16769068139997678"
75000,Volkswagen,Golf Cabriolet,Gasoline,Manual,Used,12500,"122,0",2012,"9,433483923290392",10,"9,149037565799613","0,2844463574907792","0,2844463574907792"
148466,Volkswagen,Golf Variant,Diesel,Manual,Used,8950,"105,0",2014,"9,099408811268901",8,"9,00662428109308","0,09278453017582144","0,09278453017582144"
75740,Opel,Corsa,Gasoline,Manual,Used,6800,"120,0",2013,"8,824677891164198",9,"8,99222487674442","-0,16754698558022163","0,16754698558022163"
41200,Renault,ZOE,Electric,,Used,5400,"88,0",2014,"8,594154232552366",8,"8,877287673244734","-0,28313344069236734","0,28313344069236734"
64980,Volkswagen,Golf Sportsvan,Gasoline,Automatic,Used,14430,"125,0",2015,"9,577064651767916",7,"9,470208193803211","0,10685645796470489","0,10685645796470489"
52000,Skoda,Rapid/Spaceback,Gasoline,Manual,Used,8200,"105,0",2015,"9,011889433252344",7,"9,292741291993003","-0,2808518587406592","0,2808518587406592"
19794,Volkswagen,Tiguan,Gasoline,Manual,Used,27890,"150,0",2020,"10,236023480621535",2,"10,04409755932423","0,19192592129730457","0,19192592129730457"
194000,Ford,Focus,Gasoline,Manual,Used,4780,"105,0",2011,"8,472195825485501",11,"8,589694930697533","-0,11749910521203155","0,11749910521203155"
45,Volkswagen,T-Cross,Gasoline,Automatic,Pre-registered,24780,"110,0",2021,"10,117792155183134",1,"10,063028345908133","0,05476380927500024","0,05476380927500024"
59479,Volkswagen,Golf,Gasoline,Manual,Used,13426,"110,0",2018,"9,504948404498696",4,"9,522744734042439","-0,017796329543742218","0,017796329543742218"
104000,Renault,Twingo,Gasoline,Manual,Used,5700,"90,0",2014,"8,648221453822641",8,"8,841831289722592","-0,1936098358999505","0,1936098358999505"
49950,Opel,Astra,Gasoline,Manual,Used,11980,"140,0",2015,"9,39099387166944",7,"9,37046490356004","0,02052896810940119","0,02052896810940119"
99250,Opel,Astra,Diesel,Manual,Used,6850,"110,0",2014,"8,83200393125627",8,"9,121908859595456","-0,289904928339185","0,289904928339185"
8000,Renault,Clio,Gasoline,Automatic,Used,16990,"131,0",2019,"9,740380214665977",3,"9,932649546220304","-0,19226933155432668","0,19226933155432668"
44175,Volkswagen,Passat,Electric/Gasoline,Automatic,Used,28900,"218,0",2017,"10,271596874100524",5,"10,232611438977372","0,038985435123152","0,038985435123152"
61470,Opel,Astra,Gasoline,Manual,Used,10290,"120,0",2015,"9,238927828828094",7,"9,21758478828106","0,021343040547034065","0,021343040547034065"
42005,Opel,Corsa,Gasoline,Manual,Used,6485,"69,0",2012,"8,777247096750544",10,"8,685929916313391","0,09131718043715331","0,09131718043715331"
11303,Ford,EcoSport,Gasoline,Manual,Used,17737,"125,0",2019,"9,783408132205587",3,"9,777651061942915","0,005757070262671249","0,005757070262671249"
47067,Renault,Megane,Gasoline,Manual,Used,7948,"116,0",2015,"8,980675603671708",7,"9,193178543427404","-0,21250293975569612","0,21250293975569612"
90825,Ford,Transit,Diesel,Manual,Used,9750,"101,0",2013,"9,185022563991893",9,"9,13024375228091","0,05477881171098353","0,05477881171098353"
150000,Opel,Insignia,Diesel,Manual,Used,8900,"163,0",2013,"9,093806555720231",9,"9,095441792720333","-0,001635237000101597","0,001635237000101597"
65000,Ford,Ka/Ka+,Gasoline,Manual,Used,5200,"69,0",2015,"8,556413904569519",7,"8,809297010360389","-0,25288310579087003","0,25288310579087003"
63773,Volkswagen,Caddy,Diesel,Manual,Used,15570,"102,0",2017,"9,653101264828043",5,"9,707810159935702","-0,05470889510765886","0,05470889510765886"
28518,Ford,Ka/Ka+,Gasoline,Manual,Used,5480,"69,0",2011,"8,608860379942062",11,"8,637212745762673","-0,02835236582061107","0,02835236582061107"
130110,Volkswagen,Phaeton,Diesel,Automatic,Used,11890,"239,0",2012,"9,383452989684827",10,"9,509573158742569","-0,12612016905774226","0,12612016905774226"
58651,Opel,Karl,Gasoline,Manual,Used,8490,"73,0",2019,"9,046644279305394",3,"9,072427853378935","-0,02578357407354126","0,02578357407354126"
75384,Ford,C-Max,Gasoline,Manual,Used,9490,"125,0",2014,"9,157993891603974",8,"9,197423146878645","-0,039429255274670894","0,039429255274670894"
6670,Volkswagen,Polo,Diesel,Automatic,Used,15755,"95,0",2019,"9,664913054191375",3,"9,827252287317542","-0,1623392331261666","0,1623392331261666"
52700,Volkswagen,up!,Gasoline,Manual,Used,6200,"68,0",2014,"8,732304571033183",8,"8,765288088873067","-0,03298351783988451","0,03298351783988451"
164300,Renault,Master,Diesel,Manual,Used,7200,"125,0",2012,"8,881836305004146",10,"8,77179560308987","0,11004070191427573","0,11004070191427573"
102900,Volkswagen,Passat Variant,Diesel,Manual,Used,15480,"150,0",2016,"9,647304147143718",6,"9,52040774572756","0,12689640141615754","0,12689640141615754"
166722,Volkswagen,Polo,Diesel,Manual,Used,6990,"90,0",2015,"8,852235835227855",7,"8,782810963382138","0,0694248718457171","0,0694248718457171"
80500,Volkswagen,Golf,Gasoline,Manual,Used,13800,"140,0",2013,"9,532423871145296",9,"9,157422894417397","0,37500097672789856","0,37500097672789856"
25900,Opel,Astra,Gasoline,Manual,Demonstration,17490,"105,0",2019,"9,769384568012647",3,"9,5486056197632","0,220778948249448","0,220778948249448"
150000,Skoda,Octavia,Diesel,Manual,Used,8970,"105,0",2014,"9,101640955052842",8,"8,993687167433254","0,10795378761958752","0,10795378761958752"
91000,Volkswagen,Golf,Diesel,Automatic,Used,16990,"150,0",2015,"9,740380214665977",7,"9,661958840285115","0,07842137438086283","0,07842137438086283"
100000,Volkswagen,Golf,Gasoline,Manual,Used,7990,"105,0",2012,"8,98594603876032",10,"8,918420343745547","0,06752569501477268","0,06752569501477268"
187000,Volkswagen,Golf,Diesel,Manual,Used,5799,"105,0",2011,"8,66544076787644",11,"8,692456568225069","-0,027015800348628716","0,027015800348628716"
18628,Renault,Clio,Gasoline,Manual,Used,13350,"90,0",2019,"9,499271663828395",3,"9,362872901606176","0,13639876222221936","0,13639876222221936"
93966,Opel,Meriva,Gasoline,Manual,Used,6990,"120,0",2012,"8,852235835227855",10,"8,85784466577396","-0,005608830546105281","0,005608830546105281"
143000,Renault,Scenic,Gasoline,Manual,Used,4800,"131,0",2011,"8,476371196895983",11,"8,595925071168597","-0,11955387427261499","0,11955387427261499"
29798,Renault,ZOE,Electric,Automatic,Used,6999,"58,0",2014,"8,85352256068954",8,"8,898131031802013","-0,04460847111247368","0,04460847111247368"
18380,Volkswagen,Tiguan,Gasoline,Manual,Employee's car,25420,"150,0",2020,"10,143291544743445",2,"10,04145333591152","0,10183820883192496","0,10183820883192496"
120000,Opel,Astra,Gasoline,Manual,Used,6700,"120,0",2012,"8,809862805379057",10,"8,734724054342083","0,07513875103697387","0,07513875103697387"
108000,Ford,S-Max,Diesel,Automatic,Used,21450,"209,0",2017,"9,973479924356162",5,"10,015243940442454","-0,04176401608629199","0,04176401608629199"
43027,Volkswagen,Golf,Gasoline,Manual,Used,15350,"110,0",2017,"9,638870753015343",5,"9,485530675791896","0,15334007722344722","0,15334007722344722"
123650,Opel,Meriva,Gasoline,Automatic,Used,8450,"140,0",2014,"9,041921720351219",8,"9,27133859753854","-0,22941687718732062","0,22941687718732062"
84216,Opel,Mokka X,Diesel,Automatic,Used,13980,"136,0",2017,"9,5453830157878",5,"9,502720356549283","0,042662659238517975","0,042662659238517975"
55981,Ford,Focus,Diesel,Manual,Used,14250,"120,0",2017,"9,564512185696797",5,"9,52302139949355","0,041490786203247865","0,041490786203247865"
36348,Renault,Twingo,Gasoline,Manual,Used,6499,"71,0",2016,"8,77940359789435",6,"8,88013968884591","-0,10073609095156044","0,10073609095156044"
150000,Opel,Insignia,Gasoline,Manual,Used,6190,"116,0",2011,"8,730690365678642",11,"8,568331925996311","0,16235843968233077","0,16235843968233077"
114327,Opel,Insignia,Diesel,Automatic,Used,10200,"131,0",2015,"9,230142999272362",7,"9,318917051654902","-0,08877405238253999","0,08877405238253999"
85940,Opel,Corsa,Gasoline,Automatic,Used,7490,"101,0",2011,"8,921324076511265",11,"8,855895502088371","0,06542857442289396","0,06542857442289396"
45500,Ford,C-Max,Gasoline,Manual,Used,10990,"125,0",2015,"9,304741047397666",7,"9,394287701013877","-0,08954665361621039","0,08954665361621039"
85000,Renault,Captur,Gasoline,Manual,Used,7990,"90,0",2013,"8,98594603876032",9,"8,830918787004563","0,15502725175575627","0,15502725175575627"
15,Opel,Corsa,Gasoline,Manual,Used,17990,"101,0",2020,"9,79757132694458",2,"9,695272402343173","0,10229892460140633","0,10229892460140633"
241000,Volkswagen,Golf,Diesel,Manual,Used,5800,"105,0",2012,"8,66561319653451",10,"8,650529207055646","0,015083989478863913","0,015083989478863913"
125000,Ford,Focus,Gasoline,Manual,Used,7780,"125,0",2011,"8,959311617172437",11,"8,726815471971236","0,23249614520120154","0,23249614520120154"
104700,Volkswagen,Touran,Diesel,Automatic,Used,14990,"116,0",2017,"9,615138591096644",5,"9,47817756264197","0,13696102845467273","0,13696102845467273"
91710,Volkswagen,Golf Sportsvan,Diesel,Manual,Used,11990,"150,0",2015,"9,39182824802156",7,"9,531286593556997","-0,1394583455354379","0,1394583455354379"
147150,Renault,Clio,Gasoline,Automatic,Used,6700,"120,0",2014,"8,809862805379057",8,"9,015311873853678","-0,2054490684746213","0,2054490684746213"
20,Ford,Fiesta,Gasoline,Manual,Pre-registered,18888,"125,0",2021,"9,846282078765348",1,"9,963019354775795","-0,11673727601044703","0,11673727601044703"
86854,Skoda,Octavia,Diesel,Manual,Used,12220,"150,0",2017,"9,410829232725586",5,"9,745055025793071","-0,33422579306748545","0,33422579306748545"
5000,Skoda,Fabia,Gasoline,Manual,Demonstration,12380,"60,0",2020,"9,423837546238587",2,"9,422527319465654","0,0013102267729330208","0,0013102267729330208"
76000,Opel,Corsa,Diesel,Manual,Used,7400,"75,0",2016,"8,909235279192261",6,"9,021030788633528","-0,11179550944126682","0,11179550944126682"
73076,Opel,Astra,Diesel,Manual,Used,12790,"110,0",2019,"9,456418894572888",3,"9,448656125953397","0,0077627686194912116","0,0077627686194912116"
99000,Ford,Fiesta,Gasoline,Manual,Used,7990,"101,0",2014,"8,98594603876032",8,"8,882442993232543","0,103503045527777","0,103503045527777"
5675,Renault,Twingo,Gasoline,Manual,Used,7990,"69,0",2018,"8,98594603876032",4,"9,195110423981468","-0,20916438522114866","0,20916438522114866"
170000,Volkswagen,Passat Variant,Diesel,Automatic,Used,11950,"150,0",2015,"9,388486557359657",7,"9,275123693577894","0,11336286378176297","0,11336286378176297"
4365,Volkswagen,Golf,Gasoline,Automatic,Employee's car,28900,"150,0",2020,"10,271596874100524",2,"10,207037042900264","0,06455983120025977","0,06455983120025977"
10792,Ford,Fiesta,Gasoline,Manual,Used,12995,"86,0",2019,"9,47231994707559",3,"9,470373936793893","0,0019460102816974967","0,0019460102816974967"
69000,Ford,Fiesta,Gasoline,Manual,Used,7990,"80,0",2016,"8,98594603876032",6,"9,016188513835015","-0,030242475074695463","0,030242475074695463"
85000,Volkswagen,Polo,Gasoline,Manual,Used,4990,"60,0",2011,"8,515191188745565",11,"8,654907961047947","-0,139716772302382","0,139716772302382"
14737,Ford,Focus,Gasoline,Automatic,Used,24290,"182,0",2020,"10,097820021996219",2,"10,161370789853283","-0,06355076785706437","0,06355076785706437"
89572,Volkswagen,Golf Plus,Gasoline,Manual,Used,10550,"122,0",2013,"9,263881138904212",9,"9,208978791112962","0,05490234779125025","0,05490234779125025"
36484,Skoda,Citigo,Gasoline,Manual,Used,9380,"60,0",2019,"9,14633504200027",3,"9,076408737763463","0,06992630423680701","0,06992630423680701"
122500,Skoda,Kodiaq,Diesel,Automatic,Used,22890,"150,0",2018,"10,038455412946613",4,"9,72816278079974","0,3102926321468722","0,3102926321468722"
110950,Skoda,Roomster,Gasoline,Manual,Used,6800,"86,0",2012,"8,824677891164198",10,"8,714291555433588","0,11038633573060963","0,11038633573060963"
39300,Skoda,Superb,Diesel,Automatic,Used,27960,"190,0",2017,"10,238530196347746",5,"10,21171040325844","0,026819793089305932","0,026819793089305932"
77000,Opel,Corsa,Gasoline,Manual,Used,5250,"69,0",2014,"8,565983355585669",8,"8,718079894228039","-0,15209653864237005","0,15209653864237005"
72887,Renault,Twingo,Gasoline,Manual,Used,5750,"71,0",2015,"8,656955133791396",7,"8,727835473691885","-0,07088033990048892","0,07088033990048892"
32847,Volkswagen,up!,Gasoline,Manual,Used,9990,"68,0",2019,"9,2093398716426",3,"9,128522835255092","0,08081703638750781","0,08081703638750781"
10,Skoda,Fabia,Gasoline,Manual,Pre-registered,14680,"95,0",2020,"9,594241302168507",2,"9,650152669933151","-0,05591136776464367","0,05591136776464367"
3655,Skoda,Karoq,Diesel,Manual,Demonstration,32680,"150,0",2020,"10,39451854897394",2,"10,233442248163286","0,16107630081065416","0,16107630081065416"
98490,Volkswagen,Jetta,Gasoline,Manual,Used,7100,"105,0",2011,"8,867850063029406",11,"8,897014345864275","-0,02916428283486816","0,02916428283486816"
125100,Skoda,Fabia,Gasoline,Manual,Used,8800,"110,0",2017,"9,082507000466299",5,"9,165772068803504","-0,08326506833720515","0,08326506833720515"
919,Ford,Fiesta,Gasoline,Manual,Employee's car,10390,"75,0",2020,"9,248599084093273",2,"9,469751225312113","-0,2211521412188393","0,2211521412188393"
76603,Opel,Astra,Diesel,Manual,Used,10990,"136,0",2018,"9,304741047397666",4,"9,592762291064375","-0,28802124366670867","0,28802124366670867"
36086,Ford,B-Max,Gasoline,Automatic,Used,5700,"105,0",2012,"8,648221453822641",10,"9,219501037180487","-0,5712795833578461","0,5712795833578461"
99560,Skoda,Fabia,Gasoline,Manual,Used,4990,"69,0",2011,"8,515191188745565",11,"8,627889882754664","-0,11269869400909904","0,11269869400909904"
76106,Skoda,Fabia,Diesel,Manual,Used,10888,"105,0",2016,"9,295416544331301",6,"9,341289747917745","-0,04587320358644398","0,04587320358644398"
14124,Renault,Clio,Gasoline,Automatic,Used,16890,"131,0",2020,"9,734477009801846",2,"9,950341685469366","-0,21586467566752","0,21586467566752"
119000,Ford,Focus,Diesel,Manual,Used,7990,"95,0",2017,"8,98594603876032",5,"9,016909690244367","-0,030963651484047006","0,030963651484047006"
68991,Renault,ZOE,Electric,,Used,6600,"58,0",2014,"8,794824928014517",8,"8,61755030160769","0,17727462640682745","0,17727462640682745"
95000,Skoda,Fabia,Gasoline,Manual,Used,6000,"86,0",2013,"8,699514748210191",9,"8,82532072167776","-0,1258059734675694","0,1258059734675694"
114000,Skoda,Roomster,Gasoline,Automatic,Used,6399,"105,0",2011,"8,76389700713946",11,"8,972227273790143","-0,2083302666506821","0,2083302666506821"
63000,Opel,Mokka,Gasoline,Manual,Used,11790,"140,0",2016,"9,375006993531416",6,"9,392883136351303","-0,01787614281988681","0,01787614281988681"
112300,Volkswagen,Tiguan,Diesel,Automatic,Used,27950,"190,0",2017,"10,238172478583245",5,"9,962505993007873","0,2756664855753712","0,2756664855753712"
167128,Opel,Astra,Diesel,Manual,Used,6000,"165,0",2012,"8,699514748210191",10,"8,880618213745743","-0,18110346553555168","0,18110346553555168"
10000,Opel,Crossland X,Gasoline,Manual,Used,17500,"131,0",2019,"9,769956159911606",3,"9,854606789273763","-0,08465062936215695","0,08465062936215695"
30369,Volkswagen,Golf,Electric,Automatic,Used,21899,"136,0",2018,"9,99419625266159",4,"9,86535046217477","0,1288457904868192","0,1288457904868192"
54317,Volkswagen,up!,Gasoline,Manual,Used,6776,"60,0",2014,"8,821142236331891",8,"8,73223111254406","0,08891112378783106","0,08891112378783106"
21000,Ford,Kuga,Diesel,Automatic,Used,24770,"150,0",2020,"10,117388522483406",2,"10,238169036625477","-0,12078051414207103","0,12078051414207103"
24800,Opel,Insignia,Diesel,Manual,Used,18990,"136,0",2019,"9,85166780380633",3,"9,905553865579494","-0,05388606177316291","0,05388606177316291"
85163,Renault,Clio,Gasoline,Manual,Used,6600,"75,0",2014,"8,794824928014517",8,"8,727677475543862","0,06714745247065501","0,06714745247065501"
8300,Volkswagen,T-Roc,Gasoline,Manual,Used,24480,"150,0",2019,"10,105611736626262",3,"10,019723840350416","0,08588789627584603","0,08588789627584603"
222295,Ford,Focus,Diesel,Manual,Used,5750,"140,0",2012,"8,656955133791396",10,"8,951955258572749","-0,2950001247813532","0,2950001247813532"
57469,Opel,Corsa,Gasoline,Manual,Used,6600,"69,0",2016,"8,794824928014517",6,"8,886120784885083","-0,09129585687056618","0,09129585687056618"
95000,Volkswagen,Golf,Gasoline,Manual,Used,7500,"105,0",2011,"8,922658299524402",11,"8,896578368880274","0,02607993064412817","0,02607993064412817"
104000,Skoda,Octavia,Gasoline,Manual,Used,6800,"122,0",2011,"8,824677891164198",11,"8,934693070918534","-0,1100151797543365","0,1100151797543365"
56500,Opel,Adam,Gasoline,Manual,Used,10450,"150,0",2015,"9,254357257392957",7,"9,495299065742545","-0,24094180834958756","0,24094180834958756"
25400,Skoda,Fabia,Gasoline,Manual,Used,8490,"60,0",2016,"9,046644279305394",6,"8,942596243855508","0,10404803544988539","0,10404803544988539"
6609,Opel,Karl,Gasoline,Manual,Used,10980,"73,0",2019,"9,30383071506352",3,"9,249304090011844","0,05452662505167716","0,05452662505167716"
273400,Volkswagen,Touran,Diesel,Automatic,Used,6400,"140,0",2015,"8,764053269347762",7,"8,967315092323467","-0,20326182297570483","0,20326182297570483"
56700,Opel,Adam,Gasoline,Manual,Used,9950,"101,0",2017,"9,205327830152639",5,"9,242456989377786","-0,037129159225147035","0,037129159225147035"
125000,Volkswagen,Eos,Gasoline,Manual,Used,8800,"122,0",2012,"9,082507000466299",10,"8,939882096315019","0,1426249041512797","0,1426249041512797"
138629,Skoda,Superb,Diesel,Manual,Used,15990,"150,0",2016,"9,679718805828",6,"9,406583799171504","0,2731350066564957","0,2731350066564957"
17445,Ford,S-Max,Diesel,Automatic,Employee's car,33650,"190,0",2020,"10,423768335072873",2,"10,412845558075407","0,010922776997466244","0,010922776997466244"
100,Ford,Focus,Gasoline,Manual,Pre-registered,21980,"125,0",2021,"9,997888227957612",1,"9,994980391085479","0,0029078368721329184","0,0029078368721329184"
2100,Volkswagen,T-Cross,Gasoline,Manual,Demonstration,24900,"95,0",2021,"10,1226230824528",1,"9,768082085147219","0,3545409973055804","0,3545409973055804"
11860,Volkswagen,Golf,Electric,Automatic,Used,23740,"136,0",2020,"10,07491666816366",2,"10,068700590744076","0,006216077419583854","0,006216077419583854"
89977,Skoda,Roomster,Gasoline,Manual,Used,6999,"86,0",2014,"8,85352256068954",8,"8,912137913671092","-0,05861535298155296","0,05861535298155296"
14292,Ford,Focus,Gasoline,Manual,Employee's car,17350,"125,0",2020,"9,761347785375005",2,"9,855243664153521","-0,09389587877851646","0,09389587877851646"
9500,Skoda,Octavia,Diesel,Automatic,Demonstration,33450,"150,0",2020,"10,417807065556374",2,"10,304582791129118","0,11322427442725669","0,11322427442725669"
22427,Ford,Fiesta,Gasoline,Manual,Used,8740,"71,0",2019,"9,07566546864958",3,"9,15931933612151","-0,08365386747192893","0,08365386747192893"
10000,Volkswagen,Polo,Gasoline,Manual,Used,8000,"60,0",2015,"8,987196820661973",7,"8,932085183063007","0,05511163759896576","0,05511163759896576"
92051,Ford,Focus,Gasoline,Manual,Used,8840,"86,0",2017,"9,08704215563169",5,"9,099631310763026","-0,012589155131337293","0,012589155131337293"
115000,Opel,Meriva,LPG,Manual,Used,9900,"120,0",2017,"9,20029003612268",5,"9,131248342647174","0,0690416934755067","0,0690416934755067"
162000,Volkswagen,Polo,Gasoline,Manual,Used,5000,"69,0",2012,"8,517193191416238",10,"8,581689764687466","-0,06449657327122793","0,06449657327122793"
20700,Volkswagen,Passat,Diesel,Automatic,Used,23790,"150,0",2019,"10,077020603297003",3,"10,218771268718204","-0,14175066542120085","0,14175066542120085"
52500,Volkswagen,Golf,Gasoline,Automatic,Used,9490,"122,0",2012,"9,157993891603974",10,"9,302042674845149","-0,14404878324117476","0,14404878324117476"
154000,Opel,Insignia,Diesel,Manual,Used,6399,"131,0",2011,"8,76389700713946",11,"8,691428456343303","0,07246855079615777","0,07246855079615777"
100000,Volkswagen,Polo,Diesel,Manual,Used,6463,"75,0",2013,"8,773848885262895",9,"8,744102116611822","0,02974676865107284","0,02974676865107284"
37681,Ford,Fiesta,Gasoline,Manual,Used,9870,"101,0",2017,"9,197255132427527",5,"9,280865843096024","-0,08361071066849668","0,08361071066849668"
17317,Volkswagen,Polo,Gasoline,Manual,Used,18950,"200,0",2019,"9,849559210510572",3,"10,009978343229005","-0,16041913271843278","0,16041913271843278"
7000,Opel,Crossland X,Gasoline,Automatic,Demonstration,19390,"131,0",2020,"9,872512748236698",2,"10,006662977357877","-0,1341502291211789","0,1341502291211789"
42000,Volkswagen,up!,Gasoline,Manual,Used,5999,"75,0",2014,"8,699348067653093",8,"8,811392915502104","-0,11204484784901148","0,11204484784901148"
109859,Ford,Fiesta,Gasoline,Manual,Used,8840,"125,0",2016,"9,08704215563169",6,"9,227272111328455","-0,14022995569676588","0,14022995569676588"
158000,Ford,Mondeo,Diesel,Manual,Used,8690,"120,0",2016,"9,069928218259438",6,"9,040530487414275","0,029397730845163395","0,029397730845163395"
91229,Volkswagen,up!,-/- (Fuel),Manual,Used,6950,"68,0",2018,"8,846496938558838",4,"8,976075089500235","-0,12957815094139669","0,12957815094139669"
22600,Opel,Mokka,Gasoline,Manual,Used,15900,"140,0",2019,"9,674074388208323",3,"9,776636650062043","-0,10256226185371986","0,10256226185371986"
25929,Ford,Kuga,Diesel,Automatic,Used,28990,"179,0",2019,"10,274706221915702",3,"10,264717264736612","0,009988957179089653","0,009988957179089653"
109000,Volkswagen,Golf,Gasoline,Manual,Used,10990,"110,0",2017,"9,304741047397666",5,"9,240207828236827","0,06453321916083965","0,06453321916083965"
183000,Opel,Zafira,Diesel,Manual,Used,5900,"131,0",2012,"8,68270762989381",10,"8,671305209698192","0,0114024201956191","0,0114024201956191"
125000,Opel,Zafira,Gasoline,Manual,Used,4785,"116,0",2012,"8,473241303887054",10,"8,677149978085506","-0,20390867419845193","0,20390867419845193"
81028,Ford,Focus,Gasoline,Manual,Used,8990,"101,0",2014,"9,103868127465667",8,"8,923207700151558","0,18066042731410903","0,18066042731410903"
31102,Renault,Clio,Gasoline,Manual,Used,10999,"90,0",2019,"9,305559638557117",3,"9,301749750292784","0,003809888264333594","0,003809888264333594"
23950,Ford,Focus,Gasoline,Manual,Demonstration,29790,"280,0",2020,"10,301928045707328",2,"10,255382103437501","0,04654594226982667","0,04654594226982667"
1558,Skoda,Fabia,Gasoline,Automatic,Used,17250,"95,0",2021,"9,755567422459507",1,"9,896961741126903","-0,1413943186673965","0,1413943186673965"
14180,Opel,Corsa,Gasoline,Manual,Used,12990,"90,0",2019,"9,471935109664646",3,"9,40357560126012","0,06835950840452476","0,06835950840452476"
3488,Opel,Crossland X,Gasoline,Automatic,Employee's car,18710,"131,0",2020,"9,836813419268136",2,"10,007412442583536","-0,17059902331540044","0,17059902331540044"
118340,Ford,Kuga,Diesel,Manual,Used,15890,"179,0",2017,"9,673445259530762",5,"9,7095669687549","-0,0361217092241386","0,0361217092241386"
46420,Opel,Mokka,Gasoline,Manual,Used,9985,"116,0",2013,"9,208839245849916",9,"8,996018444788133","0,21282080106178292","0,21282080106178292"
89900,Opel,Astra,Gasoline,Automatic,Used,10900,"105,0",2017,"9,296518068217235",5,"9,419965144503365","-0,12344707628612994","0,12344707628612994"
13877,Opel,Mokka,Gasoline,Automatic,Used,17950,"140,0",2017,"9,795345393916424",5,"9,722509077778394","0,0728363161380301","0,0728363161380301"
1100,Volkswagen,Polo,Gasoline,Automatic,Demonstration,19750,"95,0",2021,"9,890908770329268",1,"9,89655750862474","-0,005648738295471745","0,005648738295471745"
71406,Volkswagen,Touareg,Diesel,Manual,Used,33400,"262,0",2016,"10,416311178964792",6,"10,020042975247051","0,3962682037177405","0,3962682037177405"
5,Ford,Transit Custom,Diesel,Manual,Used,20218,"105,0",2021,"9,914328575714002",1,"9,931516762413462","-0,017188186699460317","0,017188186699460317"
149990,Volkswagen,Phaeton,Diesel,Automatic,Used,16700,"245,0",2014,"9,723163998404846",8,"9,90158608996915","-0,178422091564304","0,178422091564304"
107697,Skoda,Octavia,Diesel,Manual,Used,9990,"110,0",2015,"9,2093398716426",7,"9,126544001482031","0,08279587016056844","0,08279587016056844"
89521,Skoda,Octavia,Gasoline,Manual,Used,10980,"110,0",2015,"9,30383071506352",7,"9,182597059742154","0,1212336553213671","0,1212336553213671"
119819,Ford,Mondeo,Gasoline,Manual,Used,9499,"160,0",2014,"9,158941808890182",8,"9,322478660259806","-0,16353685136962426","0,16353685136962426"
131500,Ford,Focus,Gasoline,Manual,Used,8900,"125,0",2013,"9,093806555720231",9,"8,881333738004212","0,21247281771601934","0,21247281771601934"
163754,Volkswagen,Passat Variant,Diesel,Automatic,Used,9000,"140,0",2013,"9,104979856318357",9,"9,155928293375224","-0,050948437056867135","0,050948437056867135"
10,Renault,ZOE,Electric,Automatic,Used,15900,"109,0",2021,"9,674074388208323",1,"9,743930070646877","-0,06985568243855411","0,06985568243855411"
195536,Opel,Zafira Tourer,Diesel,Automatic,Used,8000,"165,0",2012,"8,987196820661973",10,"8,892810380986335","0,0943864396756382","0,0943864396756382"
56500,Renault,Clio,Gasoline,Manual,Used,7390,"73,0",2015,"8,907883013942248",7,"8,882846156966558","0,02503685697569047","0,02503685697569047"
5100,Volkswagen,Golf Sportsvan,Gasoline,Manual,Used,15950,"110,0",2014,"9,67721410821299",8,"9,328293171529188","0,3489209366838022","0,3489209366838022"
19500,Skoda,Fabia,Gasoline,Manual,Used,10780,"75,0",2018,"9,285447844462988",4,"9,226368102496613","0,05907974196637511","0,05907974196637511"
92800,Volkswagen,Golf,Gasoline,Manual,Used,6877,"122,0",2011,"8,835937789319836",11,"9,00155238263868","-0,16561459331884443","0,16561459331884443"
60000,Volkswagen,Caddy,Gasoline,Manual,Used,9500,"105,0",2013,"9,159047077588632",9,"9,172055648561427","-0,013008570972795397","0,013008570972795397"
10,Skoda,Kamiq,Gasoline,Manual,Pre-registered,14915,"95,0",2021,"9,61012269694885",1,"9,713888503814639","-0,1037658068657894","0,1037658068657894"
500,Skoda,Fabia,Gasoline,Manual,Pre-registered,14349,"60,0",2021,"9,571435532348406",1,"9,52681549239304","0,04462003995536712","0,04462003995536712"
13383,Renault,Kadjar,Gasoline,Manual,Used,18490,"140,0",2020,"9,82498532438117",2,"9,892262783125567","-0,06727745874439606","0,06727745874439606"
50,Volkswagen,T-Cross,Gasoline,Automatic,Pre-registered,23990,"110,0",2021,"10,08539235583374",1,"10,063028345908133","0,02236400992560661","0,02236400992560661"
84300,Skoda,Fabia,Gasoline,Manual,Used,5490,"60,0",2013,"8,610683534503575",9,"8,626241433189723","-0,015557898686147098","0,015557898686147098"
119000,Volkswagen,Golf,Gasoline,Manual,Used,5999,"80,0",2012,"8,699348067653093",10,"8,656666466896","0,04268160075709204","0,04268160075709204"
135000,Volkswagen,CC,Diesel,Automatic,Used,13300,"177,0",2015,"9,495519314209846",7,"9,506243300207238","-0,01072398599739266","0,01072398599739266"
30304,Volkswagen,up!,Gasoline,Manual,Used,9880,"75,0",2018,"9,198267790741914",4,"9,161000054918446","0,037267735823467874","0,037267735823467874"
106353,Volkswagen,Caddy,Diesel,Manual,Used,8999,"102,0",2014,"9,104868739033948",8,"9,327920898363312","-0,22305215932936306","0,22305215932936306"
77562,Volkswagen,Golf Sportsvan,Gasoline,Manual,Used,15430,"125,0",2017,"9,644068945357207",5,"9,462130942389177","0,18193800296802998","0,18193800296802998"
106000,Opel,Astra,Gasoline,Manual,Used,8990,"179,0",2012,"9,103868127465667",10,"9,078549138715072","0,025318988750594684","0,025318988750594684"
20875,Ford,Focus,Diesel,Automatic,Used,23980,"150,0",2020,"10,084975428581505",2,"10,236489728937864","-0,15151430035635904","0,15151430035635904"
6888,Opel,Corsa,Gasoline,Automatic,Used,11111,"90,0",2018,"9,315690887584008",4,"9,485063873523124","-0,1693729859391162","0,1693729859391162"
111000,Volkswagen,Sharan,Diesel,Automatic,Used,15990,"170,0",2013,"9,679718805828",9,"9,414503716074108","0,26521508975389096","0,26521508975389096"
97429,Ford,Fiesta,Gasoline,Manual,Used,7700,"120,0",2012,"8,948975607841776",10,"8,86044885651113","0,08852675133064558","0,08852675133064558"
35450,Volkswagen,Polo,Gasoline,Automatic,Used,11690,"179,0",2013,"9,366489054466115",9,"9,696622949142476","-0,33013389467636145","0,33013389467636145"
40631,Renault,ZOE,Electric,Automatic,Used,8990,"58,0",2017,"9,103868127465667",5,"9,138368306798046","-0,03450017933237959","0,03450017933237959"
111000,Ford,Focus,Gasoline,Manual,Used,7890,"105,0",2011,"8,97335141383992",11,"8,83636725837233","0,13698415546758902","0,13698415546758902"
8360,Opel,Grandland X,Gasoline,Automatic,Used,25950,"131,0",2020,"10,163926888594034",2,"9,984937423395474","0,17898946519856018","0,17898946519856018"
127000,Volkswagen,Passat,Gasoline,Manual,Used,8350,"122,0",2011,"9,030016817844901",11,"8,880817354998356","0,1491994628465445","0,1491994628465445"
19300,Skoda,Octavia,Gasoline,Manual,Used,17440,"116,0",2020,"9,76652169746297",2,"9,820920495037452","-0,05439879757448196","0,05439879757448196"
94595,Volkswagen,Touran,Gasoline,Manual,Used,12990,"140,0",2014,"9,471935109664646",8,"9,209471856412678","0,2624632532519673","0,2624632532519673"
25549,Ford,Edge,Diesel,Automatic,Used,34650,"209,0",2018,"10,453053004618049",4,"10,387270114956673","0,06578288966137613","0,06578288966137613"
48600,Skoda,Fabia,Gasoline,Manual,Used,5200,"69,0",2011,"8,556413904569519",11,"8,630320266626448","-0,07390636205692935","0,07390636205692935"
14100,Volkswagen,Tiguan,Diesel,Automatic,Used,41440,"239,0",2020,"10,632001876933364",2,"10,576474185058535","0,05552769187482909","0,05552769187482909"
93500,Opel,Insignia,Diesel,Manual,Used,8699,"120,0",2014,"9,07096335550754",8,"9,144044447896118","-0,07308109238857696","0,07308109238857696"
65238,Opel,Combo,Gasoline,Manual,Used,9990,"95,0",2018,"9,2093398716426",4,"9,301869203905369","-0,09252933226276916","0,09252933226276916"
37109,Skoda,Octavia,Gasoline,Automatic,Used,25950,"230,0",2017,"10,163926888594034",5,"10,148007669414495","0,015919219179538757","0,015919219179538757"
48000,Volkswagen,Polo,Gasoline,Manual,Used,9850,"90,0",2015,"9,195226734166134",7,"9,055726409081567","0,13950032508456722","0,13950032508456722"
35999,Volkswagen,Sharan,Diesel,Automatic,Used,25850,"150,0",2016,"10,160065879936575",6,"9,929267965948608","0,230797913987967","0,230797913987967"
62100,Opel,Zafira,Diesel,Automatic,Used,16499,"131,0",2018,"9,711055051991444",4,"9,825460457923015","-0,11440540593157067","0,11440540593157067"
56956,Renault,Kangoo,Diesel,Manual,Used,12490,"90,0",2018,"9,432683603119623",4,"9,287452430396918","0,14523117272270447","0,14523117272270447"
50078,Opel,Corsa,Gasoline,Manual,Used,8250,"69,0",2017,"9,017968479328726",5,"8,982234941289018","0,03573353803970747","0,03573353803970747"
19000,Renault,ZOE,Electric,Automatic,Used,10990,"92,0",2017,"9,304741047397666",5,"9,164886265812758","0,1398547815849085","0,1398547815849085"
33983,Ford,Fiesta,Gasoline,Manual,Used,9850,"101,0",2017,"9,195226734166134",5,"9,28623360724088","-0,09100687307474686","0,09100687307474686"
45057,Volkswagen,Passat,Gasoline,Manual,Used,13800,"160,0",2013,"9,532423871145296",9,"9,495089323089712","0,03733454805558445","0,03733454805558445"
25,Ford,Kuga,Gasoline,Manual,Pre-registered,31970,"150,0",2021,"10,372553242053888",1,"10,15040033451818","0,22215290753570827","0,22215290753570827"
30000,Volkswagen,up!,Gasoline,Manual,Used,7777,"60,0",2016,"8,958925938694943",6,"8,921402859943928","0,03752307875101479","0,03752307875101479"
27000,Volkswagen,Golf,Gasoline,Automatic,Used,14480,"110,0",2015,"9,580523665939708",7,"9,478049476426671","0,10247418951303722","0,10247418951303722"
18600,Skoda,Karoq,Gasoline,Automatic,Used,27499,"150,0",2020,"10,221904919357126",2,"10,134603429103851","0,0873014902532745","0,0873014902532745"
24885,Renault,Clio,Gasoline,Manual,Used,11880,"90,0",2019,"9,382611592916636",3,"9,344312874548752","0,038298718367883566","0,038298718367883566"
69882,Renault,Captur,Gasoline,Automatic,Used,11490,"120,0",2016,"9,3492323708428",6,"9,42818166499267","-0,07894929414986862","0,07894929414986862"
138900,Volkswagen,Polo,Diesel,Manual,Used,5900,"90,0",2011,"8,68270762989381",11,"8,699958705055256","-0,017251075161444973","0,017251075161444973"
147231,Volkswagen,Passat Variant,Diesel,Manual,Used,13849,"150,0",2018,"9,535968306842717",4,"9,588869414101564","-0,052901107258847446","0,052901107258847446"
86800,Volkswagen,Golf,Gasoline,Automatic,Used,13999,"125,0",2015,"9,546741177474825",7,"9,426441716094159","0,12029946138066627","0,12029946138066627"
115500,Volkswagen,T6 Multivan,Diesel,Manual,Used,37600,"204,0",2016,"10,534759329377986",6,"9,999639540824035","0,5351197885539509","0,5351197885539509"
92075,Renault,Kadjar,Gasoline,Manual,Used,10950,"131,0",2016,"9,301094735244646",6,"9,266616756844464","0,03447797840018296","0,03447797840018296"
155500,Opel,Astra,Diesel,Manual,Used,5500,"95,0",2012,"8,612503371220562",10,"8,634657702904107","-0,02215433168354508","0,02215433168354508"
25,Ford,Fiesta,Gasoline,Automatic,Pre-registered,19590,"125,0",2021,"9,882774510938587",1,"9,997027263808954","-0,1142527528703674","0,1142527528703674"
5000,Ford,Mondeo,Diesel,Automatic,Demonstration,39150,"190,0",2021,"10,575155701418948",1,"10,603903674078033","-0,02874797265908491","0,02874797265908491"
79950,Ford,Focus,Gasoline,Manual,Used,9750,"125,0",2015,"9,185022563991893",7,"9,288321268524056","-0,10329870453216294","0,10329870453216294"
251497,Renault,Master,Diesel,Manual,Used,11900,"131,0",2017,"9,38429367909962",5,"9,068908753221239","0,31538492587838185","0,31538492587838185"
153000,Opel,Astra,Diesel,Manual,Used,7990,"136,0",2015,"8,98594603876032",7,"9,04744655587776","-0,06150051711744098","0,06150051711744098"
39726,Renault,Kadjar,Diesel,Automatic,Used,15490,"110,0",2016,"9,647949933410914",6,"9,523761948300784","0,12418798511012952","0,12418798511012952"
56920,Opel,Corsa,Gasoline,Manual,Used,9990,"90,0",2017,"9,2093398716426",5,"9,176593721379513","0,032746150263086804","0,032746150263086804"
123000,Opel,Insignia,Diesel,Manual,Used,8750,"163,0",2013,"9,07680897935166",9,"9,177481911707192","-0,10067293235553088","0,10067293235553088"
111064,Volkswagen,Caddy,Diesel,Automatic,Used,15945,"140,0",2014,"9,676900579444158",8,"9,404696159311","0,2722044201331588","0,2722044201331588"
36897,Volkswagen,Polo,Gasoline,Manual,Used,11400,"90,0",2016,"9,341368634382587",6,"9,166608472639492","0,1747601617430945","0,1747601617430945"
110900,Volkswagen,Golf,Gasoline,Manual,Used,7990,"105,0",2012,"8,98594603876032",10,"8,88728003782139","0,09866600093893041","0,09866600093893041"
40000,Skoda,Fabia,Gasoline,Manual,Used,7500,"75,0",2016,"8,922658299524402",6,"8,992913603353115","-0,07025530382871281","0,07025530382871281"
98000,Ford,Fiesta,Gasoline,Manual,Used,5499,"82,0",2011,"8,612321536507814",11,"8,652520575979622","-0,04019903947180836","0,04019903947180836"
12,Skoda,Kodiaq,Diesel,Automatic,Pre-registered,41990,"200,0",2021,"10,645186773678239",1,"10,550588673843427","0,09459809983481193","0,09459809983481193"
40313,Volkswagen,Tiguan,Gasoline,Automatic,Used,22955,"150,0",2018,"10,041291056683322",4,"9,962815519645355","0,07847553703796706","0,07847553703796706"
159500,Ford,S-Max,Diesel,Manual,Used,9950,"163,0",2012,"9,205327830152639",10,"9,004125669730666","0,20120216042197292","0,20120216042197292"
49085,Ford,Fiesta,Gasoline,Automatic,Used,9550,"101,0",2017,"9,164296433474776",5,"9,386749551916155","-0,22245311844137916","0,22245311844137916"
25600,Opel,Karl,Gasoline,Manual,Used,8900,"75,0",2017,"9,093806555720231",5,"9,137682542721349","-0,04387598700111717","0,04387598700111717"
17885,Opel,Corsa,Gasoline,Manual,Used,12995,"75,0",2020,"9,47231994707559",2,"9,453453066971777","0,01886688010381299","0,01886688010381299"
65200,Skoda,Superb,Diesel,Automatic,Used,22339,"150,0",2016,"10,014089308863923",6,"9,849560610793423","0,16452869807049986","0,16452869807049986"
64800,Ford,Fiesta,Gasoline,Manual,Used,7250,"80,0",2015,"8,88875674784872",7,"8,962810970756342","-0,07405422290762154","0,07405422290762154"
121000,Opel,Corsa,Gasoline,Manual,Used,5990,"101,0",2013,"8,697846691109495",9,"8,719515515668906","-0,021668824559410993","0,021668824559410993"
68521,Ford,Fiesta,Gasoline,Manual,Used,8890,"80,0",2016,"9,09268232850795",6,"9,016188513835015","0,07649381467293459","0,07649381467293459"
142000,Volkswagen,Golf Plus,Diesel,Manual,Used,7890,"105,0",2013,"8,97335141383992",9,"8,934999783312303","0,038351630527616365","0,038351630527616365"
108000,Renault,Scenic,Gasoline,Manual,Used,5980,"131,0",2011,"8,696175846944678",11,"8,693891641771357","0,0022842051733213964","0,0022842051733213964"
38200,Opel,Mokka,Gasoline,Manual,Used,11900,"140,0",2015,"9,38429367909962",7,"9,405253782299091","-0,020960103199470836","0,020960103199470836"
215000,Volkswagen,Passat Variant,Diesel,Automatic,Used,7700,"140,0",2012,"8,948975607841776",10,"8,954922259884095","-0,00594665204231859","0,00594665204231859"
43144,Skoda,Octavia,Diesel,Automatic,Used,19650,"150,0",2018,"9,885832617297407",4,"10,115413697209632","-0,22958107991222576","0,22958107991222576"
23398,Renault,Clio,Gasoline,Manual,Used,9970,"90,0",2019,"9,207335862955883",3,"9,357383699994521","-0,15004783703863822","0,15004783703863822"
87660,Volkswagen,Golf,Diesel,Automatic,Used,13895,"150,0",2014,"9,539284342176604",8,"9,581512773598059","-0,042228431421454715","0,042228431421454715"
249929,Skoda,Yeti,Diesel,Manual,Used,5980,"105,0",2013,"8,696175846944678",9,"8,729512114652154","-0,033336267707476","0,033336267707476"
3554,Renault,Twingo,Gasoline,Manual,Demonstration,10490,"73,0",2020,"9,258177701390343",2,"9,35189190072411","-0,09371419933376757","0,09371419933376757"
173000,Opel,Insignia,Diesel,Manual,Used,7999,"194,0",2012,"8,987071812848821",10,"8,84308560260089","0,143986210247931","0,143986210247931"
59866,Volkswagen,T-Roc,Gasoline,Automatic,Used,24985,"190,0",2018,"10,126030923778305",4,"10,139479963579442","-0,013449039801136209","0,013449039801136209"
53000,Volkswagen,Golf Sportsvan,Gasoline,Automatic,Used,13990,"110,0",2015,"9,546098067659527",7,"9,407103021884843","0,13899504577468313","0,13899504577468313"
46675,Volkswagen,Golf,Gasoline,Manual,Used,12190,"110,0",2016,"9,408371222475317",6,"9,396544185101082","0,011827037374235516","0,011827037374235516"
115000,Ford,Focus,Diesel,Manual,Used,6799,"95,0",2013,"8,82453082152646",9,"8,768082641249077","0,05644818027738374","0,05644818027738374"
76450,Opel,Corsa,Gasoline,Manual,Used,9989,"116,0",2016,"9,20923976653215",6,"9,238718624116867","-0,029478857584717133","0,029478857584717133"
10,Ford,Fiesta,Gasoline,Automatic,Pre-registered,23650,"125,0",2021,"10,071118393920079",1,"10,063771833110081","0,0073465608099976265","0,0073465608099976265"
110650,Skoda,,Diesel,Manual,Used,8980,"105,0",2014,"9,102755161296246",8,"9,12197394358528","-0,019218782289033953","0,019218782289033953"
55000,Renault,Clio,Gasoline,Manual,Used,7299,"73,0",2015,"8,895492631451633",7,"8,883731885221422","0,011760746230210728","0,011760746230210728"
12118,Opel,Corsa,Gasoline,Automatic,Used,15590,"101,0",2020,"9,654384962051822",2,"9,73940787162507","-0,0850229095732491","0,0850229095732491"
42465,Volkswagen,up!,Gasoline,Manual,Used,7850,"60,0",2018,"8,968268810776454",4,"8,975670416841302","-0,007401606064847854","0,007401606064847854"
33000,Ford,Fiesta,Gasoline,Manual,Used,8200,"80,0",2015,"9,011889433252344",7,"9,038338346262206","-0,02644891300986174","0,02644891300986174"
18074,Ford,Fiesta,Gasoline,Manual,Used,8290,"71,0",2019,"9,022805248129341",3,"9,185011418886226","-0,16220617075688537","0,16220617075688537"
79000,Renault,Megane,Gasoline,Manual,Used,12390,"131,0",2016,"9,424644974623188",6,"9,320726971377285","0,10391800324590328","0,10391800324590328"
15239,Renault,Clio,Gasoline,Manual,Used,11691,"76,0",2020,"9,366574594006819",2,"9,474321546058977","-0,10774695205215856","0,10774695205215856"
148220,Skoda,Rapid/Spaceback,Diesel,Manual,Used,6990,"90,0",2015,"8,852235835227855",7,"8,814322352514605","0,037913482713250346","0,037913482713250346"
162680,Skoda,Octavia,Diesel,Manual,Used,5750,"105,0",2012,"8,656955133791396",10,"8,832597050419386","-0,1756419166279901","0,1756419166279901"
73860,Volkswagen,Phaeton,Diesel,Automatic,Used,27888,"245,0",2015,"10,235951767759802",7,"10,256279536232318","-0,020327768472515828","0,020327768472515828"
7265,Volkswagen,Caddy,Diesel,Manual,Employee's car,24450,"102,0",2020,"10,104385494903019",2,"10,106511048614157","-0,00212555371113865","0,00212555371113865"
91900,Ford,Tourneo Courier,Diesel,Manual,Used,15490,"101,0",2020,"9,647949933410914",2,"9,607298985636653","0,04065094777426026","0,04065094777426026"
41190,Opel,Adam,Gasoline,Manual,Used,11990,"87,0",2019,"9,39182824802156",3,"9,327976951825068","0,06385129619649099","0,06385129619649099"
28071,Opel,Mokka X,Others,Manual,Used,15990,"140,0",2019,"9,679718805828",3,"9,783349587060204","-0,10363078123220504","0,10363078123220504"
41776,Volkswagen,Beetle,Gasoline,Automatic,Used,11500,"105,0",2013,"9,350102314351341",9,"9,269194436667867","0,08090787768347418","0,08090787768347418"
61719,Volkswagen,up!,Gasoline,Manual,Used,10890,"90,0",2017,"9,295600215927006",5,"9,169079007327833","0,12652120859917382","0,12652120859917382"
135791,Opel,Astra,Diesel,Manual,Used,9780,"136,0",2017,"9,188094763028863",5,"9,147640074669559","0,040454688359304214","0,040454688359304214"
103240,Opel,Mokka X,Diesel,Automatic,Used,12250,"136,0",2017,"9,413281215972873",5,"9,37247575438953","0,04080546158334286","0,04080546158334286"
56000,Opel,Corsa,Gasoline,Manual,Used,6687,"86,0",2014,"8,80792062205398",8,"8,987267747913473","-0,17934712585949342","0,17934712585949342"
20,Ford,Tourneo Custom,Diesel,Automatic,Pre-registered,39490,"185,0",2021,"10,583802754280695",1,"10,558508029778977","0,02529472450171788","0,02529472450171788"
46670,Ford,Fiesta,Diesel,Manual,Used,10690,"86,0",2018,"9,27706400401909",4,"9,294025824837325","-0,01696182081823494","0,01696182081823494"
93233,Volkswagen,Passat Variant,Diesel,Manual,Used,14490,"150,0",2015,"9,581214035314728",7,"9,512762936518016","0,06845109879671263","0,06845109879671263"
78235,Volkswagen,Passat Variant,Gasoline,Automatic,Used,19439,"179,0",2017,"9,875036636362113",5,"10,055092191016971","-0,18005555465485834","0,18005555465485834"
60000,Skoda,Fabia,Gasoline,Manual,Used,5990,"60,0",2014,"8,697846691109495",8,"8,716147788421532","-0,018301097312036774","0,018301097312036774"
83660,Renault,Kangoo,Diesel,Manual,Used,7990,"90,0",2014,"8,98594603876032",8,"8,977442821085559","0,008503217674761032","0,008503217674761032"
83753,Volkswagen,Golf,Gasoline,Manual,Used,10000,"86,0",2015,"9,210340371976184",7,"9,083808624612653","0,126531747363531","0,126531747363531"
20,Renault,Clio,Gasoline,Manual,Used,14290,"65,0",2021,"9,567315270923913",1,"9,4373504292856","0,1299648416383139","0,1299648416383139"
50,Ford,Fiesta,Gasoline,Manual,Pre-registered,13990,"75,0",2021,"9,546098067659527",1,"9,587149343141071","-0,041051275481544636","0,041051275481544636"
71000,Volkswagen,Scirocco,Gasoline,Manual,Used,9199,"122,0",2011,"9,126850061477157",11,"9,03842324184977","0,08842681962738652","0,08842681962738652"
79763,Ford,Fiesta,Gasoline,Manual,Used,6000,"82,0",2012,"8,699514748210191",10,"8,70994594576221","-0,010431197552017935","0,010431197552017935"
50,Renault,ZOE,Electric,Automatic,Used,11940,"58,0",2018,"9,387649386946594",4,"9,263218060088585","0,12443132685800862","0,12443132685800862"
98380,Volkswagen,Golf,Diesel,Manual,Used,13750,"116,0",2019,"9,528794103094718",3,"9,521057294168429","0,007736808926289029","0,007736808926289029"
52000,Volkswagen,up!,Gasoline,Manual,Used,5555,"60,0",2015,"8,62245370207373",7,"8,796440143698605","-0,17398644162487464","0,17398644162487464"
70650,Ford,Focus,Diesel,Manual,Used,9450,"120,0",2016,"9,153770020487789",6,"9,349952437703957","-0,1961824172161677","0,1961824172161677"
10,Ford,Kuga,Gasoline,Manual,Used,29270,"150,0",2020,"10,284318379685931",2,"10,140441393449633","0,14387698623629852","0,14387698623629852"
99000,Opel,Adam,LPG,Manual,Used,8490,"87,0",2016,"9,046644279305394",6,"9,006752883349327","0,039891395956066944","0,039891395956066944"
12450,Volkswagen,up!,Gasoline,Manual,Used,7490,"60,0",2018,"8,921324076511265",4,"9,092732473382203","-0,17140839687093745","0,17140839687093745"
296405,Volkswagen,Touran,Diesel,Automatic,Used,10990,"110,0",2016,"9,304741047397666",6,"9,0137594465582","0,29098160083946567","0,29098160083946567"
121061,Volkswagen,Golf,Diesel,Manual,Used,20900,"184,0",2018,"9,947504437952903",4,"9,84938693448617","0,09811750346673342","0,09811750346673342"
58000,Volkswagen,Touran,Gasoline,Manual,Used,9990,"105,0",2012,"9,2093398716426",10,"9,094873824097913","0,11446604754468659","0,11446604754468659"
87000,Skoda,Rapid/Spaceback,Diesel,Manual,Used,9950,"116,0",2016,"9,205327830152639",6,"9,282665269253645","-0,07733743910100621","0,07733743910100621"
6623,Ford,Fiesta,Diesel,Manual,Used,15990,"86,0",2020,"9,679718805828",2,"9,64036545697938","0,03935334884861952","0,03935334884861952"
141041,Volkswagen,Passat Variant,Diesel,Automatic,Used,12750,"190,0",2015,"9,453286550586572",7,"9,634944792421733","-0,18165824183516044","0,18165824183516044"
6416,Ford,Galaxy,Diesel,Manual,Used,29990,"150,0",2020,"10,308619271743055",2,"10,241691154924016","0,06692811681903876","0,06692811681903876"
1000,Opel,Corsa,Gasoline,Manual,Used,13890,"75,0",2021,"9,53892443574839",1,"9,560442874541426","-0,021518438793036054","0,021518438793036054"
89500,Opel,Mokka,Gasoline,Manual,Used,9490,"116,0",2015,"9,157993891603974",7,"9,069074854493918","0,08891903711005611","0,08891903711005611"
72202,Volkswagen,up!,Gasoline,Manual,Used,6577,"60,0",2017,"8,79133399330135",5,"8,869533694988723","-0,07819970168737278","0,07819970168737278"
84000,Ford,Tourneo,Gasoline,Manual,Used,11990,"101,0",2016,"9,39182824802156",6,"9,054118395117992","0,3377098529035667","0,3377098529035667"
66007,Opel,Corsa,Gasoline,Manual,Used,5990,"86,0",2013,"8,697846691109495",9,"8,903243842942208","-0,20539715183271312","0,20539715183271312"
118000,Opel,Corsa,Gasoline,Manual,Used,4999,"87,0",2013,"8,51699317141357",9,"8,644690886775704","-0,12769771536213348","0,12769771536213348"
8287,Ford,Fiesta,Gasoline,Manual,Used,12950,"86,0",2020,"9,468851067127684",2,"9,59843851266371","-0,12958744553602664","0,12958744553602664"
68800,Renault,Clio,Gasoline,Manual,Used,8999,"90,0",2016,"9,104868739033948",6,"9,068373962683939","0,03649477635000942","0,03649477635000942"
138450,Opel,Meriva,Gasoline,Manual,Used,5390,"120,0",2011,"8,592300663903043",11,"8,712475237116394","-0,12017457321335101","0,12017457321335101"
4869,Volkswagen,Golf,Gasoline,Automatic,Used,21880,"125,0",2018,"9,993328256535918",4,"9,868819542937558","0,12450871359835958","0,12450871359835958"
114500,Volkswagen,Eos,Gasoline,Manual,Used,9900,"122,0",2011,"9,20029003612268",11,"8,938869010309347","0,26142102581333404","0,26142102581333404"
3000,Renault,Megane,Gasoline,Manual,Demonstration,22980,"140,0",2021,"10,042379551402746",1,"10,08112556429771","-0,038746012894963044","0,038746012894963044"
187230,Ford,C-Max,Diesel,Automatic,Used,5800,"116,0",2012,"8,66561319653451",10,"8,670546775711365","-0,004933579176855218","0,004933579176855218"
129298,Opel,Zafira,Diesel,Manual,Used,10500,"194,0",2013,"9,259130536145614",9,"9,222196100955598","0,036934435190016046","0,036934435190016046"
79500,Renault,Twingo,Gasoline,Manual,Used,5600,"73,0",2015,"8,630521876723241",7,"8,826880884523172","-0,19635900779993065","0,19635900779993065"
12,Volkswagen,Arteon,Gasoline,Automatic,Pre-registered,41290,"190,0",2021,"10,628375618880137",1,"10,509897396434303","0,11847822244583384","0,11847822244583384"
1297,Ford,Puma,Electric/Gasoline,Manual,Employee's car,23950,"155,0",2020,"10,083723602839061",2,"10,080042525317458","0,0036810775216036262","0,0036810775216036262"
58700,Volkswagen,up!,Gasoline,Manual,Used,7880,"60,0",2018,"8,972083182851925",4,"8,952092098467208","0,019991084384717084","0,019991084384717084"
192500,Volkswagen,Passat Variant,Diesel,Automatic,Used,11950,"150,0",2015,"9,388486557359657",7,"9,230891527246147","0,1575950301135105","0,1575950301135105"
51000,Volkswagen,up!,Gasoline,Manual,Used,6300,"75,0",2012,"8,748304912379623",10,"8,630650167387177","0,11765474499244633","0,11765474499244633"
114300,Volkswagen,Polo,Gasoline,Manual,Used,8450,"75,0",2015,"9,041921720351219",7,"8,755332258148698","0,2865894622025209","0,2865894622025209"
139000,Ford,C-Max,Gasoline,Manual,Used,5500,"125,0",2012,"8,612503371220562",10,"8,747023500038669","-0,1345201288181066","0,1345201288181066"
65200,Opel,Adam,Gasoline,Manual,Used,7445,"69,0",2015,"8,915297945118109",7,"8,809297010360389","0,10600093475771999","0,10600093475771999"
24000,Ford,B-Max,Gasoline,Automatic,Used,9590,"105,0",2013,"9,168476167877484",9,"9,308110849581238","-0,13963468170375393","0,13963468170375393"
15000,Opel,Adam,Gasoline,Manual,Used,11800,"69,0",2018,"9,375854810453756",4,"9,172577177222266","0,20327763323149028","0,20327763323149028"
78737,Volkswagen,Golf,Gasoline,Manual,Used,12000,"140,0",2013,"9,392661928770137",9,"9,173875457532318","0,21878647123781825","0,21878647123781825"
1000,Ford,Fiesta,Gasoline,Manual,Used,13150,"75,0",2020,"9,48417703760591",2,"9,469751225312113","0,01442581229379769","0,01442581229379769"
132000,Skoda,Fabia,Gasoline,Manual,Used,6700,"105,0",2013,"8,809862805379057",9,"8,93965942837036","-0,12979662299130368","0,12979662299130368"
169750,Opel,Zafira,Gasoline,Manual,Used,5600,"150,0",2012,"8,630521876723241",10,"8,771957082123139","-0,1414352053998975","0,1414352053998975"
116000,Skoda,Octavia,Gasoline,Automatic,Used,12900,"140,0",2014,"9,464982590349763",8,"9,29413870709131","0,17084388325845268","0,17084388325845268"
128000,Volkswagen,Passat,Diesel,Automatic,Used,11000,"177,0",2013,"9,305650551780507",9,"9,511132732212346","-0,2054821804318383","0,2054821804318383"
142000,Opel,Astra,Diesel,Manual,Used,6000,"110,0",2011,"8,699514748210191",11,"8,669575388499316","0,029939359710875024","0,029939359710875024"
85484,Volkswagen,Golf,Diesel,Manual,Used,14990,"110,0",2015,"9,615138591096644",7,"9,210095930345666","0,4050426607509774","0,4050426607509774"
5000,Opel,Insignia,Diesel,Manual,Used,32690,"170,0",2017,"10,394824499718256",5,"10,108678376531419","0,2861461231868372","0,2861461231868372"
222000,Opel,Insignia,Diesel,Manual,Used,4850,"160,0",2012,"8,48673398393153",10,"8,701854480103007","-0,21512049617147788","0,21512049617147788"
58044,Ford,Focus,Diesel,Manual,Used,14480,"120,0",2019,"9,580523665939708",3,"9,64517579878864","-0,06465213284893245","0,06465213284893245"
227336,Opel,Movano,Diesel,Manual,Used,6900,"125,0",2013,"8,83927669058535",9,"8,877364614903763","-0,0380879243184129","0,0380879243184129"
28700,Renault,Koleos,Diesel,Automatic,Used,24890,"177,0",2018,"10,122221395361638",4,"10,244653317857122","-0,12243192249548329","0,12243192249548329"
71406,Volkswagen,Touareg,Diesel,Manual,Used,33400,"262,0",2016,"10,416311178964792",6,"10,020042975247051","0,3962682037177405","0,3962682037177405"
9000,Volkswagen,Caddy,Diesel,Automatic,Demonstration,38990,"122,0",2021,"10,571060481976643",1,"10,472301415845381","0,09875906613126162","0,09875906613126162"
6522,Skoda,Octavia,Gasoline,Automatic,Demonstration,39790,"245,0",2021,"10,591370903420975",1,"10,576068322146478","0,015302581274497129","0,015302581274497129"
17828,Opel,Corsa,Gasoline,Manual,Used,11990,"90,0",2019,"9,39182824802156",3,"9,385719499969792","0,006108748051767421","0,006108748051767421"
183500,Skoda,Octavia,Diesel,Manual,Used,8250,"150,0",2014,"9,017968479328726",8,"9,139876929820725","-0,12190845049199872","0,12190845049199872"
96137,Ford,Focus,Diesel,Manual,Used,5780,"95,0",2012,"8,662158961666423",10,"8,825226290141162","-0,16306732847473882","0,16306732847473882"
68000,Renault,Megane,Gasoline,Manual,Used,7400,"116,0",2014,"8,909235279192261",8,"9,062717592655511","-0,15348231346325036","0,15348231346325036"
41688,Volkswagen,Golf,Gasoline,Automatic,Used,15440,"125,0",2017,"9,644716823578767",5,"9,709417161937091","-0,06470033835832467","0,06470033835832467"
66558,Ford,Focus,Others,Manual,Used,10880,"125,0",2013,"9,294681520409934",9,"9,12943328384715","0,16524823656278365","0,16524823656278365"
32900,Renault,ZOE,Electric,Automatic,Used,6250,"58,0",2014,"8,740336742730447",8,"8,851941111954169","-0,11160436922372163","0,11160436922372163"
78800,Opel,Corsa,Gasoline,Manual,Used,7750,"90,0",2017,"8,955448122347393",5,"9,11397189025414","-0,15852376790674683","0,15852376790674683"
80000,Renault,Wind,Gasoline,Manual,Used,5499,"101,0",2011,"8,612321536507814",11,"8,675364713801926","-0,06304317729411224","0,06304317729411224"
199990,Volkswagen,Passat Variant,Diesel,Manual,Used,9870,"150,0",2015,"9,197255132427527",7,"9,182730899028941","0,014524233398585551","0,014524233398585551"
185888,Volkswagen,Passat Variant,Diesel,Manual,Used,8490,"105,0",2013,"9,046644279305394",9,"8,796271373631624","0,25037290567376935","0,25037290567376935"
39136,Volkswagen,Arteon,Gasoline,Automatic,Used,36925,"280,0",2018,"10,51664410739958",4,"10,334126657123322","0,18251745027625788","0,18251745027625788"
50400,Volkswagen,up!,Gasoline,Manual,Used,5400,"60,0",2015,"8,594154232552366",7,"8,807407620919165","-0,2132533883667982","0,2132533883667982"
101777,Ford,Mondeo,Diesel,Automatic,Used,17450,"150,0",2018,"9,767094927630573",4,"9,802426748844443","-0,035331821213869574","0,035331821213869574"
22900,Ford,Fiesta,Gasoline,Manual,Demonstration,12348,"86,0",2019,"9,42124938562205",3,"9,429344967594005","-0,008095581971955923","0,008095581971955923"
39092,Skoda,Citigo,Gasoline,Manual,Used,6980,"60,0",2016,"8,850804195756417",6,"8,895228489518674","-0,04442429376225654","0,04442429376225654"
96000,Volkswagen,up!,Gasoline,Manual,Used,4990,"60,0",2013,"8,515191188745565",9,"8,642100827887603","-0,12690963914203834","0,12690963914203834"
137700,Renault,Laguna,Diesel,Manual,Used,7700,"150,0",2011,"8,948975607841776",11,"9,148974176156882","-0,19999856831510598","0,19999856831510598"
23500,Volkswagen,Polo,Gasoline,Manual,Used,14995,"95,0",2019,"9,61547209118311",3,"9,480656253155635","0,13481583802747465","0,13481583802747465"
15563,Volkswagen,Golf,Gasoline,Manual,Used,21790,"150,0",2019,"9,989206427938665",3,"9,994397201876998","-0,005190773938332782","0,005190773938332782"
16144,Opel,Corsa,Gasoline,Manual,Used,12000,"90,0",2019,"9,392661928770137",3,"9,38599834638068","0,00666358238945719","0,00666358238945719"
22792,Ford,Fiesta,Gasoline,Manual,Used,9290,"71,0",2019,"9,136693831807884",3,"9,15931933612151","-0,0226255043136252","0,0226255043136252"
8000,Volkswagen,Golf,Gasoline,Manual,Used,26900,"131,0",2020,"10,19988156558993",2,"9,959747990311747","0,24013357527818258","0,24013357527818258"
16170,Skoda,Citigo,Gasoline,Manual,Used,7870,"60,0",2017,"8,970813341411448",5,"9,037938575356717","-0,06712523394526926","0,06712523394526926"
59883,Ford,Mondeo,Electric/Gasoline,Manual,Used,19490,"140,0",2019,"9,877656792501606",3,"9,661539380189886","0,21611741231171955","0,21611741231171955"
5,Opel,Corsa,Gasoline,Automatic,Pre-registered,18970,"131,0",2020,"9,85061406292906",2,"10,03310584431269","-0,18249178138363042","0,18249178138363042"
209256,Ford,S-Max,Gasoline,Automatic,Used,7400,"239,0",2012,"8,909235279192261",10,"9,257106763670636","-0,34787148447837524","0,34787148447837524"
18500,Ford,Mondeo,Electric/Gasoline,Automatic,Used,23980,"140,0",2019,"10,084975428581505",3,"10,060804437926498","0,02417099065500672","0,02417099065500672"
24000,Ford,C-Max,Gasoline,Manual,Used,16990,"125,0",2019,"9,740380214665977",3,"9,723775187403195","0,016605027262782457","0,016605027262782457"
20861,Ford,C-Max,Gasoline,Manual,Used,8699,"125,0",2012,"9,07096335550754",10,"9,150664770877423","-0,07970141536988251","0,07970141536988251"
28900,Renault,Clio,Gasoline,Manual,Used,8700,"90,0",2017,"9,071078304642676",5,"9,245781221283398","-0,17470291664072235","0,17470291664072235"
98130,Volkswagen,Golf Variant,Gasoline,Manual,Used,11980,"125,0",2016,"9,39099387166944",6,"9,294487797358148","0,09650607431129288","0,09650607431129288"
43600,Opel,Astra,Gasoline,Automatic,Used,11990,"105,0",2017,"9,39182824802156",5,"9,532433823156884","-0,140605575135325","0,140605575135325"
178611,Ford,Grand C-Max,Diesel,Automatic,Used,8280,"170,0",2016,"9,021598247379305",6,"9,129929071454574","-0,10833082407526895","0,10833082407526895"
214477,Volkswagen,T5 Multivan,Diesel,Manual,Used,22777,"114,0",2013,"10,033506533859862",9,"9,151122446553213","0,8823840873066491","0,8823840873066491"
18300,Ford,Fiesta,Gasoline,Manual,Used,8900,"71,0",2018,"9,093806555720231",4,"9,143135007735616","-0,04932845201538427","0,04932845201538427"
130001,Ford,C-Max,Gasoline,Manual,Used,7990,"125,0",2014,"8,98594603876032",8,"8,998531285170182","-0,012585246409862805","0,012585246409862805"
25,Ford,Mondeo,Diesel,Automatic,Pre-registered,27590,"190,0",2021,"10,225208667211332",1,"10,460857639665948","-0,2356489724546158","0,2356489724546158"
67000,Renault,Megane,Gasoline,Manual,Used,6700,"116,0",2013,"8,809862805379057",9,"8,960124399048274","-0,15026159366921732","0,15026159366921732"
37200,Renault,Clio,Gasoline,Manual,Used,4985,"75,0",2013,"8,514188682395938",9,"8,72297695638064","-0,2087882739847018","0,2087882739847018"
21400,Skoda,Yeti,Gasoline,Manual,Used,13998,"110,0",2015,"9,546669741249485",7,"9,38758227865941","0,15908746259007422","0,15908746259007422"
97000,Volkswagen,Golf,Gasoline,Manual,Used,6500,"86,0",2011,"8,779557455883728",11,"8,739656980342794","0,03990047554093401","0,03990047554093401"
8900,Volkswagen,Tiguan,Gasoline,Automatic,Used,30990,"150,0",2020,"10,341419850781794",2,"10,197551352775722","0,14386849800607138","0,14386849800607138"
87480,Volkswagen,Polo,Gasoline,Manual,Used,9630,"60,0",2017,"9,172638504792172",5,"8,809818344506173","0,36282016028599884","0,36282016028599884"
228335,Opel,Mokka X,Diesel,Automatic,Used,10680,"136,0",2018,"9,276128112514186",4,"9,16801867914441","0,1081094333697763","0,1081094333697763"
148000,Ford,Fiesta,Gasoline,Manual,Used,4900,"82,0",2011,"8,496990484098719",11,"8,601836260352515","-0,10484577625379643","0,10484577625379643"
17790,Opel,Corsa,Gasoline,Manual,Used,12370,"90,0",2019,"9,423029465386534",3,"9,385719499969792","0,037309965416742585","0,037309965416742585"
24689,Opel,Grandland X,Gasoline,Automatic,Used,21450,"131,0",2018,"9,973479924356162",4,"9,79748281382572","0,1759971105304423","0,1759971105304423"
114005,Opel,Astra,Diesel,Manual,Used,7250,"136,0",2015,"8,88875674784872",7,"9,189095745861788","-0,30033899801306774","0,30033899801306774"
7523,Opel,Astra,Gasoline,Automatic,Demonstration,31190,"145,0",2020,"10,347852809601848",2,"10,075982855196234","0,2718699544056147","0,2718699544056147"
23500,Volkswagen,Beetle,Gasoline,Manual,Used,14250,"105,0",2015,"9,564512185696797",7,"9,37038652475222","0,19412566094457695","0,19412566094457695"
73003,Opel,Astra,Diesel,Manual,Used,10450,"95,0",2017,"9,254357257392957",5,"9,212337566719745","0,04201969067321265","0,04201969067321265"
218000,Skoda,Fabia,Diesel,Manual,Used,5700,"90,0",2016,"8,648221453822641",6,"8,81076529685914","-0,16254384303649871","0,16254384303649871"
41200,Volkswagen,Golf,Gasoline,Manual,Used,10980,"86,0",2014,"9,30383071506352",8,"9,031103906042883","0,2727268090206376","0,2727268090206376"
45536,Skoda,Fabia,Gasoline,Manual,Used,12666,"95,0",2017,"9,446676517076376",5,"9,26239157403692","0,1842849430394562","0,1842849430394562"
182150,Volkswagen,Golf,Gasoline,Manual,Used,8980,"140,0",2014,"9,102755161296246",8,"8,8639852477911","0,23876991350514665","0,23876991350514665"
49500,Volkswagen,up!,Gasoline,Manual,Used,6400,"60,0",2016,"8,764053269347762",6,"8,874126077273512","-0,11007280792575003","0,11007280792575003"
19000,Opel,Corsa,Gasoline,Manual,Used,9949,"69,0",2019,"9,20522732258936",3,"9,197487838475292","0,007739484114068773","0,007739484114068773"
14625,Volkswagen,Golf Variant,Gasoline,Automatic,Employee's car,29999,"150,0",2020,"10,308919326755392",2,"10,159435253319865","0,14948407343552716","0,14948407343552716"
6844,Volkswagen,Touran,Diesel,Automatic,Used,28725,"116,0",2020,"10,265523102716957",2,"10,174723951180784","0,09079915153617257","0,09079915153617257"
72000,Renault,Twingo,Gasoline,Manual,Used,5400,"71,0",2015,"8,594154232552366",7,"8,727315490558349","-0,13316125800598222","0,13316125800598222"
83500,Volkswagen,Polo,Gasoline,Manual,Used,7190,"90,0",2013,"8,880446450715093",9,"8,835926400887535","0,04452004982755753","0,04452004982755753"
49000,Ford,Transit,Diesel,Manual,Used,27900,"125,0",2014,"10,236381967809457",8,"9,43830494979895","0,7980770180105079","0,7980770180105079"
100000,Ford,Fiesta,Gasoline,Manual,Used,4990,"60,0",2012,"8,515191188745565",10,"8,585160206300902","-0,06996901755533713","0,06996901755533713"
60000,Ford,EcoSport,Gasoline,Manual,Used,14449,"125,0",2019,"9,57838048699361",3,"9,605086423593603","-0,026705936599991986","0,026705936599991986"
150000,Opel,Meriva,Diesel,Manual,Used,5990,"110,0",2014,"8,697846691109495",8,"8,927015357865477","-0,22916866675598158","0,22916866675598158"
11943,Ford,Focus,Gasoline,Manual,Used,16986,"125,0",2019,"9,740144754339955",3,"9,777399187937775","-0,03725443359781977","0,03725443359781977"
152433,Volkswagen,Passat Variant,Gasoline,Automatic,Used,12280,"150,0",2015,"9,415727201701133",7,"9,267237008599679","0,14849019310145373","0,14849019310145373"
16290,Volkswagen,Tiguan,Diesel,Automatic,Employee's car,33430,"150,0",2020,"10,417208979414145",2,"10,259646465332603","0,1575625140815422","0,1575625140815422"
